"code";"pairCode";"filteringProperty:Farba";"filteringProperty:Stupeň krytia IP";"filteringProperty:Vypínač"
"AT_P10X1";"";"biela";"IP20";"Nie"
"AT_EMO1902350200";"";"čierna";"IP20";"Áno"
"AT_SPR-2KZAE13144";"";"sivá";"IP20";""
"AT_EMO1901211000";"";"čierna";"IP44";"Nie"
"AT_EMO1901213000";"";"čierna";"IP44";"Nie"
"AT_EMO1902051000";"";"biela";"IP20";"Nie"
"AT_EMO1902140200";"";"biela";"IP20";"Áno"
"AT_EMO1901210301";"";"čierna";"IP20";"Nie"
"AT_EMO1902230200";"";"čierna";"IP20";"Nie"
"AT_EMO1902330200";"";"čierna";"IP20";"Áno"
"AT_EMO1902830300";"";"zelená";"IP20";"Áno"
"AT_EMO1908245012";"";"čierna";"IP44";""
"AT_ATO-1901611000";"";"modrá";"IP44";""
"AT_ATO-1902020142";"";"biela";"IP20";"Nie"
"AT_EMO1902030701";"";"biela";"IP20";"Nie"
"AT_EMO1902040303";"";"biela";"IP20";"Nie"
"AT_ATO-OR-AE-13296/3M";"";"čierna";"IP44";""
"AT_ATO-OR-AE-13297/5M";"";"čierna";"IP44";""
"AT_FAM-13386";"";"";"IP66-67";""
"AT_FAM-13383";"";"";"IP66-67";""
"AT_EMO1901811005";"";"oranžová";"IP20";""
"AT_P3X6";"";"biela";"IP20";"Nie"
"AT_P10X3V";"";"biela";"IP20";"Áno"
"AT_P7X4V";"";"biela";"IP20";"Áno"
"AT_P3X5V";"";"biela";"IP20";"Áno"
"AT_P3X6V";"";"biela";"IP20";"Áno"
"AT_EMO1907010010";"";"";"IP20";""
"AT_EMO1908432500";"";"čierna";"IP44";"Nie"
"AT_EMO1908042512";"";"červená";"IP20";"Áno"
"AT_EMO1905030030";"";"biela";"IP20";"Nie"
"AT_EMO1905030040";"";"biela";"IP20";"Nie"
"AT_EMO1905110000";"";"biela";"IP20";"Áno"
"AT_EMO1905130000";"";"biela";"IP20";"Áno"
"AT_EMO1907010020";"";"";"IP20";""
"AT_EMO1902230160";"";"čierna";"IP20";"Nie"
"AT_EMO1908242503";"";"čierna";"IP44";"Nie"
"AT_EMO1908245003";"";"čierna";"IP44";"Nie"
"AT_ATO-23236";"";"";"IP44-54";""
"AT_ATO-OR-AE-13292/50M";"";"čierna";"IP20";""
"AT_ATO-OR-AE-13291/25M";"";"čierna";"IP20";""
"AT_EMO1902210150";"";"biela";"IP20";"Nie"
"AT_EMO1902210300";"";"biela";"IP20";"Nie"
"AT_SPR-2KZGM9009BG";"";"strieborná";"IP20";""
"AT_FAM-13300";"";"";"IP44-54";""
"AT_FAM-23200";"";"";"IP44-54";""
"AT_FAM-13373";"";"";"IP44-54";""
"AT_FAM-14351";"";"";"IP67";""
"AT_EMO1905120004";"";"biela";"IP20";"Nie"
"AT_ATO-1908742500";"";"modrá";"IP44";""
"AT_ATO-1908745000";"";"modrá";"IP44";""
"AT_EMO1903140001";"";"biela";"IP20";"Áno"
"AT_FAM-24300";"";"";"IP66-67";""
"AT_FAM-24305";"";"";"IP66-67";""
"AT_OR-FS-6";"";"strieborná";"IP20";""
"AT_NED-WIFIPS10WT";"";"Biela ( neutrální design vhodný do jakéhokoliv prostředí )";"";""
"AT_FAM-13382";"";"";"IP66-67";""
"AT_FAM-13631";"";"";"IP44-54";""
"AT_SPR-2KZAE13138";"";"čierna";"IP44";""
"AT_EMO1950010206";"";"biela";"IP44";""
"AT_EMO1902010300";"";"biela";"IP20";"Nie"
"AT_EMO1902250200";"";"čierna";"IP20";"Nie"
"AT_FAM-13200";"";"";"IP44-54";""
"AT_FAM-13302";"";"";"IP44-54";""
"AT_FAM-13303";"";"";"IP44-54";""
"AT_FAM-14200";"";"";"IP66-67";""
"AT_FAM-24200";"";"";"IP66-67";""
"AT_FAM-24203";"";"";"IP66-67";""
"AT_FAM-24230";"";"";"IP66-67";""
"AT_FAM-24290";"";"";"IP66-67";""
"AT_FAM-24391";"";"";"IP66-67";""
"AT_FAM-24392";"";"";"IP66-67";""
"AT_FAM-24393";"";"";"IP66-67";""
"AT_FAM-25110";"";"";"IP67";""
"AT_FAM-13960";"";"sivo-modrá";"IP67";""
"AT_FAM-23270";"";"";"IP44-54";""
"AT_FAM-23273";"";"";"IP44-54";""
"AT_FAM-13253";"";"";"IP44";""
"AT_FAM-23292";"";"";"IP44-54";""
"AT_FAM-23330";"";"";"IP44-54";""
"AT_FAM-14253";"";"";"IP67";""
"AT_FAM-13301";"";"";"IP44-54";""
"AT_FAM-24338";"";"";"IP66-67";""
"AT_FAM-13950";"";"modrá";"";""
"AT_FAM-24333";"";"";"IP66-67";""
"AT_FAM-14300";"";"";"IP66-67";""
"AT_FAM-24307";"";"";"IP66-67";""
"AT_FAM-24390";"";"";"IP66-67";""
"AT_EMO1901210500";"";"čierna";"IP20";"Nie"
"AT_ATO-13316";"";"";"IP66-67";""
"AT_ATO-13317";"";"";"IP66-67";""
"AT_ATO-13318";"";"";"IP44-54";""
"AT_ATO-13320";"";"";"IP44-54";""
"AT_ATO-13322";"";"";"IP44-54";""
"AT_EMO1906010502";"";"biela (lesk)";"IP20";""
"AT_ATO-1905020030";"";"biela-sivá";"IP20";"Nie"
"AT_ATO-1905010005";"";"biela";"IP20";"Nie"
"AT_EMO1906010514";"";"antracit";"IP20";""
"AT_ATO-13321";"";"";"IP44-54";""
"AT_ATO-13325";"";"";"IP66-67";""
"AT_EMO1902130155";"";"biela";"IP20";"Áno"
"AT_EMO1908545000";"";"čierna";"IP44";"Nie"
"AT_ATO-1916055520";"";"biela-tmavě sivá";"IP20";"Nie"
"AT_EMO1906010511";"";"biela (lesk)";"IP20";""
"AT_EMO1914031300";"";"čierna";"IP65";"Nie"
"AT_EMO1908045020";"";"červená";"IP20";"Áno"
"AT_EMO1905110001";"";"čierna";"IP44";"Nie"
"AT_EMO1950010205";"";"biela";"IP54";""
"AT_EMO1905040001";"";"biela";"IP20";"Nie"
"AT_EMO1902340501";"";"čierna-červená";"IP44";"Áno"
"AT_ATO-79285-83";"";"sivá";"IP66";""
"AT_FAM-24396";"";"";"IP66-67";""
"AT_FAM-31021";"";"";"IP67";""
"AT_FAM-14307";"";"";"IP66-67";""
"AT_FAM-23301";"";"";"IP44-54";""
"AT_FAM-23331";"";"";"IP44-54";""
"AT_FAM-24331";"";"";"IP66-67";""
"AT_FAM-24306";"";"";"IP66-67";""
"AT_FAM-24330";"";"";"IP66-67";""
"AT_FAM-24334";"";"";"IP66-67";""
"AT_FAM-13372";"";"";"IP44-54";""
"AT_EMO1902150309";"";"biela";"IP20";"Áno"
"AT_EMO1914031100";"";"čierna";"IP65";"Nie"
"AT_EMO1914031150";"";"čierna";"IP65";"Nie"
"AT_EMO1914031200";"";"čierna";"IP65";"Nie"
"AT_ATO-1905030070";"";"biela";"IP20";"Nie"
"AT_EMO1902010500";"";"čierna";"IP44";"Nie"
"AT_EMO1903060001";"";"biela";"IP20";"Nie"
"AT_LEC-URZ3202-5";"";"biela";"";""
"AT_ATO-24M333";"";"";"IP66-67";""
"AT_ATO-OR-AE-13301/50M";"";"čierna";"IP20";""
"AT_EMO1908142500";"";"červená";"IP20";"Nie"
"AT_EMO1903040002";"";"biela";"IP20";"Nie"
"AT_EMO1903130001";"";"biela";"IP20";"Áno"
"AT_ATO-1902020300";"";"biela";"IP20";"Nie"
"AT_EMO1901210150";"";"čierna";"IP20";"Nie"
"AT_EMO1908012501";"";"červená";"IP20";"Nie"
"AT_EMO1908141500";"";"červená";"IP20";"Nie"
"AT_P7X1";"";"biela";"IP20";"Nie"
"AT_P3X3B";"";"čierna";"IP20";"Nie"
"AT_FAM-24332";"";"";"IP66-67";""
"AT_FAM-15008";"";"";"IP54";""
"AT_FAM-15009";"";"";"IP54";""
"AT_FAM-16004";"";"";"IP67";""
"AT_FAM-23353";"";"";"IP44";""
"AT_EMO1950730429";"";"sivá";"IP55";"Nie"
"AT_ORPS-3/B/1,5M";"";"čierna";"IP20";""
"AT_ATO-1902020141";"";"biela";"IP20";"Nie"
"AT_ATO-23238L";"";"";"IP44-54";""
"AT_FAM-24374";"";"";"IP66-67";""
"AT_FAM-24397";"";"";"IP66-67";""
"AT_FAM-14305";"";"";"IP66-67";""
"AT_FAM-14306";"";"";"IP66-67";""
"AT_FAM-23303";"";"";"IP44-54";""
"AT_FAM-23333";"";"";"IP44-54";""
"AT_ATO-1905030080";"";"biela";"IP20";"Nie"
"AT_ATO-1902010150";"";"biela";"IP20";"Nie"
"AT_ATO-13661";"";"";"IP44-54";""
"AT_ATO-13763";"";"";"IP44-54";""
"AT_ABT-A500000741";"";"čierna";"";""
"AT_EMO1906010503";"";"biela (lesk)";"IP20";""
"AT_EMO1901010504";"";"biela";"IP20";"Nie"
"AT_FAM-24606-FR";"";"";"IP66-67";""
"AT_FAM-23290";"";"";"IP44-54";""
"AT_FAM-24233";"";"";"IP66-67";""
"AT_FAM-24626-FR";"";"";"IP66-67";""
"AT_FAM-13378";"";"";"IP54";""
"AT_FAM-23606-FR";"";"";"IP44-54";""
"AT_FAM-23626-FR";"";"";"IP44-54";""
"AT_FAM-13351";"";"";"IP44";""
"AT_FAM-13353";"";"biela";"IP44";""
"AT_FAM-15006";"";"";"IP54";""
"AT_FAM-23351";"";"";"IP44";""
"AT_FAM-13313";"";"";"IP44";""
"AT_ATO-1902330153";"";"čierna";"IP20";"Áno"
"AT_P5X6V";"";"biela";"IP20";"Áno"
"AT_P2X1";"";"biela";"IP20";"Nie"
"AT_P3X1";"";"biela";"IP20";"Nie"
"AT_P5X1";"";"biela";"IP20";"Nie"
"AT_ATO-1908141001";"";"čierna";"IP20";""
"AT_FAM-13912";"";"";"IP20";""
"AT_FAM-139601";"";"sivo-modrá";"IP68";""
"AT_FAM-14302";"";"";"IP66-67";""
"AT_FAM-14203";"";"";"IP66-67";""
"AT_FAM-23302";"";"";"IP44-54";""
"AT_FAM-13250";"";"";"IP44";""
"AT_FAM-23332";"";"";"IP44-54";""
"AT_FAM-24301";"";"";"IP66-67";""
"AT_FAM-24303";"";"";"IP66-67";""
"AT_FAM-24371";"";"";"IP66-67";""
"AT_FAM-24373";"";"";"IP66-67";""
"AT_FAM-25113";"";"";"IP67";""
"AT_FAM-23373";"";"";"IP44-54";""
"AT_FAM-23391";"";"";"IP44-54";""
"AT_ATO-OR-AE-13296/5M";"";"čierna";"IP44";""
"AT_ATO-OR-AE-13295/5M";"";"čierna";"IP44";""
"AT_P2X3";"";"biela";"IP20";"Nie"
"AT_P2X4";"";"biela";"IP20";"Nie"
"AT_P5X4";"";"biela";"IP20";"Nie"
"AT_P15X3V";"";"čierna";"IP20";"Áno"
"AT_ATO-OR-AE-13295/3M";"";"čierna";"IP44";""
"AT_ATO-OR-AE-13297/3M";"";"čierna";"IP44";""
"AT_ATO-OR-AE-13299/5M";"";"čierna";"IP44";""
"AT_ATO-OR-AE-13299/10M";"";"čierna";"IP44";""
"AT_ATO-OR-AE-13293/20M";"";"čierna";"IP44";""
"AT_FAM-23371";"";"";"IP44-54";""
"AT_EMO1905030023";"";"biela";"IP20";"Nie"
"AT_EMO1902210500";"";"biela";"IP20";"Nie"
"AT_EMO1902340301";"";"čierna-červená";"IP44";"Áno"
"AT_EMO1907010054";"";"";"IP44";""
"AT_EMO3108160200";"";"biela";"IP20";"Nie"
"AT_EMO1902341000";"";"čierna-červená";"IP44";"Áno"
"AT_EMO1903030002";"";"biela";"IP20";"Nie"
"AT_EMO1902130701";"";"biela";"IP20";"Áno"
"AT_EMO1922040191";"";"biela";"";"Nie"
"AT_ATO-OR-GM-9049/G";"";"";"IP20";""
"AT_P15X3";"";"biela";"IP20";"Nie"
"AT_P5X4B";"";"čierna";"IP20";"Nie"
"AT_EMO1908542500";"";"čierna";"IP44";"Nie"
"AT_P15X5";"";"biela";"IP20";"Nie"
"AT_P2X5";"";"biela";"IP20";"Nie"
"AT_P3X5";"";"biela";"IP20";"Nie"
"AT_ATO-13319";"";"";"IP44-54";""
"AT_ATO-13323";"";"";"IP44-54";""
"AT_ATO-1907110040";"";"";"IP44";""
"AT_EMO1905110002";"";"čierna";"IP44";"Áno"
"AT_EMO1908442500";"";"čierna";"IP44";"Nie"
"AT_EMO1908445000";"";"čierna";"IP44";"Nie"
"AT_EMO1908544000";"";"čierna";"IP44";"Nie"
"AT_P3X3";"";"biela";"IP20";"Nie"
"AT_P5X3";"";"biela";"IP20";"Nie"
"AT_P15X4";"";"biela";"IP20";"Nie"
"AT_P2X3V";"";"biela";"IP20";"Áno"
"AT_P3X3V";"";"biela";"IP20";"Áno"
"AT_P5X3V";"";"biela";"IP20";"Áno"
"AT_P7X3V";"";"biela";"IP20";"Áno"
"AT_EMO1903050002";"";"biela";"IP20";"Nie"
"AT_EMO1903150002";"";"biela";"IP20";"Áno"
"AT_EMO1902041002";"";"biela";"IP20";"Nie"
"AT_EMO1902140301";"";"biela";"IP20";"Áno"
"AT_EMO1901021001";"";"čierna";"IP44";"Nie"
"AT_EMO1901021500";"";"čierna";"IP44";"Nie"
"AT_EMO1901022001";"";"čierna";"IP44";"Nie"
"AT_EMO1901011003";"";"čierna";"IP44";"Nie"
"AT_FAM-9339";"";"žltá";"IP44-54";""
"AT_ATO-1905020020";"";"biela";"IP20";"Nie"
"AT_ATO-WIFIP313EWT";"";"biela";"IP20";""
"AT_SPR-2KZAE13144L";"";"zelená";"IP20";""
"AT_ATO-OR-AE-13192/5M";"";"čierna";"IP44";""
"AT_OR-AE-13162/B/1,5M";"";"čierna";"IP20";""
"AT_EMO1902150701";"";"biela";"IP20";"Áno"
"AT_EMO1902040701";"";"biela";"IP20";"Nie"
"AT_EMO1902141001";"";"biela";"IP20";"Áno"
"AT_EMO1901010701";"";"biela";"IP20";"Nie"
"AT_EMO1902040505";"";"biela";"IP20";"Nie"
"AT_EMO1901012016";"";"oranžová";"IP20";""
"AT_ATO-23M233";"";"";"IP44-54";""
"AT_ATO-23M330";"";"";"IP44-54";""
"AT_ATO-23M332";"";"";"IP44-54";""
"AT_P5X5";"";"biela";"IP20";"Nie"
"AT_P5X5V";"";"biela";"IP20";"Áno"
"AT_P7X5V";"";"biela";"IP20";"Áno"
"AT_P10X5V";"";"biela";"IP20";"Áno"
"AT_EMO1907110010";"";"";"IP20";""
"AT_EMO1908142001";"";"červená";"IP20";"Nie"
"AT_EMO1908042501";"";"červená";"IP20";"Nie"
"AT_EMO1908045001";"";"červená";"IP20";"Nie"
"AT_ATO-23M236";"";"";"IP44-54";""
"AT_ATO-23237";"";"";"IP66-67";""
"AT_ATO-23M331";"";"";"IP44-54";""
"AT_ATO-24M230";"";"";"IP66-67";""
"AT_EMO1908143001";"";"červená";"IP20";"Nie"
"AT_P3X4";"";"biela";"IP20";"Nie"
"AT_P7X4";"";"biela";"IP20";"Nie"
"AT_P2X6";"";"biela";"IP20";"Nie"
"AT_P5X6";"";"biela";"IP20";"Nie"
"AT_P5X4V";"";"biela";"IP20";"Áno"
"AT_P10X4V";"";"biela";"IP20";"Áno"
"AT_EMO1906010000";"";"biela";"IP20";"Nie"
"AT_ATO-1902120200";"";"biela, sivá";"IP20";"Nie"
"AT_ATO-OR-AE-13313/40M";"";"čierna";"IP44";""
"AT_ATO-OR-GM-9048/B";"";"";"IP20";""
"AT_ATO-23M333";"";"";"IP44-54";""
"AT_ATO-24M330";"";"";"IP66-67";""
"AT_ATO-24M331";"";"";"IP66-67";""
"AT_ATO-24M332";"";"";"IP66-67";""
"AT_ATO-1902020201";"";"biela";"IP20";"Nie"
"AT_ATO-1902120201";"";"biela";"IP20";"Áno"
"AT_ATO-1902120300";"";"biela";"IP20";"Áno"
"AT_ATO-1905120040";"";"biela";"IP20";"Áno"
"AT_EMO1902330500";"";"čierna";"IP20";"Áno"
"AT_EMO1902340500";"";"čierna";"IP20";"Áno"
"AT_EMO1901013000";"";"oranžová";"IP20";"Nie"
"AT_EMO1901014000";"";"oranžová";"IP20";"Nie"
"AT_EMO1902340300";"";"čierna";"IP20";"Áno"
"AT_EMO1902031008";"";"biela";"IP20";"Nie"
"AT_EMO1902051008";"";"biela";"IP20";"Nie"
"AT_EMO3104139700";"";"sivo-čierna";"IP54";""
"AT_ATO-1910000900";"";"biela";"";""
"AT_EMO1902230500";"";"čierna";"IP20";"Nie"
"AT_EMO1902250300";"";"čierna";"IP20";"Nie"
"AT_ATO-OR-AE-13294/40M";"";"čierna";"IP44";""
"AT_FAM-31023";"";"oranžová";"IP67";""
"AT_FAM-13954F";"";"modrá";"IP54";""
"AT_FAM-14304";"";"";"IP66-67";""
"AT_FAM-14301";"";"";"IP66-67";""
"AT_FAM-13371";"";"";"IP44-54";""
"AT_FAM-14353";"";"";"IP67";""
"AT_FAM-24302";"";"";"IP66-67";""
"AT_FAM-23370";"";"";"IP44-54";""
"AT_FAM-13352";"";"";"IP44";""
"AT_EMO1902041000";"";"biela";"IP20";"Nie"
"AT_EMO1908015001";"";"červená";"IP20";"Nie"
"AT_ATO-13663";"";"";"IP44-54";""
"AT_EMO1905130003";"";"biela";"IP20";"Áno"
"AT_ATO-13761";"";"";"IP44-54";""
"AT_ATO-1902130207";"";"biela, sivá";"IP20";"Áno"
"AT_ATO-14354";"";"";"IP67";""
"AT_ATO-15001";"";"";"IP54";""
"AT_EMO1950730421";"";"sivá";"IP55";""
"AT_EMO1905030050";"";"čierna";"IP20";"Nie"
"AT_EMO1901022500";"";"čierna";"IP44";"Nie"
"AT_EMO1902140701";"";"biela";"IP20";"Áno"
"AT_ATO-1902940203";"";"biela-čierna";"IP20";"Áno"
"AT_ATO-OR-AE-13301/30M";"";"čierna";"IP20";""
"AT_ATO-1908842500";"";"čierna";"IP44";""
"AT_FAM-13953";"";"modrá";"IP54";""
"AT_FAM-14250";"";"";"IP67";""
"AT_FAM-23233";"";"";"IP44-54";""
"AT_FAM-13311";"";"";"IP44";""
"AT_EMO1908242514";"";"čierna";"IP44";""
"AT_EMO1908042510";"";"neuvádí se";"IP20";"Nie"
"AT_EMO1908045010";"";"neuvádí se";"IP20";"Nie"
"AT_ATO-13200L";"";"";"IP44-54";""
"AT_FAM-13922FR";"";"čierna-modrá-červená";"IP54";""
"AT_FAM-23230";"";"";"IP44-54";""
"AT_ATO-1901012000";"";"oranžová";"IP20";""
"AT_ATO-TA-1";"";"čierna";"";""
"AT_ATO-13324";"";"";"IP66-67";""
"AT_EMO3104139711";"";"sivo-čierna";"IP44";""
"AT_ABT-A500000740";"";"biela";"";""
"AT_ABT-A500000736";"";"čierna";"";""
"AT_ABT-A500000737";"";"biela";"";""
"AT_ABT-A500000738";"";"čierna";"";""
"AT_ABT-A500000739";"";"biela";"";""
"AT_EMO1906100020";"";"biela";"IP20";"Nie"
"AT_EMO1902350300";"";"čierna";"IP20";"Áno"
"AT_EMO1908242000";"";"čierna";"IP44";""
"AT_EMO1903160001";"";"biela";"IP20";"Áno"
"AT_ATO-1901612000";"";"modrá";"IP44";"Nie"
"AT_ELKO-HRN-100-2";"";"";"IP20 kryt a svorky / IP40 predný panel s krytem";""
"AT_EMO1910001000";"";"biela";"";""
"AT_EMO1910001100";"";"biela";"";""
"AT_EMO1902060501";"";"biela";"IP20";"Nie"
"AT_EMO1902160502";"";"biela";"IP20";"Áno"
"AT_OR-AE-13245/W/1,4M";"";"biela";"IP20";""
"AT_FAM-13385";"";"";"IP66-67";""
"AT_EMO1902030700";"";"biela";"IP20";"Nie"
"AT_EMO1902050700";"";"biela";"IP20";"Nie"
"AT_FAM-23372";"";"";"IP44-54";""
"AT_FAM-23393";"";"";"IP44-54";""
"AT_EMO1902140300";"";"biela";"IP20";"Áno"
"AT_EMO1902150200";"";"biela";"IP20";"Áno"
"AT_EMO1906100050";"";"biela";"IP20";"Nie"
"AT_EMO1907110020";"";"";"IP20";""
"AT_EMO1902050701";"";"biela";"IP20";"Nie"
"AT_EMO1902060301";"";"biela";"IP20";"Nie"
"AT_EMO1901011004";"";"biela";"IP20";"Nie"
"AT_ATO-1902010501";"";"biela";"IP20";"Nie"
"AT_ATO-OR-AE-13298/3M";"";"čierna";"IP44";""
"AT_ATO-OR-AE-13298/5M";"";"čierna";"IP44";""
"AT_FAM-16005";"";"";"IP67";""
"AT_FAM-24337";"";"";"IP66-67";""
"AT_FAM-24335";"";"";"IP66-67";""
"AT_EMO1950730420";"";"sivá";"IP55";""
"AT_ATO-23M237";"";"";"IP66-67";""
"AT_ATO-23M238L";"";"";"IP44-54";""
"SOL_PP145C";"";"biela";"IP20";"Áno"
"SOL_PP161";"";"biela";"IP20";"Áno"
"SOL_PB04";"";"oranžová";"IP20";"Nie"
"SOL_5e+61";"";"biela";"IP20";"Nie"
"SOL_P98";"";"čierna";"IP44";"Áno"
"SOL_PP143";"";"biela";"IP20";"Áno"
"SOL_P83";"";"biela";"IP20";"Nie"
"SOL_PP144";"";"biela";"IP20";"Áno"
"SOL_P99B";"";"čierna";"IP20";"Áno"
"SOL_P150";"";"červená";"IP44";"Nie"
"SOL_PB21B";"";"čierna";"IP20";"Nie"
"SOL_PP16";"";"biela";"IP20";"Áno"
"SOL_PS62-16A";"";"čierna";"IP44";"Nie"
"SOL_PZ11";"";"biela";"IP20";"Nie"
"SOL_PZ12";"";"biela";"IP20";"Áno"
"SOL_PB33";"";"čierna";"IP44";"Nie"
"SOL_PP34";"";"biela";"IP20";"Áno"
"SOL_PP334";"";"čierna";"IP20";"Áno"
"SOL_P50";"";"biela";"IP20";"Nie"
"SOL_PF50";"";"biela";"IP20";"Áno"
"SOL_P50B";"";"čierna";"IP20";"Nie"
"SOL_PS34";"";"čierna";"IP44";"Nie"
"SOL_P104";"";"biela";"IP20";"Nie"
"SOL_PB30";"";"čierna";"IP44";"Nie"
"SOL_PB31";"";"čierna";"IP44";"Nie"
"SOL_PP322";"";"čierna";"IP20";"Nie"
"SOL_PF60";"";"čierna";"IP44";"Nie"
"SOL_P105";"";"biela";"IP20";"Áno"
"SOL_P106";"";"biela";"IP20";"Áno"
"SOL_PP12X";"";"biela";"";""
"SOL_P56";"";"biela";"IP20";"Nie"
"SOL_PF-S";"";"biela";"IP20";"Áno"
"SOL_P102";"";"biela";"IP20";"Áno"
"SOL_PF30";"";"čierna";"IP44";"Nie"
"SOL_P96";"";"biela";"IP20";"Áno"
"SOL_P76";"";"čierna";"IP44";"Nie"
"SOL_P84";"";"biela";"IP20";"Áno"
"SOL_P101";"";"biela";"IP20";"Nie"
"SOL_P78";"";"čierna";"IP65+";"Nie"
"SOL_P99";"";"biela";"IP20";"Áno"
"SOL_P100";"";"biela";"IP20";"Nie"
"SOL_P153";"";"červená";"IP44";"Nie"
"SOL_PS16O";"";"oranžová";"IP20";"Nie"
"SOL_PZ13";"";"biela";"IP20";"Nie"
"SOL_PB34";"";"čierna";"IP44";"Nie"
"SOL_PP01";"";"biela";"IP20";"Nie"
"SOL_PS30";"";"čierna";"IP44";"Nie"
"SOL_PF51";"";"čierna";"IP20";"Áno"
"SOL_PB11O";"";"oranžová";"IP20";"Nie"
"SOL_PB40";"";"čierna";"IP44";"Nie"
"SOL_PP323";"";"čierna";"IP20";"Nie"
"SOL_PF61";"";"čierna";"IP44";"Nie"
"SOL_P61B";"";"čierna";"IP20";"Nie"
"SOL_PA03UKPD20";"";"biela";"";""
"SOL_P76A";"";"čierna";"IP44";"Nie"
"SOL_PF-SB";"";"čierna";"IP20";"Áno"
"SOL_PB11";"";"čierna";"IP20";"Nie"
"SOL_P52";"";"biela";"IP20";"Nie"
"SOL_P103";"";"biela";"IP20";"Áno"
"SOL_PP21";"";"biela";"IP20";"Nie"
"SOL_PF31";"";"čierna";"IP44";"Nie"
"SOL_PP141";"";"biela";"IP20";"Áno"
"SOL_P97";"";"biela";"IP20";"Áno"
"SOL_P77";"";"čierna";"IP44";"Nie"
"SOL_5e+54";"";"biela";"IP20";"Nie"
"SOL_PB23O";"";"oranžová";"IP20";"Nie"
"SOL_P79";"";"čierna";"IP65+";"Nie"
"SOL_P61";"";"biela";"IP20";"Nie"
"SOL_PS15O";"";"oranžová";"IP20";"Nie"
"SOL_PZ14";"";"biela";"IP20";"Áno"
"SOL_PB09";"";"čierna";"IP20";"Nie"
"SOL_PS31";"";"čierna";"IP44";"Nie"
"SOL_P94";"";"biela";"IP20";"Nie"
"SOL_PB12O";"";"oranžová";"IP20";"Nie"
"SOL_PP324";"";"čierna";"IP20";"Nie"
"SOL_PA03USAPD20";"";"biela";"";""
"SOL_PP32X";"";"biela";"";""
"SOL_PF32";"";"čierna";"IP44";"Nie"
"SOL_P151";"";"červená";"IP44";"Nie"
"SOL_PS62-32A";"";"čierna";"IP44";"Nie"
"SOL_PP03";"";"biela";"IP20";"Nie"
"SOL_PZ15";"";"biela";"IP20";"Nie"
"SOL_PB12";"";"čierna";"IP20";"Nie"
"SOL_PF18";"";"biela";"IP20";"Áno"
"SOL_P53";"";"biela";"IP20";"Nie"
"SOL_PP50";"";"biela";"IP20";"Áno"
"SOL_PS63-32A";"";"čierna";"IP44";"Nie"
"SOL_PZ16";"";"biela";"IP20";"Áno"
"SOL_PF33";"";"čierna";"IP44";"Nie"
"SOL_PS64-32A";"";"čierna";"IP44";"Nie"
"SOL_PP04";"";"biela";"IP20";"Nie"
"SOL_PB24B";"";"čierna";"IP20";"Nie"
"SOL_PZ17";"";"biela";"IP20";"Nie"
"SOL_PB21";"";"čierna";"IP20";"Nie"
"SOL_PP23";"";"biela";"IP20";"Nie"
"SOL_PF34";"";"čierna";"IP44";"Nie"
"SOL_PB24";"";"čierna";"IP20";"Nie"
"SOL_PZ18";"";"biela";"IP20";"Áno"
"SOL_PF35";"";"čierna";"IP44";"Nie"
"SOL_PP09";"";"čierna";"IP20";"Nie"
"SOL_PB25B";"";"sivá";"IP20";"Nie"
"SOL_PP73X";"";"biela";"";""
"SOL_PF20";"";"biela";"IP20";"Nie"
"SOL_PF36";"";"čierna";"IP44";"Nie"
"SOL_PS08";"";"oranžová";"IP20";"Nie"
"SOL_PB25";"";"sivá";"IP20";"Nie"
"SOL_P100-PD20";"";"biela";"";""
"SOL_PS03X";"";"biela";"";""
"SOL_PF37";"";"čierna";"IP44";"Nie"
"SOL_PP11";"";"biela";"IP20";"Áno"
"SOL_PP42";"";"biela";"IP20";"Nie"
"SOL_PB25C";"";"sivá";"IP20";"Nie"
"SOL_P75B";"";"biela";"";""
"SOL_PS04X";"";"biela";"";""
"SOL_PF21";"";"biela";"IP20";"Nie"
"SOL_PP02";"";"biela";"IP20";"Nie"
"SOL_PF38";"";"čierna";"IP44";"Nie"
"SOL_PS09";"";"oranžová";"IP20";"Nie"
"SOL_P99B-PD20";"";"čierna";"";""
"SOL_P97-PD20";"";"biela";"";""
"SOL_PF39";"";"čierna";"IP44";"Nie"
"SOL_PP13";"";"biela";"IP20";"Áno"
"SOL_P107";"";"biela";"IP20";"Áno"
"SOL_P97B-PD20";"";"čierna";"";""
"SOL_PF01";"";"biela";"IP20";"Nie"
"SOL_PF22";"";"biela";"IP20";"Nie"
"SOL_PP60";"";"biela";"IP20";"Nie"
"SOL_P70";"";"biela";"IP20";"Nie"
"SOL_PS11";"";"oranžová";"IP20";"Nie"
"SOL_P108";"";"biela";"IP20";"Nie"
"SOL_PS35";"";"čierna";"";""
"SOL_PP22";"";"biela";"IP20";"Nie"
"SOL_PP51";"";"biela";"IP20";"Áno"
"SOL_P108B";"";"čierna";"IP20";"Nie"
"SOL_PP111PD20";"";"biela";"";""
"SOL_PS36";"";"čierna";"";""
"SOL_P112";"";"biela";"";""
"SOL_PF02";"";"biela";"IP20";"Nie"
"SOL_PP61";"";"biela";"IP20";"Nie"
"SOL_P74";"";"biela";"IP20";"Nie"
"SOL_PS15";"";"biela";"IP20";"Nie"
"SOL_P72";"";"biela";"IP20";"Nie"
"SOL_PP112PD20";"";"biela";"";""
"SOL_PS37";"";"čierna";"";""
"SOL_PP328";"";"čierna";"";""
"SOL_P112B";"";"čierna";"";""
"SOL_PP41";"";"biela";"IP20";"Nie"
"SOL_PP113PD20";"";"biela";"";""
"SOL_PP325";"";"čierna";"";""
"SOL_P112-PD20";"";"biela";"";""
"SOL_PF03";"";"biela";"IP20";"Nie"
"SOL_PP06";"";"biela";"IP20";"Nie"
"SOL_PP28";"";"čierna";"IP20";"Nie"
"SOL_PP62";"";"biela";"IP20";"Nie"
"SOL_PS16";"";"biela";"IP20";"Nie"
"SOL_P80";"";"biela";"IP20";"Nie"
"SOL_PP152PD20";"";"biela";"";""
"SOL_PP326";"";"čierna";"";""
"SOL_P112B-PD20";"";"čierna";"";""
"SOL_P73B";"";"čierna";"IP20";"Nie"
"SOL_PP43";"";"biela";"IP20";"Nie"
"SOL_PF04";"";"čierna";"IP20";"Nie"
"SOL_PP30";"";"biela";"IP20";"Áno"
"SOL_PP63";"";"biela";"IP20";"Nie"
"SOL_P81";"";"biela";"IP20";"Nie"
"SOL_PP52";"";"biela";"IP20";"Áno"
"SOL_PP08";"";"čierna";"IP20";"Nie"
"SOL_PP31";"";"biela";"IP20";"Áno"
"SOL_P82";"";"biela";"IP20";"Nie"
"SOL_PS12";"";"biela";"IP20";"Nie"
"SOL_P75";"";"biela";"IP20";"Nie"
"SOL_PP53";"";"biela";"IP20";"Áno"
"SOL_PS12O";"";"oranžová";"IP20";"Nie"
"SOL_PF41";"";"sivá";"IP20";"Nie"
"SOL_PP32";"";"biela";"IP20";"Áno"
"SOL_PP70";"";"biela";"IP20";"Áno"
"SOL_P90";"";"biela";"IP20";"Nie"
"SOL_PS20";"";"oranžová";"IP20";"Nie"
"SOL_PP05";"";"biela";"IP20";"Nie"
"SOL_PS02";"";"biela";"IP20";"Nie"
"SOL_PB43";"";"čierna";"IP44";"Nie"
"SOL_PS21";"";"oranžová";"IP20";"Nie"
"SOL_PF10";"";"biela";"IP20";"Nie"
"SOL_PP10";"";"biela";"IP20";"Áno"
"SOL_PP33";"";"biela";"IP20";"Áno"
"SOL_PS32";"";"čierna";"IP44";"Nie"
"SOL_P91";"";"biela";"IP20";"Nie"
"SOL_PS22";"";"oranžová";"IP20";"Nie"
"SOL_PP154C";"";"biela";"IP20";"Nie"
"SOL_PS03";"";"biela";"IP20";"Nie"
"SOL_P104B";"";"matná čierna";"";""
"SOL_PS23";"";"oranžová";"IP20";"Nie"
"SOL_PF11";"";"biela";"IP20";"Nie"
"SOL_PP332";"";"čierna";"IP20";"Áno"
"SOL_PP72";"";"biela";"IP20";"Áno"
"SOL_P92";"";"čierna";"IP20";"Nie"
"SOL_P105B";"";"matná čierna";"";""
"SOL_PS24";"";"oranžová";"IP20";"Nie"
"SOL_P57";"";"biela";"IP20";"Nie"
"SOL_PP155C-PD20";"";"biela";"IP20";"Nie"
"SOL_PS04";"";"biela";"IP20";"Nie"
"SOL_P106B";"";"matná čierna";"";""
"SOL_P57B";"";"čierna";"IP20";"Nie"
"SOL_P67";"";"čierna";"IP44";"Nie"
"SOL_PF12";"";"biela";"IP20";"Nie"
"SOL_PP12";"";"biela";"IP20";"Áno"
"SOL_PP333";"";"čierna";"IP20";"Áno"
"SOL_PP73";"";"biela";"IP20";"Áno"
"SOL_P58";"";"biela";"IP20";"Nie"
"SOL_P68";"";"čierna";"IP44";"Nie"
"SOL_P58B";"";"čierna";"IP20";"Nie"
"SOL_P69";"";"čierna";"IP44";"Nie"
"SOL_PB01";"";"čierna";"IP20";"Nie"
"SOL_PF13";"";"biela";"IP20";"Áno"
"SOL_PP40";"";"biela";"IP20";"Nie"
"SOL_PS01";"";"biela";"IP20";"Nie"
"SOL_PP71";"";"biela";"IP20";"Áno"
"SOL_P99USBC-PD20";"";"biela";"IP20";"Áno"
"SOL_PS07";"";"oranžová";"IP20";"Nie"
"SOL_PB02";"";"čierna";"IP20";"Nie"
"SOL_PP20";"";"biela";"IP20";"Nie"
"SOL_PS06";"";"biela";"IP20";"Nie"
"SOL_PP147";"";"biela";"IP20";"Áno"
"SOL_P101B";"";"matná čierna";"";""
"SOL_PB03";"";"oranžová";"IP20";"Nie"
"SOL_PF15";"";"biela";"IP20";"Nie"
"SOL_PP03X";"";"biela";"";""
"SOL_PP160";"";"biela";"IP20";"Áno"
