"parentUrl";"expandInMenu";"visible";"priority";"access";"title";"linkText";"url";"topDescription";"bottomDescription";"metaTitle";"metaDescription"
"autobaterie-nabijacky-a-startovacie-boxy";"0";"1";"1";"1";"Nabíjačky autobatérií";"Nabíjačky autobatérií";"autobaterie-nabijacky-a-startovacie-boxy-nabijacky-autobaterii";"<p>Nabíjačky autobatérií slúžia na nabíjanie a podľa modelu aj udržiavanie vhodných akumulátorov.</p>";"<h2>Nabíjačky autobatérií – výber a použitie</h2><p>Skontrolujte napätie batérie, podporovanú chémiu a kapacitu. Rozlišujte nabíjačku od štartovacieho zdroja a dodržte pokyny výrobcu batérie.</p><p>Súvisiaci výber: <a href=""/autobaterie-nabijacky-a-startovacie-boxy/"">Autobatérie, nabíjačky a štartovacie boxy</a>.</p>";"Nabíjačky autobatérií | PremiumStore.sk";"Nabíjačky autobatérií slúžia na nabíjanie a podľa modelu aj udržiavanie vhodných akumulátorov."
"elektronika-do-auta";"0";"1";"1";"1";"Autorádiá";"Autorádiá";"elektronika-do-auta-autoradia";"<p>Autorádiá spájajú prehrávanie zvuku a podľa modelu aj ďalšie funkcie v palubnej doske vozidla.</p>";"<h2>Autorádiá – výber a použitie</h2><p>Overte montážny rozmer, konektory a kompatibilitu s ovládaním na volante. Rámik, redukcia či adaptér sú samostatné príslušenstvo.</p><p>Súvisiaci výber: <a href=""/elektronika-do-auta/"">Elektronika do auta</a> <a href=""/elektronika-do-auta-kamery-do-auta/"">Kamery do auta</a>.</p>";"Autorádiá | PremiumStore.sk";"Autorádiá spájajú prehrávanie zvuku a podľa modelu aj ďalšie funkcie v palubnej doske vozidla."
"elektronika-do-auta";"0";"1";"2";"1";"Kamery do auta";"Kamery do auta";"elektronika-do-auta-kamery-do-auta";"<p>Kamery do auta zaznamenávajú priebeh jazdy podľa možností konkrétneho zariadenia.</p>";"<h2>Kamery do auta – výber a použitie</h2><p>Porovnajte rozlíšenie, zorný uhol, napájanie a podporu zadnej kamery. Parkovací režim môže vyžadovať samostatnú napájaciu súpravu.</p><p>Súvisiaci výber: <a href=""/elektronika-do-auta/"">Elektronika do auta</a> <a href=""/elektronika-do-auta-autoradia/"">Autorádiá</a>.</p>";"Kamery do auta | PremiumStore.sk";"Kamery do auta zaznamenávajú priebeh jazdy podľa možností konkrétneho zariadenia."
"bojove-sporty";"0";"1";"1";"1";"Boxerské rukavice";"Boxerské rukavice";"bojove-sporty-boxerske-rukavice";"<p>Boxerské rukavice sú výbavou na tréning podľa určenia konkrétneho modelu.</p>";"<h2>Boxerské rukavice – výber a použitie</h2><p>Vyberajte podľa hmotnosti v unciach, veľkosti ruky a typu tréningu. Overte spôsob zapínania a pri skúšaní zohľadnite používané bandáže.</p><p>Súvisiaci výber: <a href=""/bojove-sporty/"">Bojové športy</a> <a href=""/bojove-sporty-mma-rukavice/"">MMA rukavice</a> <a href=""/chranice-pre-bojove-sporty/"">Chrániče pre bojové športy</a>.</p>";"Boxerské rukavice | PremiumStore.sk";"Boxerské rukavice sú výbavou na tréning podľa určenia konkrétneho modelu."
"bojove-sporty";"0";"1";"2";"1";"Chrániče pre bojové športy";"Chrániče pre bojové športy";"chranice-pre-bojove-sporty";"<p>Chrániče pre bojové športy dopĺňajú ochrannú výbavu pri tréningu.</p>";"<h2>Chrániče pre bojové športy – výber a použitie</h2><p>Rozlišujte ochranu holení, zubov, hlavy a ďalších častí tela. Výber prispôsobte disciplíne, veľkosti a pravidlám tréningu.</p><p>Súvisiaci výber: <a href=""/bojove-sporty/"">Bojové športy</a> <a href=""/bojove-sporty-boxerske-rukavice/"">Boxerské rukavice</a> <a href=""/bojove-sporty-mma-rukavice/"">MMA rukavice</a>.</p>";"Chrániče pre bojové športy | PremiumStore.sk";"Chrániče pre bojové športy dopĺňajú ochrannú výbavu pri tréningu."
"bojove-sporty";"0";"1";"3";"1";"MMA rukavice";"MMA rukavice";"bojove-sporty-mma-rukavice";"<p>MMA rukavice poskytujú odlišnú konštrukciu a voľnosť prstov než boxerské rukavice.</p>";"<h2>MMA rukavice – výber a použitie</h2><p>Skontrolujte veľkosť, polstrovanie a určenie na tréning alebo súťaž. Vhodný typ prispôsobte tréningovým pravidlám.</p><p>Súvisiaci výber: <a href=""/bojove-sporty/"">Bojové športy</a> <a href=""/bojove-sporty-boxerske-rukavice/"">Boxerské rukavice</a> <a href=""/chranice-pre-bojove-sporty/"">Chrániče pre bojové športy</a>.</p>";"MMA rukavice | PremiumStore.sk";"MMA rukavice poskytujú odlišnú konštrukciu a voľnosť prstov než boxerské rukavice."
"prislusenstvo-pre-drony";"0";"1";"1";"1";"Filtre pre drony";"Filtre pre drony";"prislusenstvo-pre-drony-filtre-pre-drony";"<p>Filtre pre drony upravujú svetlo dopadajúce na kameru pri lete.</p>";"<h2>Filtre pre drony – výber a použitie</h2><p>Vyberajte podľa presného modelu dronu a typu filtra. ND, CPL a kombinované filtre majú rozdielny účel; overte aj hmotnosť a správne uchytenie.</p><p>Súvisiaci výber: <a href=""/prislusenstvo-pre-drony/"">Príslušenstvo pre drony</a> <a href=""/tasky-a-kufre-pre-drony/"">Tašky a kufre pre drony</a>.</p>";"Filtre pre drony | PremiumStore.sk";"Filtre pre drony upravujú svetlo dopadajúce na kameru pri lete."
"prislusenstvo-pre-drony";"0";"1";"2";"1";"Tašky a kufre pre drony";"Tašky a kufre pre drony";"tasky-a-kufre-pre-drony";"<p>Tašky a kufre pre drony chránia zariadenie a príslušenstvo pri prenášaní.</p>";"<h2>Tašky a kufre pre drony – výber a použitie</h2><p>Porovnajte vnútorné usporiadanie, priestor pre ovládač a počet batérií. Univerzálne puzdro nemusí držať konkrétnu zostavu rovnako pevne ako modelová vložka.</p><p>Súvisiaci výber: <a href=""/prislusenstvo-pre-drony/"">Príslušenstvo pre drony</a> <a href=""/prislusenstvo-pre-drony-filtre-pre-drony/"">Filtre pre drony</a>.</p>";"Tašky a kufre pre drony | PremiumStore.sk";"Tašky a kufre pre drony chránia zariadenie a príslušenstvo pri prenášaní."
"fontany-a-napajacky";"0";"1";"1";"1";"Filtre a čerpadlá do fontán";"Filtre a čerpadlá do fontán";"filtre-a-cerpadla-do-fontan";"<p>Filtre, čerpadlá a čistiace pomôcky slúžia na údržbu fontán pre psy a mačky.</p>";"<h2>Filtre a čerpadlá do fontán – výber a použitie</h2><p>Overte presné označenie fontány a dielu. Počet kusov v balení a interval výmeny filtra porovnávajte podľa odporúčaní výrobcu.</p><p>Súvisiaci výber: <a href=""/fontany-a-napajacky/"">Fontány a napájačky</a> <a href=""/fontany-pre-psy-a-macky/"">Fontány pre psy a mačky</a>.</p>";"Filtre a čerpadlá do fontán | PremiumStore.sk";"Filtre, čerpadlá a čistiace pomôcky slúžia na údržbu fontán pre psy a mačky."
"fontany-a-napajacky";"0";"1";"2";"1";"Fontány pre psy a mačky";"Fontány pre psy a mačky";"fontany-pre-psy-a-macky";"<p>Fontány pre psy a mačky zabezpečujú cirkuláciu vody v nádobe určenej na pitie.</p>";"<h2>Fontány pre psy a mačky – výber a použitie</h2><p>Porovnajte objem, hlučnosť čerpadla, napájanie a rozoberanie na čistenie. Overte dostupnosť kompatibilných filtrov.</p><p>Súvisiaci výber: <a href=""/fontany-a-napajacky/"">Fontány a napájačky</a> <a href=""/filtre-a-cerpadla-do-fontan/"">Filtre a čerpadlá do fontán</a>.</p>";"Fontány pre psy a mačky | PremiumStore.sk";"Fontány pre psy a mačky zabezpečujú cirkuláciu vody v nádobe určenej na pitie."
"pelechy--skrabadla-a-klietky";"0";"1";"1";"1";"Pelechy pre psy a mačky";"Pelechy pre psy a mačky";"pelechy-pre-psy-a-macky";"<p>Pelechy pre psy a mačky poskytujú vlastné miesto na odpočinok v domácnosti.</p>";"<h2>Pelechy pre psy a mačky – výber a použitie</h2><p>Vyberajte podľa veľkosti zvieraťa v polohe pri spánku, materiálu a možnosti prania. Pri vyvýšených okrajoch porovnajte aj vnútornú plochu pelechu.</p><p>Súvisiaci výber: <a href=""/pelechy--skrabadla-a-klietky/"">Pelechy, škrabadlá a klietky</a> <a href=""/skrabadla-pre-macky/"">Škrabadlá pre mačky</a>.</p>";"Pelechy pre psy a mačky | PremiumStore.sk";"Pelechy pre psy a mačky poskytujú vlastné miesto na odpočinok v domácnosti."
"pelechy--skrabadla-a-klietky";"0";"1";"2";"1";"Škrabadlá pre mačky";"Škrabadlá pre mačky";"skrabadla-pre-macky";"<p>Škrabadlá pre mačky poskytujú plochu na škrabanie a podľa konštrukcie aj miesto na odpočinok.</p>";"<h2>Škrabadlá pre mačky – výber a použitie</h2><p>Porovnajte stabilitu základne, výšku a veľkosť odpočívadiel. Konštrukciu prispôsobte veľkosti a aktivite mačky.</p><p>Súvisiaci výber: <a href=""/pelechy--skrabadla-a-klietky/"">Pelechy, škrabadlá a klietky</a> <a href=""/pelechy-pre-psy-a-macky/"">Pelechy pre psy a mačky</a>.</p>";"Škrabadlá pre mačky | PremiumStore.sk";"Škrabadlá pre mačky poskytujú plochu na škrabanie a podľa konštrukcie aj miesto na odpočinok."
"kuchynske-roboty-a-krajace";"0";"1";"1";"1";"Krájače potravín";"Krájače potravín";"kuchynske-roboty-a-krajace-krajace-potravin";"<p>Krájače potravín uľahčujú prípravu rovnomerných plátkov.</p>";"<h2>Krájače potravín – výber a použitie</h2><p>Vyberajte podľa rozsahu hrúbky rezu, typu noža a možnosti rozobratia na čistenie. Zohľadnite potraviny, ktoré plánujete krájať.</p><p>Súvisiaci výber: <a href=""/kuchynske-roboty-a-krajace/"">Kuchynské roboty a krájače</a> <a href=""/kuchynske-roboty-a-krajace-mixery-a-slahace/"">Mixéry a šľahače</a> <a href=""/kuchynske-roboty-a-krajace-kuchynske-roboty/"">Kuchynské roboty</a>.</p>";"Krájače potravín | PremiumStore.sk";"Krájače potravín uľahčujú prípravu rovnomerných plátkov."
"kuchynske-roboty-a-krajace";"0";"1";"2";"1";"Kuchynské roboty";"Kuchynské roboty";"kuchynske-roboty-a-krajace-kuchynske-roboty";"<p>Kuchynské roboty kombinujú viac úloh pri príprave jedál.</p>";"<h2>Kuchynské roboty – výber a použitie</h2><p>Porovnajte objem misy, dostupné pracovné nástroje a rozsah balenia. Doplnkové nadstavce nemusia byť súčasťou základnej zostavy.</p><p>Súvisiaci výber: <a href=""/kuchynske-roboty-a-krajace/"">Kuchynské roboty a krájače</a> <a href=""/kuchynske-roboty-a-krajace-mixery-a-slahace/"">Mixéry a šľahače</a> <a href=""/kuchynske-roboty-a-krajace-krajace-potravin/"">Krájače potravín</a>.</p>";"Kuchynské roboty | PremiumStore.sk";"Kuchynské roboty kombinujú viac úloh pri príprave jedál."
"kuchynske-roboty-a-krajace";"0";"1";"3";"1";"Mixéry a šľahače";"Mixéry a šľahače";"kuchynske-roboty-a-krajace-mixery-a-slahace";"<p>Mixéry a šľahače pomáhajú pri príprave cesta, krémov a ďalších jedál.</p>";"<h2>Mixéry a šľahače – výber a použitie</h2><p>Rozlišujte stolový, tyčový a ručný prístroj podľa spôsobu práce. Porovnajte objem nádob, nadstavce a možnosti čistenia.</p><p>Súvisiaci výber: <a href=""/kuchynske-roboty-a-krajace/"">Kuchynské roboty a krájače</a> <a href=""/kuchynske-roboty-a-krajace-kuchynske-roboty/"">Kuchynské roboty</a> <a href=""/kuchynske-roboty-a-krajace-krajace-potravin/"">Krájače potravín</a>.</p>";"Mixéry a šľahače | PremiumStore.sk";"Mixéry a šľahače pomáhajú pri príprave cesta, krémov a ďalších jedál."
"priprava-napojov";"0";"1";"1";"1";"Filtračné kanvice";"Filtračné kanvice";"priprava-napojov-filtracne-kanvice";"<p>Filtračné kanvice využívajú vymeniteľnú vložku na úpravu vody podľa parametrov výrobcu.</p>";"<h2>Filtračné kanvice – výber a použitie</h2><p>Skontrolujte objem kanvice a typ kompatibilnej vložky. Interval výmeny závisí od spotreby aj kvality vstupnej vody.</p><p>Súvisiaci výber: <a href=""/priprava-napojov/"">Príprava nápojov</a> <a href=""/priprava-napojov-rychlovarne-kanvice/"">Rýchlovarné kanvice</a>.</p>";"Filtračné kanvice | PremiumStore.sk";"Filtračné kanvice využívajú vymeniteľnú vložku na úpravu vody podľa parametrov výrobcu."
"priprava-napojov";"0";"1";"2";"1";"Rýchlovarné kanvice";"Rýchlovarné kanvice";"priprava-napojov-rychlovarne-kanvice";"<p>Rýchlovarné kanvice slúžia na ohrev vody pre bežnú prípravu nápojov.</p>";"<h2>Rýchlovarné kanvice – výber a použitie</h2><p>Porovnajte objem, materiál, spôsob čistenia a reguláciu teploty. Pre menšie množstvo vody je dôležitá aj minimálna hladina určená výrobcom.</p><p>Súvisiaci výber: <a href=""/priprava-napojov/"">Príprava nápojov</a> <a href=""/priprava-napojov-filtracne-kanvice/"">Filtračné kanvice</a>.</p>";"Rýchlovarné kanvice | PremiumStore.sk";"Rýchlovarné kanvice slúžia na ohrev vody pre bežnú prípravu nápojov."
"vysavace";"0";"1";"1";"1";"Robotické vysávače";"Robotické vysávače";"vysavace-roboticke-vysavace";"<p>Robotické vysávače automatizujú časť pravidelného čistenia podláh.</p>";"<h2>Robotické vysávače – výber a použitie</h2><p>Porovnajte navigáciu, výšku zariadenia, prechod cez prahy a funkcie stanice. Mopovanie a automatické čistenie mopu sú vlastnosti len vybraných modelov.</p><p>Súvisiaci výber: <a href=""/vysavace/"">Vysávače</a> <a href=""/vysavace-tycove-vysavace/"">Tyčové vysávače</a> <a href=""/vreckove-a-bezvreckove-vysavace/"">Vreckové a bezvreckové vysávače</a>.</p>";"Robotické vysávače | PremiumStore.sk";"Robotické vysávače automatizujú časť pravidelného čistenia podláh."
"vysavace";"0";"1";"2";"1";"Tyčové vysávače";"Tyčové vysávače";"vysavace-tycove-vysavace";"<p>Tyčové vysávače sú určené na priebežné upratovanie domácnosti.</p>";"<h2>Tyčové vysávače – výber a použitie</h2><p>Porovnajte hmotnosť, výdrž pri používanom režime a príslušenstvo. Vyberajte podľa typu podláh a požadovaného použitia ručnej jednotky.</p><p>Súvisiaci výber: <a href=""/vysavace/"">Vysávače</a> <a href=""/vysavace-roboticke-vysavace/"">Robotické vysávače</a> <a href=""/vreckove-a-bezvreckove-vysavace/"">Vreckové a bezvreckové vysávače</a>.</p>";"Tyčové vysávače | PremiumStore.sk";"Tyčové vysávače sú určené na priebežné upratovanie domácnosti."
"vysavace";"0";"1";"3";"1";"Vreckové a bezvreckové vysávače";"Vreckové a bezvreckové vysávače";"vreckove-a-bezvreckove-vysavace";"<p>Podlahové vreckové a bezvreckové vysávače ponúkajú rozdielny spôsob zberu nečistôt.</p>";"<h2>Vreckové a bezvreckové vysávače – výber a použitie</h2><p>Zohľadnite typ podláh, objem nádoby alebo vrecka, filtráciu a pracovný dosah. Dostupnosť spotrebného materiálu overte ešte pred výberom.</p><p>Súvisiaci výber: <a href=""/vysavace/"">Vysávače</a> <a href=""/vysavace-roboticke-vysavace/"">Robotické vysávače</a> <a href=""/vysavace-tycove-vysavace/"">Tyčové vysávače</a>.</p>";"Vreckové a bezvreckové vysávače | PremiumStore.sk";"Podlahové vreckové a bezvreckové vysávače ponúkajú rozdielny spôsob zberu nečistôt."
"smart-domacnost";"0";"1";"1";"1";"Senzory pohybu a otvorenia";"Senzory pohybu a otvorenia";"senzory-pohybu-a-otvorenia";"<p>Senzory pohybu a otvorenia informujú o pohybe osôb alebo zmene stavu dverí a okien.</p>";"<h2>Senzory pohybu a otvorenia – výber a použitie</h2><p>Vyberajte podľa sledovaného javu, dosahu a protokolu. Pri automatizácii overte kompatibilitu s hubom a spôsob napájania snímača.</p><p>Súvisiaci výber: <a href=""/smart-domacnost/"">Smart domácnosť – zariadenia</a> <a href=""/smart-domacnost-zariadenia-smart-zasuvky/"">Smart zásuvky</a> <a href=""/smart-termostaty-a-hlavice/"">Smart termostaty a hlavice</a>.</p>";"Senzory pohybu a otvorenia | PremiumStore.sk";"Senzory pohybu a otvorenia informujú o pohybe osôb alebo zmene stavu dverí a okien."
"smart-domacnost";"0";"1";"2";"1";"Senzory teploty a vlhkosti";"Senzory teploty a vlhkosti";"senzory-teploty-a-vlhkosti";"<p>Senzory teploty a vlhkosti poskytujú údaje pre prehľad o vnútornom prostredí.</p>";"<h2>Senzory teploty a vlhkosti – výber a použitie</h2><p>Porovnajte rozsah a presnosť merania, interval aktualizácie a spôsob komunikácie. Ak má senzor spúšťať automatizácie, overte podporu v používanej aplikácii.</p><p>Súvisiaci výber: <a href=""/smart-domacnost/"">Smart domácnosť – zariadenia</a> <a href=""/smart-domacnost-zariadenia-smart-zasuvky/"">Smart zásuvky</a> <a href=""/smart-termostaty-a-hlavice/"">Smart termostaty a hlavice</a>.</p>";"Senzory teploty a vlhkosti | PremiumStore.sk";"Senzory teploty a vlhkosti poskytujú údaje pre prehľad o vnútornom prostredí."
"smart-domacnost";"0";"1";"3";"1";"Smart termostaty a hlavice";"Smart termostaty a hlavice";"smart-termostaty-a-hlavice";"<p>Smart termostaty a hlavice slúžia na riadenie vykurovania podľa nastaveného režimu.</p>";"<h2>Smart termostaty a hlavice – výber a použitie</h2><p>Overte typ vykurovacej sústavy, spôsob pripojenia a potrebu centrálnej jednotky. Pri radiátorovej hlavici skontrolujte závit ventilu a dostupné adaptéry.</p><p>Súvisiaci výber: <a href=""/smart-domacnost/"">Smart domácnosť – zariadenia</a> <a href=""/smart-domacnost-zariadenia-smart-zasuvky/"">Smart zásuvky</a> <a href=""/senzory-pohybu-a-otvorenia/"">Senzory pohybu a otvorenia</a>.</p>";"Smart termostaty a hlavice | PremiumStore.sk";"Smart termostaty a hlavice slúžia na riadenie vykurovania podľa nastaveného režimu."
"smart-domacnost";"0";"1";"4";"1";"Smart zásuvky";"Smart zásuvky";"smart-domacnost-zariadenia-smart-zasuvky";"<p>Smart zásuvky umožňujú ovládať napájanie pripojeného spotrebiča.</p>";"<h2>Smart zásuvky – výber a použitie</h2><p>Skontrolujte zásuvkový štandard, maximálne zaťaženie a komunikačný protokol. Meranie spotreby či podpora konkrétneho hlasového asistenta sú vlastnosti vybraných modelov.</p><p>Súvisiaci výber: <a href=""/smart-domacnost/"">Smart domácnosť – zariadenia</a> <a href=""/smart-termostaty-a-hlavice/"">Smart termostaty a hlavice</a> <a href=""/senzory-pohybu-a-otvorenia/"">Senzory pohybu a otvorenia</a>.</p>";"Smart zásuvky | PremiumStore.sk";"Smart zásuvky umožňujú ovládať napájanie pripojeného spotrebiča."
"sietove-prvky-2";"0";"1";"1";"1";"Sieťové switche";"Sieťové switche";"sietove-switche";"<p>Sieťové switche rozširujú počet káblových pripojení v lokálnej sieti.</p>";"<h2>Sieťové switche – výber a použitie</h2><p>Porovnajte počet portov, ich rýchlosť a potrebu správy siete. Pri PoE variante skontrolujte štandard a celkový výkon pre napájané zariadenia.</p><p>Súvisiaci výber: <a href=""/sietove-prvky-2/"">WiFi routery a sieťové karty</a> <a href=""/wifi-routery-a-sietove-karty-wifi-routery/"">WiFi routery</a>.</p>";"Sieťové switche | PremiumStore.sk";"Sieťové switche rozširujú počet káblových pripojení v lokálnej sieti."
"sietove-prvky-2";"0";"1";"2";"1";"WiFi routery";"WiFi routery";"wifi-routery-a-sietove-karty-wifi-routery";"<p>WiFi routery zabezpečujú pripojenie zariadení k domácej alebo kancelárskej sieti.</p>";"<h2>WiFi routery – výber a použitie</h2><p>Vyberajte podľa spôsobu internetového pripojenia, podporovaných pásiem a rýchlosti portov. Pri väčšom priestore porovnajte možnosť rozšírenia pomocou mesh systému.</p><p>Súvisiaci výber: <a href=""/sietove-prvky-2/"">WiFi routery a sieťové karty</a> <a href=""/sietove-switche/"">Sieťové switche</a>.</p>";"WiFi routery | PremiumStore.sk";"WiFi routery zabezpečujú pripojenie zariadení k domácej alebo kancelárskej sieti."
"podium--diskoteka--dj";"0";"1";"1";"1";"DI boxy a audio izolátory";"DI boxy a audio izolátory";"di-boxy-a-audio-izolatory";"<p>DI boxy a audio izolátory slúžia na vhodné prepojenie vybraných zvukových signálov.</p>";"<h2>DI boxy a audio izolátory – výber a použitie</h2><p>Vyberajte podľa vstupného signálu, konektorov a počtu kanálov. Aktívne a pasívne riešenia majú odlišné požiadavky na napájanie a použitie.</p><p>Súvisiaci výber: <a href=""/podium--diskoteka--dj/"">Pódium, diskotéka, DJ</a> <a href=""/mikrofonove-a-reproduktorove-stojany/"">Mikrofónové a reproduktorové stojany</a> <a href=""/podium-diskoteka-dj-mixazne-pulty/"">Mixážne pulty</a>.</p>";"DI boxy a audio izolátory | PremiumStore.sk";"DI boxy a audio izolátory slúžia na vhodné prepojenie vybraných zvukových signálov."
"podium--diskoteka--dj";"0";"1";"2";"1";"Mikrofónové a reproduktorové stojany";"Mikrofónové a reproduktorové stojany";"mikrofonove-a-reproduktorove-stojany";"<p>Mikrofónové a reproduktorové stojany umožňujú nastaviť polohu techniky na pódiu alebo v skúšobni.</p>";"<h2>Mikrofónové a reproduktorové stojany – výber a použitie</h2><p>Porovnajte nosnosť, nastaviteľnú výšku a kompatibilný závit alebo priemer. Pri prenášaní je dôležitá stabilita aj hmotnosť zostavy.</p><p>Súvisiaci výber: <a href=""/podium--diskoteka--dj/"">Pódium, diskotéka, DJ</a> <a href=""/podium-diskoteka-dj-mixazne-pulty/"">Mixážne pulty</a> <a href=""/di-boxy-a-audio-izolatory/"">DI boxy a audio izolátory</a>.</p>";"Mikrofónové a reproduktorové stojany | PremiumStore.sk";"Mikrofónové a reproduktorové stojany umožňujú nastaviť polohu techniky na pódiu alebo v skúšobni."
"podium--diskoteka--dj";"0";"1";"3";"1";"Mixážne pulty";"Mixážne pulty";"podium-diskoteka-dj-mixazne-pulty";"<p>Mixážne pulty spájajú a nastavujú zvuk z viacerých vstupov.</p>";"<h2>Mixážne pulty – výber a použitie</h2><p>Porovnajte počet mikrofónových a linkových vstupov, výstupy a možnosti routovania. USB, efekty alebo fantómové napájanie overte pri konkrétnom modeli.</p><p>Súvisiaci výber: <a href=""/podium--diskoteka--dj/"">Pódium, diskotéka, DJ</a> <a href=""/mikrofonove-a-reproduktorove-stojany/"">Mikrofónové a reproduktorové stojany</a> <a href=""/di-boxy-a-audio-izolatory/"">DI boxy a audio izolátory</a>.</p>";"Mixážne pulty | PremiumStore.sk";"Mixážne pulty spájajú a nastavujú zvuk z viacerých vstupov."
"audio-technika";"0";"1";"2";"1";"HiFi zosilňovače a receivery";"HiFi zosilňovače a receivery";"hifi-zosilnovace-a-receivery";"<p>HiFi zosilňovače a receivery prepájajú zvukové zdroje s kompatibilnými reproduktormi.</p>";"<h2>HiFi zosilňovače a receivery – výber a použitie</h2><p>Porovnajte podporovanú impedanciu, výkon pri danej záťaži, vstupy a sieťové funkcie. Overte, či potrebujete stereofónne alebo viackanálové zariadenie.</p><p>Súvisiaci výber: <a href=""/audio-technika/"">Audio technika</a> <a href=""/audio-technika-prenosne-bluetooth-reproduktory/"">Prenosné Bluetooth reproduktory</a> <a href=""/audio-technika-prislusenstvo-k-audio-technike/"">Príslušenstvo k audio technike</a>.</p>";"HiFi zosilňovače a receivery | PremiumStore.sk";"HiFi zosilňovače a receivery prepájajú zvukové zdroje s kompatibilnými reproduktormi."
"audio-technika";"0";"1";"3";"1";"Prenosné Bluetooth reproduktory";"Prenosné Bluetooth reproduktory";"audio-technika-prenosne-bluetooth-reproduktory";"<p>Prenosné Bluetooth reproduktory umožňujú počúvať hudbu doma aj na cestách.</p>";"<h2>Prenosné Bluetooth reproduktory – výber a použitie</h2><p>Vyberajte podľa rozmerov, hmotnosti, výdrže a odolnosti konkrétneho modelu. Možnosti nabíjania a prepojenia viacerých reproduktorov sa medzi modelmi líšia.</p><p>Súvisiaci výber: <a href=""/audio-technika/"">Audio technika</a> <a href=""/hifi-zosilnovace-a-receivery/"">HiFi zosilňovače a receivery</a> <a href=""/audio-technika-prislusenstvo-k-audio-technike/"">Príslušenstvo k audio technike</a>.</p>";"Prenosné Bluetooth reproduktory | PremiumStore.sk";"Prenosné Bluetooth reproduktory umožňujú počúvať hudbu doma aj na cestách."
"audio-technika";"0";"1";"4";"1";"Príslušenstvo k audio technike";"Príslušenstvo k audio technike";"audio-technika-prislusenstvo-k-audio-technike";"<p>Príslušenstvo k audio technike dopĺňa používanie a údržbu zvukových zariadení.</p>";"<h2>Príslušenstvo k audio technike – výber a použitie</h2><p>Skontrolujte účel doplnku, konektory a presný kompatibilný model. Popruh, adaptér a náhradný diel nenahrádzajú samotné zariadenie.</p><p>Súvisiaci výber: <a href=""/audio-technika/"">Audio technika</a> <a href=""/hifi-zosilnovace-a-receivery/"">HiFi zosilňovače a receivery</a> <a href=""/audio-technika-prenosne-bluetooth-reproduktory/"">Prenosné Bluetooth reproduktory</a>.</p>";"Príslušenstvo k audio technike | PremiumStore.sk";"Príslušenstvo k audio technike dopĺňa používanie a údržbu zvukových zariadení."
"audio-technika";"0";"1";"5";"1";"Príslušenstvo k slúchadlám";"Príslušenstvo k slúchadlám";"prislusenstvo-k-sluchadlam";"<p>Náušníky, puzdrá a ďalšie príslušenstvo dopĺňajú používanie a údržbu slúchadiel.</p>";"<h2>Príslušenstvo k slúchadlám – výber a použitie</h2><p>Overte presný model a generáciu slúchadiel, rozmery a obsah balenia. Nabíjacie puzdro, náušníky a koncovky sú samostatné doplnky.</p><p>Súvisiaci výber: <a href=""/audio-technika/"">Audio technika</a> <a href=""/hifi-zosilnovace-a-receivery/"">HiFi zosilňovače a receivery</a> <a href=""/audio-technika-prenosne-bluetooth-reproduktory/"">Prenosné Bluetooth reproduktory</a>.</p>";"Príslušenstvo k slúchadlám | PremiumStore.sk";"Náušníky, puzdrá a ďalšie príslušenstvo dopĺňajú používanie a údržbu slúchadiel."
"audio-technika";"0";"1";"6";"1";"Stojany a držiaky na reproduktory";"Stojany a držiaky na reproduktory";"stojany-a-drziaky-na-reproduktory";"<p>Stojany a držiaky pomáhajú umiestniť reproduktory a soundbary do požadovanej polohy.</p>";"<h2>Stojany a držiaky na reproduktory – výber a použitie</h2><p>Porovnajte nosnosť, rozstup montážnych bodov a podporované modely. Zvoľte vhodné upevnenie podľa podkladu a montážneho návodu.</p><p>Súvisiaci výber: <a href=""/audio-technika/"">Audio technika</a> <a href=""/hifi-zosilnovace-a-receivery/"">HiFi zosilňovače a receivery</a> <a href=""/audio-technika-prenosne-bluetooth-reproduktory/"">Prenosné Bluetooth reproduktory</a>.</p>";"Stojany a držiaky na reproduktory | PremiumStore.sk";"Stojany a držiaky pomáhajú umiestniť reproduktory a soundbary do požadovanej polohy."
"starostlivost-o-vlasy";"0";"1";"1";"1";"Fény a teplovzdušné kefy";"Fény a teplovzdušné kefy";"feny-a-teplovzdusne-kefy";"<p>Fény a teplovzdušné kefy kombinujú rôzne spôsoby sušenia a tepelnej úpravy vlasov.</p>";"<h2>Fény a teplovzdušné kefy – výber a použitie</h2><p>Porovnajte nastavenie teploty a prúdenia, hmotnosť a nadstavce. Difuzér, koncentrátor alebo ionizácia sú súčasťou len vybraných modelov.</p><p>Súvisiaci výber: <a href=""/starostlivost-o-vlasy/"">Starostlivosť o vlasy</a> <a href=""/starostlivost-o-vlasy-kulmy-na-vlasy/"">Kulmy na vlasy</a> <a href=""/zehlicky-na-vlasy/"">Žehličky na vlasy</a>.</p>";"Fény a teplovzdušné kefy | PremiumStore.sk";"Fény a teplovzdušné kefy kombinujú rôzne spôsoby sušenia a tepelnej úpravy vlasov."
"starostlivost-o-vlasy";"0";"1";"2";"1";"Kulmy na vlasy";"Kulmy na vlasy";"starostlivost-o-vlasy-kulmy-na-vlasy";"<p>Kulmy na vlasy sú určené na vytváranie vĺn a kučier.</p>";"<h2>Kulmy na vlasy – výber a použitie</h2><p>Priemer pracovnej časti ovplyvňuje tvar kučier. Porovnajte rozsah teplôt, povrch a spôsob ovládania; teplotu prispôsobte vlasom.</p><p>Súvisiaci výber: <a href=""/starostlivost-o-vlasy/"">Starostlivosť o vlasy</a> <a href=""/feny-a-teplovzdusne-kefy/"">Fény a teplovzdušné kefy</a> <a href=""/zehlicky-na-vlasy/"">Žehličky na vlasy</a>.</p>";"Kulmy na vlasy | PremiumStore.sk";"Kulmy na vlasy sú určené na vytváranie vĺn a kučier."
"starostlivost-o-vlasy";"0";"1";"3";"1";"Žehličky na vlasy";"Žehličky na vlasy";"zehlicky-na-vlasy";"<p>Žehličky a krepovače na vlasy umožňujú meniť tvar účesu teplom.</p>";"<h2>Žehličky na vlasy – výber a použitie</h2><p>Vyberajte podľa šírky doštičiek, regulácie teploty a určenia prístroja. Nadstavce a funkcie overte pri konkrétnom modeli.</p><p>Súvisiaci výber: <a href=""/starostlivost-o-vlasy/"">Starostlivosť o vlasy</a> <a href=""/feny-a-teplovzdusne-kefy/"">Fény a teplovzdušné kefy</a> <a href=""/starostlivost-o-vlasy-kulmy-na-vlasy/"">Kulmy na vlasy</a>.</p>";"Žehličky na vlasy | PremiumStore.sk";"Žehličky a krepovače na vlasy umožňujú meniť tvar účesu teplom."
"starostlivost-o-zuby";"0";"1";"1";"1";"Elektrické zubné kefky";"Elektrické zubné kefky";"starostlivost-o-zuby-elektricke-zubne-kefky";"<p>Elektrické zubné kefky ponúkajú rôzne režimy a spôsoby pohybu čistiacej hlavice.</p>";"<h2>Elektrické zubné kefky – výber a použitie</h2><p>Porovnajte konštrukciu, dostupnosť náhradných hlavíc a spôsob nabíjania. Výbava, časovač či snímač tlaku závisia od konkrétneho modelu.</p><p>Súvisiaci výber: <a href=""/starostlivost-o-zuby/"">Starostlivosť o zuby</a> <a href=""/nahradne-hlavice-na-zubne-kefky/"">Náhradné hlavice na zubné kefky</a> <a href=""/starostlivost-o-zuby-ustne-sprchy/"">Ústne sprchy</a>.</p>";"Elektrické zubné kefky | PremiumStore.sk";"Elektrické zubné kefky ponúkajú rôzne režimy a spôsoby pohybu čistiacej hlavice."
"starostlivost-o-zuby";"0";"1";"2";"1";"Náhradné hlavice na zubné kefky";"Náhradné hlavice na zubné kefky";"nahradne-hlavice-na-zubne-kefky";"<p>Náhradné hlavice na zubné kefky umožňujú pravidelnú výmenu čistiacej časti.</p>";"<h2>Náhradné hlavice na zubné kefky – výber a použitie</h2><p>Overte presnú produktovú sériu kefky, typ hlavice a počet kusov v balení. Zhodná značka nemusí znamenať kompatibilitu medzi rôznymi radmi.</p><p>Súvisiaci výber: <a href=""/starostlivost-o-zuby/"">Starostlivosť o zuby</a> <a href=""/starostlivost-o-zuby-elektricke-zubne-kefky/"">Elektrické zubné kefky</a> <a href=""/starostlivost-o-zuby-ustne-sprchy/"">Ústne sprchy</a>.</p>";"Náhradné hlavice na zubné kefky | PremiumStore.sk";"Náhradné hlavice na zubné kefky umožňujú pravidelnú výmenu čistiacej časti."
"starostlivost-o-zuby";"0";"1";"3";"1";"Ústne sprchy";"Ústne sprchy";"starostlivost-o-zuby-ustne-sprchy";"<p>Ústne sprchy dopĺňajú každodennú ústnu hygienu prúdom vody.</p>";"<h2>Ústne sprchy – výber a použitie</h2><p>Porovnajte veľkosť nádržky, rozsah tlaku, napájanie a dostupné trysky. Spôsob používania prispôsobte odporúčaniam výrobcu.</p><p>Súvisiaci výber: <a href=""/starostlivost-o-zuby/"">Starostlivosť o zuby</a> <a href=""/nahradne-hlavice-na-zubne-kefky/"">Náhradné hlavice na zubné kefky</a> <a href=""/starostlivost-o-zuby-elektricke-zubne-kefky/"">Elektrické zubné kefky</a>.</p>";"Ústne sprchy | PremiumStore.sk";"Ústne sprchy dopĺňajú každodennú ústnu hygienu prúdom vody."
