znacka;model;dodavatelia;najnizsia_cena;najvyssia_cena;rozdiel;najlacnejsi;eany;nazov_atos;nazov_basys;nazov_innpro;nazov_kb;nazov_penta
TP-Link;RV30;kb+penta;150.50;460.50;3.06x;penta;kb:8885020625134 | penta:8885020625165;;;;TP-Link Tapo RV30 Max Plus;Vysávač TP-Link Tapo RV30 Max robotický s mopom, výkon 5300 Pa
Tesla;TE300;atos+kb;8.30;21.90;2.64x;atos;atos:8595689800345 | kb:8594163278311;Diaľkový ovládač Tesla TE-300, TE-301, TE-302, Alma 2820;;;Tesla TE-300;
EPEVER;DR2210;atos+penta;60.90;138.90;2.28x;penta;atos:6974241250330 | penta:-;Solární regulátor MPPT EPever DR2210-DDS, 12/24V, 20A, 100V DuoRacer;;;;Regulátor Epever EPsolar DR2210-DDS solárny MPPT, 12/24V, 20A, vstup 100V, DuoRacer
TP-Link;L530E;kb+penta;11.50;23.90;2.08x;kb;kb:6935364030988 | penta:6935364006167;;;;TP-LINK Tapo L530E;Múdra žiarovka TP-Link Tapo L530E(2-pack) E27, 8,7W, 230V, cez IP, stmievateľná, 2700K až 6500K
MHPower;MPL500;atos+penta;97.90;194.50;1.99x;penta;atos:- | penta:8594199732245;Záložní zdroj MHPower MPL-500-12 UPS 500W 12V čistý sin LiFePO4 + BATERIE;;;;Napäťový menič MHPower MPL-500-12 UPS, 500W, čistý sínus, 12V, podpora LiFePO4 batérií
MHPower;MPL700;atos+penta;115.90;219.90;1.90x;penta;atos:- | penta:8594199732252;Záložní zdroj MHPower MPL-700-12 UPS 700W 12V čistý sin LiFePO4 + BATERIE;;;;Napäťový menič MHPower MPL-700-12 UPS, 700W, čistý sínus, 12V, podpora LiFePO4 batérií
MHPower;MPL1050;atos+penta;158.00;263.50;1.67x;penta;atos:- | penta:8594199732269;Záložní zdroj MHPower MPL-1050-12 UPS 1050W 12V čistý sin LiFePO4 + BATERIE;;;;Napäťový menič MHPower MPL-1050-12 UPS, 1050W, čistý sínus, 12V, podpora LiFePO4 batérií
UNI-T;UT12D;atos+innpro;6.10;10.00;1.64x;innpro;atos:5901890057097 | innpro:6935750512395;Detektor napětí UNI-T  UT12D-EU;;Uni-T UT12D-EU Bezkontaktný tester napätia;;
MHPower;MPU300;atos+penta;74.50;117.50;1.58x;penta;atos:- | penta:8594199730012;Záložní zdroj MHPower MPU-300-12 UPS 300W 12V čistý sinus + baterie;;;;Napäťový menič MHPower MPU-300-12 záložní zdroj, 12V/230V, 300W, funkce UPS, čistý sinus
TP-Link;RVA100;kb+penta;13.90;21.50;1.55x;penta;kb:4895252500486 | penta:-;;;;TP-Link Tapo RVA100;Príslušenstvo TP-Link Tapo RVA100 sada na výmenu vysávača Tapo, poškodený obal
MHPower;WPU300;atos+penta;79.00;119.50;1.51x;penta;atos:- | penta:8594199731842;Záložní zdroj MHPower WPU-300-12 UPS 300W 12V čistý sinus + baterie;;;;Napäťový menič MHPower WPU-300-12 UPS, 300W, čistý sínus, 12V
MHPower;MPL300;atos+penta;81.00;117.50;1.45x;penta;atos:- | penta:8594199732238;Záložní zdroj MHPower MPL-300-12 UPS 300W 12V čistý sin LiFePO4 + BATERIE;;;;Napäťový menič MHPower MPL-300-12 UPS, 300W, čistý sínus, 12V, podpora LiFePO4 batérií
Pioneer;S320BT;basys+kb;109.90;155.00;1.41x;kb;basys:- | kb:4988028434372;;Pioneer DEH-S320BT autorádio s Bluetooth;;Pioneer MVH-S320BT;
UNI-T;UT221;atos+innpro;93.50;129.50;1.39x;innpro;atos:5901890013437 | innpro:6935750502211;Klešťový multimetr UNI-T UT221;;Digitálny merací prístroj Uni-T UT221;;
UNI-T;UT383;atos+innpro;16.00;22.00;1.38x;innpro;atos:5901890028448 | innpro:6935750538302;Luxmetr UNI-T  UT383;;Svetelný merač UNI-T UT383;;
MHPower;MPU500;atos+penta;94.50;130.00;1.38x;penta;atos:- | penta:8594199730029;Záložní zdroj MHPower MPU-500-12 UPS 500W 12V čistý sinus  + baterie;;;;Napäťový menič MHPower MPU-500-12 záložní zdroj, 12V/230V, 500W, funkce UPS, čistý sinus
TP-Link;RV20;kb+penta;178.50;244.50;1.37x;penta;kb:8885020625196 | penta:8885020625226;;;;TP-Link Tapo RV20 Max Plus;Vysávač TP-Link Tapo RV20 Max robotický s mopom, 5300Pa, MagSlim
UNI-T;UT681L;atos+innpro;8.80;12.00;1.36x;innpro;atos:5901890044790 | innpro:6935750568132;Tester kabelu UNI-T UT681L  (RJ45, RJ11);;Tester sieťových káblov UNI-T UT681L;;
MHPower;WPU500;atos+penta;97.00;129.90;1.34x;penta;atos:- | penta:8594199731859;Záložní zdroj MHPower WPU-500-12 UPS 500W 12V čistý sinus + baterie;;;;Napäťový menič MHPower WPU-500-12 UPS, 500W, čistý sínus, 12V
MHPower;MPU700;atos+penta;113.00;149.00;1.32x;penta;atos:- | penta:8594199730036;Záložní zdroj MHPower MPU-700-12 UPS 700W 12V čistý sinus + baterie;;;;Napäťový menič MHPower MPU-700-12 záložní zdroj, 12V/230V, 700W, funkce UPS, čistý sinus
UNI-T;UT302D;atos+innpro;60.50;79.00;1.31x;innpro;atos:5901890074933 | innpro:6935750530290;Teploměr bezkontaktní UNI-T  UT302D+;;Infračervený teplomer Uni-T UT302D+;;
MHPower;MPU1200;atos+penta;210.00;274.50;1.31x;penta;atos:- | penta:8594199730050;Záložní zdroj MHPower MPU-1200-12 UPS 1200W 12V čistý sinus + baterie;;;;Napäťový menič MHPower MPU-1200-12 záložní zdroj, 12V/230V, 1200W, funkce UPS, čistý sinus
UNI-T;UT18D;atos+penta;41.90;54.00;1.29x;penta;atos:5901890018319 | penta:6935750518045;UNI-T UT18D Zkoušečka napětí;;;;Skúšačka UNI-T UT18D vadaska
Pioneer;A1301C;basys+kb;104.90;135.00;1.29x;kb;basys:- | kb:4988028509230;;Pioneer TS-A1301C komponentný autoreproduktor;;Pioneer TS-A1301C;
UNI-T;UT07A;atos+innpro;7.70;9.80;1.27x;innpro;atos:5901890027694 | innpro:6935750507261;Tester elektrických zásuvek UNI-T UT07A-EU;;Tester zásuviek UNI-T UT07A-EU;;
Pioneer;A340DAB;basys+kb;229.00;279.00;1.22x;basys;basys:- | kb:4988028479106;;Pioneer DMH-A340DAB multimediálna jednotka do auta;;Pioneer DMH-A340DAB;
UNI-T;UT658;atos+innpro;8.30;10.00;1.20x;innpro;atos:5901890028462 | innpro:6935750565803;Tester USB UNI-T UT658;;Recenzia zariadenia USB Uni-T UT658;;
UNI-T;UT118B;atos+innpro;27.00;32.50;1.20x;innpro;atos:5901436743972 | innpro:6935750511824;Multimetr UNI-T UT118B - PEN TYPE;;Digitálny multimeter UNI-T UT118B;;
UNI-T;UT256;atos+innpro;28.00;32.90;1.18x;innpro;atos:5901890078023 | innpro:6935750525630;Vidlicový multimetr UNI-T UT256;;Multimeter Uni-T UT256;;
UNI-T;UT191E;atos+innpro;60.00;70.90;1.18x;innpro;atos:5901890044929 | innpro:6935750519103;Multimetr UNI-T  UT191E  PRO Line;;Profesionálny digitálny multimeter UNI-T UT191E;;
UNI-T;LM40T;atos+innpro;29.50;34.50;1.17x;innpro;atos:5901890056915 | innpro:6935750540947;Laserový měřič vzdálenosti / svinovací metr UNI-T LM 40T;;Laserový diaľkomer Uni-T LM40T;;
UNI-T;UT667;atos+innpro;45.50;53.00;1.16x;atos;atos:6935750566749 | innpro:6935750566756;Kamera endoskopická UNI-T UT667-5m;;Uni-T UT667-10m endoskop;;
UNI-T;UT363S;atos+innpro;30.00;34.50;1.15x;innpro;atos:5901890044769 | innpro:6935750536339;Anemometr UNI-T  UT363S;;Anemometer UNI-T UT363S;;
Pioneer;A240DAB;basys+kb;213.90;245.00;1.15x;kb;basys:- | kb:4988028479090;;Pioneer DMH-A240DAB multimediálna jednotka do auta;;Pioneer DMH-A240DAB;
Amiko;HD265;atos+kb;45.90;52.50;1.14x;atos;atos:5999883023525 | kb:5999883026946;AMIKO Mini HD265;;;Amiko DVB-S2 přijímač Mini HD265 WIFI;
UNI-T;UT301A;atos+innpro;36.90;41.90;1.14x;atos;atos:5901890056755 | innpro:6935750530177;Teploměr bezkontaktní UNI-T  UT301A+;;Infračervený teplomer Uni-T UT301A+;;
UNI-T;UT363;atos+innpro;16.00;17.90;1.12x;innpro;atos:5901890028424 | innpro:6935750536308;Anemometr UNI-T  UT363;;Anemometer UNI-T UT363;;
UNI-T;UT302C;atos+innpro;68.00;76.50;1.12x;innpro;atos:5901890074919 | innpro:6935750530283;Teploměr bezkontaktní UNI-T  UT302C+;;Infračervený teplomer Uni-T UT302C+;;
UNI-T;UT383S;atos+innpro;25.50;28.50;1.12x;innpro;atos:5901890044974 | innpro:6935750538326;Luxmetr UNI-T  UT383S;;Svetelný merač UNI-T UT383S;;
Ermenrich;VE40;atos+penta;127.00;142.00;1.12x;penta;atos:5905555021508 | penta:5905555016733;Průmyslový endoskop Ermenrich Seek VE40 Fialový;;;;Endoskop Ermenrich Seek VE40 Priemyselný
UNI-T;UT120C;atos+innpro;19.90;22.00;1.11x;innpro;atos:5901436774570 | innpro:6935750512531;Multimetr UNI-T UT120C;;Uni-T UT120C vreckový digitálny multimeter;;
UNI-T;UT377A;atos+innpro;18.90;20.90;1.11x;innpro;atos:5901890046336 | innpro:6935750537718;Měřič vlhkosti dřeva UNI-T UT377A;;Merač vlhkosti dreva UNI-T UT377A;;
UNI-T;UT387E;atos+innpro;45.00;50.00;1.11x;innpro;atos:5901890091060 | innpro:6935750538777;Detektor kovů a elektrických vedení UNI-T UT387E;;Detektor kovov UNI-T UT387E;;
Pioneer;DA77DAB;basys+kb;440.50;489.00;1.11x;kb;basys:- | kb:4988028514753;;Pioneer SPH-DA77DAB, multimediálny prehrávač;;Pioneer SPH-DA77DAB;
UNI-T;LM100A;atos+innpro;34.00;37.50;1.10x;innpro;atos:5901890074797 | innpro:6935750570098;Měřič vzdálenosti UNI-T LM100A;;Laserový diaľkomer Uni-T LM100A;;
Pioneer;DA160DAB;basys+kb;378.50;415.00;1.10x;kb;basys:- | kb:4988028478956;;Pioneer SPH-DA160DAB multimediálna jednotka do auta;;Pioneer SPH-DA160DAB;
Pioneer;A240BT;basys+kb;225.50;249.00;1.10x;kb;basys:- | kb:4988028478970;;Pioneer AVH-A240BT multimediálna jednotka do auta;;Pioneer AVH-A240BT;
Pioneer;MVH230BT;basys+kb;86.50;94.90;1.10x;kb;basys:- | kb:4988028520129;;Pioneer MVH-230BT autorádio;;Pioneer MVH-230BT;
EDIFIER;ES60;innpro+kb;95.50;105.00;1.10x;kb;innpro:6923520216550 | kb:6923520216567;;;Reproduktor Edifier ES60 Bluetooth (biely);EDIFIER ES60 reproduktor černý;
UNI-T;UT701;atos+innpro;192.50;209.00;1.09x;innpro;atos:- | innpro:6935750570173;Simulátor termočlánků pro kalibraci teploty UNI-T UT701;;Kalibrátor procesov Uni-T UT701;;
UNI-T;UT683KIT;atos+innpro;45.50;49.50;1.09x;innpro;atos:- | innpro:6935750568323;Tester kabelu UNI-T UT683KIT;;Digitálny vyhľadávač káblov UNI-T UT683KIT;;
UNI-T;UT220;atos+innpro;44.00;48.00;1.09x;innpro;atos:5901890013420 | innpro:6935750522080;Klešťový multimetr UNI-T UT220;;Digitálny merací prístroj Uni-T UT220;;
UNI-T;UT261B;atos+innpro;43.90;48.00;1.09x;innpro;atos:5901890056892 | innpro:6935750526125;UNI-T UT261B Tester rotace fází a indikátor otáček motoru;;Uni-T UT261B – tester fáz a smeru otáčania motora;;
UNI-T;UT333;atos+innpro;18.50;19.90;1.08x;innpro;atos:5901890028400 | innpro:6935750533307;Teploměr a vlhkoměr UNI-T  UT333;;Merač teploty a vlhkosti UNI- T UT333;;
UNI-T;LM120A;atos+innpro;44.50;48.00;1.08x;innpro;atos:5901890074803 | innpro:6935750512623;Měřič vzdálenosti UNI-T LM120A;;Merač vzdialenosti UNI-T LM120A;;
Pioneer;S120UB;basys+kb;97.50;105.00;1.08x;kb;basys:- | kb:4988028433757;;Pioneer DEH-S120UB autorádio;;Pioneer DEH-S120UB;
Pioneer;S120UBG;basys+kb;97.50;105.00;1.08x;kb;basys:- | kb:4988028433788;;Pioneer DEH-S120UBG autorádio;;Pioneer DEH-S120UBG;
Pioneer;S120UBA;basys+kb;97.50;105.00;1.08x;kb;basys:- | kb:4988028433764;;Pioneer DEH-S120UBA autorádio;;Pioneer DEH-S120UBA;
Pioneer;S520BT;basys+kb;179.90;195.00;1.08x;kb;basys:- | kb:4988028434082;;Pioneer DEH-S520BT autorádio s Bluetooth;;Pioneer DEH-S520BT;
UNI-T;UT582;atos+innpro;104.90;112.50;1.07x;innpro;atos:5901890044967 | innpro:6935750558218;Digitální tester proudových chráničů UNI-T UT582+;;Recenzia zariadenia Uni-T RCD UT582+;;
UNI-T;UT210A;atos+innpro;20.00;21.50;1.07x;atos;atos:5901890013345 | innpro:6935750512104;Klešťový multimetr UNI-T UT210A;;Uni-T UT210A Mini digitálny klešťový multimeter;;
UNI-T;UT343D;atos+innpro;90.00;96.50;1.07x;atos;atos:5901890045001 | innpro:6935750534304;Tester tloušťky laku UNI-T UT343D;;UNI-T UT343D tester hrúbky farby;;
UNI-T;UT191T;atos+innpro;68.50;73.50;1.07x;innpro;atos:5901890044936 | innpro:6935750519110;Multimetr UNI-T  UT191T  PRO Line;;Profesionálny digitálny multimeter UNI-T UT191T;;
Pioneer;S220DAB;basys+kb;120.90;129.00;1.07x;kb;basys:- | kb:4988028434365;;Pioneer MVH-S220DAB autorádio s DAB tunerom;;Pioneer MVH-S220DAB;
Pioneer;MVH330DAB;basys+kb;130.50;139.00;1.07x;kb;basys:- | kb:4988028478239;;Pioneer MVH-330DAB autorádio s Bluetooth a DAB tunerom;;Pioneer MVH-330DAB;
Pioneer;AF555BT;basys+kb;279.50;299.00;1.07x;kb;basys:- | kb:4988028500718;;Pioneer DMH-AF555BT Multimediálna hlavná jednotka;;Pioneer DMH-AF555BT;
UNI-T;UT60EU;atos+innpro;31.50;33.50;1.06x;innpro;atos:5901890074643 | innpro:6935750560242;Multimetr UNI-T  UT60EU;;Digitálny multimeter UNI-T UT60EU;;
UNI-T;UT139A;atos+innpro;34.50;36.50;1.06x;innpro;atos:5901436796725 | innpro:6935750511398;Multimetr UNI-T UT139A;;Digitálny multimeter Uni-T UT139A s meraním skutočnej efektívnej hodnoty;;
UNI-T;UT301C;atos+innpro;53.50;56.90;1.06x;atos;atos:5901890056779 | innpro:6935750530191;Teploměr bezkontaktní UNI-T  UT301C+;;Infračervený teplomer Uni-T UT301C+;;
Pioneer;DEH4800FD;basys+kb;173.90;185.00;1.06x;kb;basys:- | kb:4988028310621;;Pioneer DEH-4800FD autorádio;;PIONEER DEH-4800FD;
UNI-T;UT682D;atos+innpro;18.50;19.50;1.05x;innpro;atos:5901890044813 | innpro:6935750568262;Tester kabelu UNI-T UT682D;;Detektor párov vodičov UNI-T UT682D;;
UNI-T;UT682;atos+innpro;30.90;32.50;1.05x;atos;atos:5901890028479 | innpro:6935750568255;UNI-T UT682 Tester kabelu UTP;;Lokátor vodičov UNI-T UT682;;
UNI-T;UT372;atos+innpro;64.90;67.90;1.05x;atos;atos:5901436741367 | innpro:6935750537206;UNI-T Otáčkoměr UT372 USB;;Bezkontaktný otáčkomer Uni-T UT372;;
UNI-T;UT133B;atos+innpro;18.50;19.50;1.05x;atos;atos:5901890044875 | innpro:6935750513323;Multimetr UNI-T UT133B;;Uni-T UT133B ručný digitálny multimeter;;
UNI-T;UT333S;atos+innpro;23.50;24.50;1.04x;innpro;atos:5901890044943 | innpro:6935750533321;Teploměr a vlhkoměr UNI-T  UT333S;;Merač teploty a vlhkosti UNI-T UT333S;;
UNI-T;UT107;atos+innpro;28.00;29.00;1.04x;innpro;atos:5901436741077 | innpro:6935750510704;Multimetr UNI-T UT107;;Ručný multimeter do auta UNI-T UT107;;
UNI-T;UT512;atos+innpro;140.50;145.50;1.04x;atos;atos:5901436741374 | innpro:6935750551202;Tester izolačního odporu UNI-T UT512;;Merač izolačného odporu pri vysokom napätí Uni-T UT512;;
UNI-T;UT681C;atos+innpro;13.00;13.50;1.04x;innpro;atos:5901890044776 | innpro:6935750568118;Tester kabelu UNI-T UT681C  (RJ45, RJ11, BNC);;Tester sieťových káblov UNI-T UT681C;;
UNI-T;UT210B;atos+innpro;23.50;24.50;1.04x;innpro;atos:5901890013352 | innpro:6935750521021;Klešťový multimetr UNI-T UT210B;;Uni-T UT210B Mini digitálny klešťový multimeter;;
UNI-T;LM570R;atos+innpro;35.50;36.90;1.04x;innpro;atos:5901890075053 | innpro:6935750557013;Laser křížový UNI-T LM570R-I;;Laserová vodováha Uni-T LM570R-I;;
UNI-T;UT139B;atos+innpro;39.90;41.00;1.03x;atos;atos:5901436796732 | innpro:6935750521397;Multimetr UNI-T UT139B;;Digitálny multimeter Uni-T UT139B s meraním skutočnej efektívnej hodnoty;;
UNI-T;UT18E;atos+innpro;41.90;43.00;1.03x;atos;atos:5901890077965 | innpro:6935750518076;Zkoušečka napětí UNI-T UT18E;;Skúšačka napätia a spojitosti UNI-T UT18E;;
UNI-T;UT133A;atos+innpro;21.90;22.50;1.03x;innpro;atos:5901890065085 | innpro:6935750513316;Multimetr UNI-T UT133A;;Uni-T UT133A ručný digitálny multimeter;;
UNI-T;UT511;atos+innpro;108.50;111.50;1.03x;atos;atos:5901436741152 | innpro:6935750551103;Tester izolačního odporu UNI-T UT511;;Merač izolačného odporu pri vysokom napätí Uni-T UT511;;
TP-Link;P100;kb+penta;21.90;22.50;1.03x;penta;kb:6935364072766 | penta:6935364072759;;;;TP-LINK Tapo P100(2-pack)WiFi zásuvka;Múdra zásuvka TP-Link Tapo P100 (2-pack) regulácia 230V cez IP, Cloud, WiFi
UNI-T;UT15B;atos+innpro;28.00;28.50;1.02x;atos;atos:5901890028486 | innpro:6935750515020;Zkoušečka UNI-T UT15B;;Tester napätia a spojitosti Uni-T UT15B;;
UNI-T;UT202R;atos+innpro;25.00;25.50;1.02x;atos;atos:5901890065078 | innpro:6935750520291;Klešťový multimetr UNI-T UT202R;;Digitálny klešťový merač Uni-T UT202R;;
UNI-T;UT353;atos+innpro;17.50;17.90;1.02x;innpro;atos:5901890028417 | innpro:6935750535301;Hlukoměr UNI-T  UT353;;Merač hladiny zvuku UNI-T UT353;;
UNI-T;UT07B;atos+innpro;10.50;10.50;;atos;atos:5901890027700 | innpro:6935750507278;Tester elektrických zásuvek RCD UNI-T UT07B-EU;;Tester zásuviek UNI-T UT07B-EU;;
