/1-druzice/;/anteny-a-satelity/;0
/3-druzice/;/anteny-a-satelity/;0
/32-80-82-cm-/;/televizory/;0
/3g-lte-modemy/;/tv-foto-audio-video/;0
/3v1-micro/;/tv-foto-audio-video/;0
/4-druzice/;/anteny-a-satelity/;0
/43-108-109-cm-/;/televizory/;0
/ab-2/;/ovladace-k-dvb-t2/;0
/adaptery-2/;/tv-foto-audio-video/;0
/adaptery-a-menice/;/tv-foto-audio-video/;0
/adaptery-bluetooth/;/tv-foto-audio-video/;0
/adaptery/;/tv-foto-audio-video/;0
/aiwa/;/audio-ovladace-aiwa/;0
/akaso/;/tv-foto-audio-video/;0
/aktivne-a-pasivne-prvky/;/anteny-a-satelity/;0
/aktivne-chladenie/;/chladenie-pocitaca/;0
/aktivni-tv-rozbocovace/;/anteny-a-satelity/;0
/aktualizace-softver/;/anteny-a-satelity/;0
/akumulatory--baterie/;/tv-foto-audio-video/;0
/alcad/;/anteny-a-satelity/;0
/allbox/;/sat-ovladace-allbox/;0
/alma-2/;/satelitne-ovladace/;0
/antenne-drziaky/;/anteny-a-satelity/;0
/antenne-kable/;/anteny-a-satelity/;0
/antenne-zasuvky/;/anteny-a-satelity/;0
/antenne-zdroje/;/anteny-a-satelity/;0
/antenni-bleskojistky/;/anteny-a-satelity/;0
/antenni-rahna/;/anteny-a-satelity/;0
/anteny-izbove/;/anteny/;0
/anteny-pre-obytna-auta-a-lode/;/anteny/;0
/anteny-vonkajsie/;/anteny/;0
/apebox/;/sat-ovladace-apebox/;0
/atlink/;/sat-ovladace-atlink/;0
/atramentove-multifunkcne-tlaciarne/;/tv-foto-audio-video/;0
/atramentove-tlaciarne/;/tv-foto-audio-video/;0
/atramenty/;/tv-foto-audio-video/;0
/audio-kable/;/audio-technika/;0
/audio-prenosy/;/prislusenstvo-pre-mobilne-telefony/;0
/audio-prevodniky/;/prislusenstvo-pre-mobilne-telefony/;0
/audio-video-kable/;/tv-foto-audio-video/;0
/av-kable-2/;/av-kable/;0
/azbox/;/sat-ovladace-azbox/;0
/baterie-3/;/tv-foto-audio-video/;0
/baterie-a-nabijacky/;/prislusenstvo-k-tv--audio--video/;0
/baterie-k-fotoaparatom/;/tv-foto-audio-video/;0
/baterie-pre-fotoaparaty-nikon/;/tv-foto-audio-video/;0
/batohy-2/;/tv-foto-audio-video/;0
/batohy/;/tv-foto-audio-video/;0
/beko/;/tv-ovladace-beko/;0
/bensat/;/sat-ovladace-bensat/;0
/bez-ventilatora/;/tv-foto-audio-video/;0
/bezdratova/;/sluchadla/;0
/bezdratove-prenosy-signalu/;/prislusenstvo-pre-mobilne-telefony/;0
/bezdratove-reproduktory/;/hifi-a-domace-reproduktory/;0
/bezdrotove-nabijacky/;/tv-foto-audio-video/;0
/bezdrotovy-2/;/tv-foto-audio-video/;0
/bezdrotovy/;/tv-foto-audio-video/;0
/bluetooth-sluchadla/;/tv-foto-audio-video/;0
/bluetooth/;/prislusenstvo-pre-mobilne-telefony/;0
/ca-moduly/;/anteny-a-satelity/;0
/cabletech/;/dvbt2-ovladace-cabletech/;0
/cam-dekodery-a-karty/;/anteny-a-satelity/;0
/cd-prehravace/;/audio-technika/;0
/ceruzkove-aa/;/prislusenstvo-k-tv--audio--video/;0
/chemia-3/;/anteny-a-satelity/;0
/chiq/;/tv-ovladace-chiq/;0
/chladenie-vodou/;/chladenie-pocitaca/;0
/chladenie/;/tv-foto-audio-video/;0
/citacky-kariet/;/tv-foto-audio-video/;0
/coax-2/;/anteny-a-satelity/;0
/coax/;/anteny-a-satelity/;0
/combo-dvb-t2-h-265-hevc-sat/;/anteny-a-satelity/;0
/combo-sat-dvbt/;/anteny-a-satelity/;0
/daewoo/;/tv-ovladace-daewoo/;0
/dalekohlad/;/tv-foto-audio-video/;0
/datove-nosice/;/tv-foto-audio-video/;0
/dekodovaci-karty/;/anteny-a-satelity/;0
/denon/;/dvd-ovladace-denon/;0
/dialkove-ovladace-2/;/dialkove-ovladace/;0
/discmany/;/tv-foto-audio-video/;0
/diseqc-prepinace/;/satelitne-prislusenstvo/;0
/disky-a-pamatove-karty/;/tv-foto-audio-video/;0
/diway-2/;/satelitne-ovladace/;0
/diway/;/ovladace-k-dvb-t2/;0
/dizipia/;/sat-ovladace-dizipia/;0
/do-30-76-cm/;/televizory/;0
/dokovaci-stanice/;/tv-foto-audio-video/;0
/dokovacie-stanice/;/dokovacie-stanice-2/;0
/domace-telefony/;/tv-foto-audio-video/;0
/doplnky/;/audio-technika/;0
/dotovane-boxy-pre-skylink/;/anteny-a-satelity/;0
/dratova/;/sluchadla/;0
/dratove-telefony/;/tv-foto-audio-video/;0
/dreambox-2/;/ovladace-k-dvb-t2/;0
/dreambox/;/satelitne-ovladace/;0
/dreamsky/;/sat-ovladace-dreamsky/;0
/drony/;/tv-foto-audio-video/;0
/drziaky-2/;/tv-foto-audio-video/;0
/drziaky-monitoru/;/tv-stoliky-a-drziaky/;0
/drziaky-na-bok-lodzie/;/anteny-a-satelity/;0
/drziaky-na-okenni-ram/;/anteny-a-satelity/;0
/drziaky-na-strechu/;/anteny-a-satelity/;0
/drziaky-na-tv/;/tv-foto-audio-video/;0
/drziaky-projektoru/;/tv-stoliky-a-drziaky/;0
/drziaky-reproduktoru/;/tv-stoliky-a-drziaky/;0
/drziaky-soundbaru/;/tv-stoliky-a-drziaky/;0
/drziaky-stozaru/;/anteny-a-satelity/;0
/drziaky-telefonov-2/;/tv-foto-audio-video/;0
/dvb-t--satelity-prislusenstvo/;/anteny-a-satelity/;0
/dvb-t-prijimace/;/anteny-a-satelity/;0
/dvb-t2-s-podporou-hybridni-televizory-hbbtv/;/anteny-a-satelity/;0
/dvd-prehravace/;/video-technika/;0
/dvojlinky-2/;/av-kable/;0
/edision-2/;/satelitne-ovladace/;0
/edision/;/ovladace-k-dvb-t2/;0
/ekvipotencialni-svorkovnice/;/anteny-a-satelity/;0
/evolve-2/;/satelitne-ovladace/;0
/evolve/;/ovladace-k-dvb-t2/;0
/extendery/;/tv-foto-audio-video/;0
/externe-disky/;/externe-disky-2/;0
/externe-zvukove-karty/;/tv-foto-audio-video/;0
/f-konektor/;/anteny-a-satelity/;0
/f-spojky/;/anteny-a-satelity/;0
/ferguson-2/;/ovladace-k-dvb-t2/;0
/filtre/;/filtre-2/;0
/fixne-drziaky/;/tv-stoliky-a-drziaky/;0
/formuler/;/sat-ovladace-formuler/;0
/foto-a-kamery/;/tv-foto-audio-video/;0
/foto-a-optika/;/tv-foto-audio-video/;0
/fotoatelier/;/fotoatelier-2/;0
/fotograficke-pozadia/;/tv-foto-audio-video/;0
/fotopasce/;/fotopasce-2/;0
/fototlaciarne/;/tv-foto-audio-video/;0
/fte/;/dvbt2-ovladace-fte/;0
/fuba/;/dvbt2-ovladace-fuba/;0
/gamepady/;/tv-foto-audio-video/;0
/gimbaly-a-stabilizatory/;/gimbaly-a-stabilizatory-2/;0
/golden-interstar/;/sat-ovladace-golden-interstar/;0
/golden-media/;/dvbt2-ovladace-golden-media/;0
/gosat-2/;/ovladace-k-dvb-t2/;0
/gosat-3/;/televizne-ovladace/;0
/graficke-tablety-2/;/graficke-tablety-3/;0
/graficke-tablety/;/graficke-tablety-3/;0
/gramofony-2/;/audio-technika/;0
/grundig/;/tv-ovladace-grundig/;0
/gsm-anteny/;/tv-foto-audio-video/;0
/gsm-nabijacky/;/tv-foto-audio-video/;0
/handsfree/;/audio-technika/;0
/hdd/;/tv-foto-audio-video/;0
/hdmi-kable-2/;/av-kable/;0
/hdmi-prevodniky/;/prislusenstvo-pre-mobilne-telefony/;0
/hdmi-rozbocovace/;/prislusenstvo-pre-mobilne-telefony/;0
/hdmi-spojky-a-redukcie/;/av-kable/;0
/herne-konzoly/;/herne-zariadenia-2/;0
/herne-kresla/;/herne-kresla-2/;0
/herne-ovladace-2/;/tv-foto-audio-video/;0
/herne-ovladace/;/tv-foto-audio-video/;0
/herne-prislusenstvo-2/;/tv-foto-audio-video/;0
/herne-prislusenstvo-docky--stojany/;/tv-foto-audio-video/;0
/herne-prislusenstvo/;/tv-foto-audio-video/;0
/herne-zariadenia/;/tv-foto-audio-video/;0
/hi-fi-systemy/;/audio-technika/;0
/hifi-systemy/;/audio-technika/;0
/hisense/;/tv-ovladace-hisense/;0
/hlasove-zaznamniky/;/audio-technika/;0
/hlavni-stanice/;/anteny-a-satelity/;0
/homecast/;/sat-ovladace-homecast/;0
/hotelove-a-senior-ovladace/;/tv-foto-audio-video/;0
/humax-2/;/ovladace-k-dvb-t2/;0
/humax/;/satelitne-ovladace/;0
/hyundai-2/;/ovladace-k-dvb-t2/;0
/ine-2/;/tv-foto-audio-video/;0
/ine-4/;/tv-foto-audio-video/;0
/ineos/;/sat-ovladace-ineos/;0
/inetbox/;/sat-ovladace-inetbox/;0
/insta/;/tv-foto-audio-video/;0
/ip-kamery/;/ip-kamery-3/;0
/jvc/;/tv-ovladace-jvc/;0
/k-televizi/;/tv-foto-audio-video/;0
/kabel-s-f-konektory/;/koaxialne-kable/;0
/kable-2/;/tv-foto-audio-video/;0
/kable-6/;/av-kable/;0
/kable-pre-it/;/tv-foto-audio-video/;0
/kable-pre-mobily/;/audio-technika/;0
/kable-usb-i/;/tv-foto-audio-video/;0
/kablove-2/;/tv-foto-audio-video/;0
/kablove-prichytky-2/;/anteny-a-satelity/;0
/kablove/;/tv-foto-audio-video/;0
/kalkulacky/;/tv-foto-audio-video/;0
/kamery-2/;/tv-foto-audio-video/;0
/kanalove/;/anteny-a-satelity/;0
/kaon/;/sat-ovladace-kaon/;0
/karaoke/;/audio-technika/;0
/klavesnice-2/;/tv-foto-audio-video/;0
/klavesnice-4/;/tv-foto-audio-video/;0
/klavesnice/;/tv-foto-audio-video/;0
/koaxialne-pruchodky-2/;/koaxialne-kable/;0
/kolena-a-pruchodky/;/anteny-a-satelity/;0
/kompresni-a-krimpovaci/;/anteny-a-satelity/;0
/koncove-2/;/ucastnicke-zasuvky/;0
/konektory--zasuvky/;/tv-foto-audio-video/;0
/konektory-a-redukcie-2/;/anteny-a-satelity/;0
/konzolove-drziaky/;/tv-stoliky-a-drziaky/;0
/konzolove-hry/;/tv-foto-audio-video/;0
/konzoly-na-plastove-okno/;/anteny-a-satelity/;0
/konzoly-na-tepelna-cerpadla-a-klimatizacia/;/anteny-a-satelity/;0
/konzoly-sa-trmenem/;/anteny-a-satelity/;0
/kruger-matz/;/tv-ovladace-kruger-matz/;0
/kruhove-svetla-2/;/tv-foto-audio-video/;0
/kruhove-svetla/;/tv-foto-audio-video/;0
/krytky-stozaru/;/anteny-a-satelity/;0
/lan-konektory/;/anteny-a-satelity/;0
/laserove-multifunkcne-tlaciarne/;/tv-foto-audio-video/;0
/lcd-monitory/;/tv-foto-audio-video/;0
/led-projektory/;/televizory/;0
/led-televizory/;/televizory/;0
/lg-2/;/dvd-ovladace/;0
/lg-3/;/univerzalne-ovladace/;0
/lightning-2/;/tv-foto-audio-video/;0
/lightning/;/tv-foto-audio-video/;0
/linkbox/;/sat-ovladace-linkbox/;0
/linkove/;/anteny-a-satelity/;0
/lokatory/;/tv-foto-audio-video/;0
/lte-filtre/;/anteny-a-satelity/;0
/luxtronic/;/tv-ovladace-luxtronic/;0
/manzety/;/anteny-a-satelity/;0
/mascom-2/;/satelitne-ovladace/;0
/maxxo/;/dvbt2-ovladace-maxxo/;0
/medialink-2/;/satelitne-ovladace/;0
/medialink/;/ovladace-k-dvb-t2/;0
/micro-usb-kable/;/tv-foto-audio-video/;0
/mikrofony-2/;/tv-foto-audio-video/;0
/mikrosystemy/;/audio-technika/;0
/mikrotuzkove-aaa/;/prislusenstvo-k-tv--audio--video/;0
/mini-pc/;/mini-pc-2/;0
/minisystemy/;/audio-technika/;0
/mixazne-pulty/;/audio-technika/;0
/mobilne-telefony/;/tv-foto-audio-video/;0
/mobily-a-tablety/;/tv-foto-audio-video/;0
/monitor-stands/;/tv-foto-audio-video/;0
/monitory/;/monitory-2/;0
/monoblok-1-tv/;/lnb-konvertory/;0
/monoquad-4-tv/;/lnb-konvertory/;0
/monotwin-2-tv/;/lnb-konvertory/;0
/multibox/;/sat-ovladace-multibox/;0
/multifunkcne-tlaciarne/;/tv-foto-audio-video/;0
/mysi--klavesnica/;/tv-foto-audio-video/;0
/mysi-2/;/tv-foto-audio-video/;0
/mysi-3/;/tv-foto-audio-video/;0
/mysi/;/tv-foto-audio-video/;0
/na-balkon--horizontalni/;/anteny-a-satelity/;0
/na-komin-bez-vrtanie/;/anteny-a-satelity/;0
/na-krovy/;/anteny-a-satelity/;0
/na-stenu-stavitelne/;/anteny-a-satelity/;0
/na-stozar--vertikalni/;/anteny-a-satelity/;0
/nabijacky-3/;/tv-foto-audio-video/;0
/nabijacky-do-auta/;/tv-foto-audio-video/;0
/nad-48-120-165-cm-/;/televizory/;0
/nadstavce-na-stoziare/;/anteny-a-satelity/;0
/naklapacie-drziaky/;/tv-stoliky-a-drziaky/;0
/napajacie-adaptery-a-poe/;/tv-foto-audio-video/;0
/napajacie-kable/;/tv-foto-audio-video/;0
/napajacie-listy/;/tv-foto-audio-video/;0
/napajacie-zdroje-4/;/napajacie-zdroje-2/;0
/napajacie-zdroje-pre-notebooky/;/tv-foto-audio-video/;0
/napajanie-3/;/av-kable/;0
/new-digital/;/dvbt2-ovladace-new-digital/;0
/nintendo-ds--2ds--3ds-hry/;/tv-foto-audio-video/;0
/nintendo-ds--2ds--3ds-prislusenstvo/;/tv-foto-audio-video/;0
/nintendo-konzoly/;/tv-foto-audio-video/;0
/nintendo-switch-hry/;/tv-foto-audio-video/;0
/nintendo-switch-prislusenstvo/;/tv-foto-audio-video/;0
/nositelna-elektronika/;/nositelna-elektronika-2/;0
/notebooky/;/notebooky-2/;0
/obaly-na-telefony/;/tv-foto-audio-video/;0
/objektivy-dji/;/tv-foto-audio-video/;0
/objektivy-pre-telefony/;/tv-foto-audio-video/;0
/ochranne-folie-pre-mobilne-telefony/;/audio-technika/;0
/ochranne-kryty-pre-lnb/;/satelitne-prislusenstvo/;0
/ochranne-puzdra-pre-smartfony/;/tv-foto-audio-video/;0
/ochranne-puzdra-pre-tablety/;/tv-foto-audio-video/;0
/octoblok-8-tv/;/lnb-konvertory/;0
/oddelovaci-cleny/;/av-kable/;0
/okuliare-pre-rozsirenu-realitu/;/tv-foto-audio-video/;0
/oled-televizory/;/televizory/;0
/openbox/;/sat-ovladace-openbox/;0
/optex/;/dvbt2-ovladace-optex/;0
/opticke-kable/;/av-kable/;0
/organizatory-kablov/;/tv-foto-audio-video/;0
/ostatne-10/;/satelitne-ovladace/;0
/ostatne-12/;/anteny-a-satelity/;0
/ostatne-15/;/tv-foto-audio-video/;0
/ostatne-16/;/tv-foto-audio-video/;0
/ostatne-18/;/tv-foto-audio-video/;0
/ostatne-2/;/tv-foto-audio-video/;0
/ostatne-20/;/audio-technika/;0
/ostatne-21/;/audio-technika/;0
/ostatne-23/;/tv-foto-audio-video/;0
/ostatne-7/;/tv-foto-audio-video/;0
/ostatne-k-tabletu/;/pocitace-mobily-a-tablety/;0
/ostatne-prislusenstvo-k-fotoaparatom/;/tv-foto-audio-video/;0
/ostatne-prislusenstvo-k-notebookom/;/tv-foto-audio-video/;0
/ostatne-prislusenstvo-pre-mobily/;/audio-technika/;0
/ostatne-znacky/;/televizne-ovladace/;0
/osvetlenie-4/;/tv-foto-audio-video/;0
/osvetlenie-6/;/tv-foto-audio-video/;0
/outdoor-kamery/;/video-technika/;0
/ovladace-k-multimedialnimu-boxu/;/tv-foto-audio-video/;0
/ovp/;/tv-ovladace-ovp/;0
/pamate-ram/;/tv-foto-audio-video/;0
/pamatove-karty-2/;/pamatove-karty-6/;0
/pamatove-karty-4/;/pamatove-karty-6/;0
/pamatove-karty/;/pamatove-karty-6/;0
/pamatove-media/;/pamatove-media-2/;0
/panasonic-3/;/univerzalne-ovladace/;0
/papiere-do-tlaciarni/;/tlaciarne-a-skenery-2/;0
/pasivni-prvky/;/anteny-a-satelity/;0
/patch-kable/;/tv-foto-audio-video/;0
/patch-panely/;/tv-foto-audio-video/;0
/patky/;/anteny-a-satelity/;0
/pc-periferie/;/pc-periferie-2/;0
/pevne/;/tv-stoliky-a-drziaky/;0
/philips-2/;/dvd-ovladace/;0
/philips-3/;/univerzalne-ovladace/;0
/philips-4/;/audio-ovladace/;0
/philips-5/;/ovladace-k-dvb-t2/;0
/platna-a-projektory/;/tv-foto-audio-video/;0
/platna-pre-projektory/;/tv-foto-audio-video/;0
/playstation-5-konzoly/;/tv-foto-audio-video/;0
/pocitace-a-prislusenstvo/;/tv-foto-audio-video/;0
/pocitacove-zdroje/;/tv-foto-audio-video/;0
/podlozky-2/;/tv-foto-audio-video/;0
/podlozky-3/;/herne-podlozky/;0
/podlozky-a-stojany/;/tv-foto-audio-video/;0
/podlozky-pod-mys-2/;/tv-foto-audio-video/;0
/podlozky-pod-mys/;/tv-foto-audio-video/;0
/podsalky/;/tv-foto-audio-video/;0
/pojizdne/;/tv-stoliky-a-drziaky/;0
/pokladnicne-tlaciarne/;/tv-foto-audio-video/;0
/polygon/;/sat-ovladace-polygon/;0
/postroje--upevnovacie-prvky-a-drziaky/;/tv-foto-audio-video/;0
/powerline/;/tv-foto-audio-video/;0
/pre-2-lnb/;/satelitne-prislusenstvo/;0
/pre-fotoaparaty-a-videokamery/;/tv-foto-audio-video/;0
/pre-prohnute-televizory/;/tv-stoliky-a-drziaky/;0
/pre-smartfony-2/;/tv-foto-audio-video/;0
/pre-smartfony/;/tv-foto-audio-video/;0
/pre-sportove-kamery-2/;/tv-foto-audio-video/;0
/pre-sportove-kamery/;/tv-foto-audio-video/;0
/pre-stabilizatory/;/tv-foto-audio-video/;0
/pre-tablety/;/tv-foto-audio-video/;0
/pre-zrkadlovky/;/tv-foto-audio-video/;0
/predlzovacie-kable-2/;/tv-foto-audio-video/;0
/prehravace--rekordery/;/video-technika/;0
/prenosne-monitory/;/prenosne-monitory-2/;0
/prijimace-pre-freesat/;/anteny-a-satelity/;0
/prijimace-s-uni-cteckou/;/anteny-a-satelity/;0
/prislusenstvo-2/;/tv-foto-audio-video/;0
/prislusenstvo-20/;/audio-technika/;0
/prislusenstvo-25/;/herne-podlozky/;0
/prislusenstvo-41/;/tv-foto-audio-video/;0
/prislusenstvo-42/;/tv-stoliky-a-drziaky/;0
/prislusenstvo-5/;/tv-foto-audio-video/;0
/prislusenstvo-8/;/anteny-a-satelity/;0
/prislusenstvo-k-hifi/;/audio-technika/;0
/prislusenstvo-k-notebookom/;/prislusenstvo-k-notebookom-2/;0
/prislusenstvo-ku-konzolam/;/tv-foto-audio-video/;0
/prislusenstvo-ku-stozarum/;/anteny-a-satelity/;0
/prislusenstvo-pre-playstation/;/tv-foto-audio-video/;0
/prislusenstvo-pre-sluchadla/;/sluchadla/;0
/prislusenstvo-pre-smart-hodinky/;/audio-technika/;0
/prislusenstvo-pre-televizory/;/televizory/;0
/prislusenstvo-vr/;/tv-foto-audio-video/;0
/projektory-2/;/projektory-4/;0
/projektory-3/;/projektory-4/;0
/projektory-a-platna/;/tv-foto-audio-video/;0
/projektory/;/projektory-4/;0
/prstencove-drziaky/;/tv-foto-audio-video/;0
/prubezne-2/;/ucastnicke-zasuvky/;0
/ps5-hry/;/tv-foto-audio-video/;0
/ps5-prislusenstvo/;/tv-foto-audio-video/;0
/puzdra-a-obaly/;/tv-foto-audio-video/;0
/puzdra-na-mobilne-telefony/;/puzdra-na-mobily/;0
/puzdra-pre-tablety/;/pocitace-mobily-a-tablety/;0
/qled--neoqled-televizory/;/televizory/;0
/quad-4-tv/;/lnb-konvertory/;0
/quattro--h-v/;/lnb-konvertory/;0
/rackove-skrine-a-prislusenstvo/;/tv-foto-audio-video/;0
/radiomagnetofony-s-cd/;/audio-technika/;0
/radiomagnetofony/;/audio-technika/;0
/ramceky-pre-disky/;/tv-foto-audio-video/;0
/recnicke-systemy/;/audio-technika/;0
/redukcie-2/;/anteny-a-satelity/;0
/reproduktory-3/;/tv-foto-audio-video/;0
/reproduktory-4/;/tv-foto-audio-video/;0
/reprosoustavy/;/hifi-a-domace-reproduktory/;0
/routery-2/;/tv-foto-audio-video/;0
/routery/;/tv-foto-audio-video/;0
/rozbocovace-2/;/tv-foto-audio-video/;0
/s-ventilatorom/;/tv-foto-audio-video/;0
/sa-ctvercovou-zakladnou/;/anteny-a-satelity/;0
/samsung-2/;/televizne-ovladace/;0
/samsung-3/;/dvd-ovladace/;0
/samsung-4/;/satelitne-ovladace/;0
/satelita/;/sat-ovladace-satelita/;0
/satelitne-prijimace-2/;/anteny-a-satelity/;0
/scart/;/av-kable/;0
/selfie-stojany/;/tv-foto-audio-video/;0
/selfie-tyce-2/;/tv-foto-audio-video/;0
/selfie-tyce-a-drziaky/;/tv-foto-audio-video/;0
/selfie-tyce/;/tv-foto-audio-video/;0
/sharp-2/;/dvd-ovladace/;0
/sharp-3/;/univerzalne-ovladace/;0
/showbox/;/sat-ovladace-showbox/;0
/sietove-kable/;/tv-foto-audio-video/;0
/sietove-karty/;/tv-foto-audio-video/;0
/sietove-nabijacky/;/tv-foto-audio-video/;0
/sietove-prvky/;/tv-foto-audio-video/;0
/sietove-zariadenia/;/tv-foto-audio-video/;0
/sim-karty-a-kupony/;/audio-technika/;0
/simulacia-letu/;/tv-foto-audio-video/;0
/simulacia-pretekov/;/tv-foto-audio-video/;0
/simulatory/;/tv-foto-audio-video/;0
/skartovacky-a-laminovacky/;/tv-foto-audio-video/;0
/skladovanie-a-preprava/;/skladovanie-a-preprava-2/;0
/skrine/;/tv-foto-audio-video/;0
/skylink-ready-prijimace/;/anteny-a-satelity/;0
/skytec/;/sat-ovladace-skytec/;0
/skyworth/;/dvbt2-ovladace-skyworth/;0
/sluchadla-2/;/sluchadla/;0
/sluchadla-3/;/sluchadla/;0
/sluchadla-bluetooth/;/audio-technika/;0
/sluchadla-herne/;/audio-technika/;0
/sluchadla-televizne/;/audio-technika/;0
/slucovace-sat-tv/;/satelitne-prislusenstvo/;0
/slucovace-tv/;/anteny-a-satelity/;0
/smart-hodinky-2/;/tv-foto-audio-video/;0
/smart-hodinky-3/;/tv-foto-audio-video/;0
/smart-hodinky/;/tv-foto-audio-video/;0
/smart-prstene-2/;/tv-foto-audio-video/;0
/smart-prstene/;/tv-foto-audio-video/;0
/smart-telefony/;/smart-telefony-2/;0
/smart/;/sat-ovladace-smart/;0
/smartphones/;/tv-foto-audio-video/;0
/softboxy/;/tv-foto-audio-video/;0
/solight/;/dvbt2-ovladace-solight/;0
/sony-2/;/dvd-ovladace/;0
/sony-3/;/univerzalne-ovladace/;0
/soundbary-2/;/soundbary/;0
/soundbary-k-tv/;/televizory/;0
/specialne-2/;/lnb-konvertory/;0
/spojovacie-a-kotevni-material--chemia/;/anteny-a-satelity/;0
/sport/;/bezdrotove-sluchadla/;0
/ssd-disky/;/tv-foto-audio-video/;0
/stany-bez-tiena/;/tv-foto-audio-video/;0
/stativy-2/;/tv-foto-audio-video/;0
/stativy-3/;/tv-foto-audio-video/;0
/stativy/;/tv-foto-audio-video/;0
/stojany-2/;/audio-technika/;0
/stojany-3/;/tv-foto-audio-video/;0
/stojany-na-sluchadla/;/tv-foto-audio-video/;0
/stojany/;/tv-stoliky-a-drziaky/;0
/stolove-dvd-prehravace/;/video-technika/;0
/stolove-pocitace/;/tv-foto-audio-video/;0
/studiove-mikrofony/;/audio-technika/;0
/stylusy-pre-tablety/;/tv-foto-audio-video/;0
/subwoofery-2/;/hifi-a-domace-reproduktory/;0
/subwoofery/;/hifi-a-domace-reproduktory/;0
/supravy/;/tv-foto-audio-video/;0
/svietidla-4/;/tv-foto-audio-video/;0
/switche/;/tv-foto-audio-video/;0
/symetrizacni-cleny/;/anteny/;0
/synaps/;/sat-ovladace-synaps/;0
/tablety-2/;/tablety-4/;0
/tablety-3/;/tablety-4/;0
/tablety/;/tablety-4/;0
/tasky--obaly--batohy/;/tv-foto-audio-video/;0
/tasky-k-notebookom/;/tv-foto-audio-video/;0
/tasky-s-pruchodem-pre-stozar/;/anteny-a-satelity/;0
/tasky/;/tv-foto-audio-video/;0
/tcl/;/tv-ovladace-tcl/;0
/technics/;/dvd-ovladace-technics/;0
/technika/;/tv-ovladace-technika/;0
/technisat-2/;/ovladace-k-dvb-t2/;0
/technisat-3/;/audio-ovladace/;0
/technisat/;/satelitne-ovladace/;0
/televizne-aktivni/;/anteny-a-satelity/;0
/televizory-3/;/televizory/;0
/televizory-na-12v/;/televizory/;0
/televizory-ultra-hd--4k/;/televizory/;0
/tesla-2/;/satelitne-ovladace/;0
/thomson-2/;/satelitne-ovladace/;0
/thomson-3/;/televizne-ovladace/;0
/thomson/;/ovladace-k-dvb-t2/;0
/tlaciarne-a-skenery/;/tv-foto-audio-video/;0
/tonery/;/tv-foto-audio-video/;0
/toshiba-2/;/univerzalne-ovladace/;0
/trmeny-a-spojky/;/anteny-a-satelity/;0
/tunery-a-sietove-prehravace/;/audio-technika/;0
/tv-drziaky/;/prislusenstvo-k-tv--audio--video/;0
/tv-modulatory/;/anteny-a-satelity/;0
/tv-ucastnicke-snury-2/;/av-kable/;0
/tv-ucastnicke-snury/;/koaxialne-kable/;0
/tvrdene-skla-pre-mobilne-telefony/;/audio-technika/;0
/tvrdene-sklo-a-folie/;/tv-foto-audio-video/;0
/twin-2-tv/;/lnb-konvertory/;0
/uhd-4k--televizory/;/televizory/;0
/univerzalne-2/;/tv-foto-audio-video/;0
/univerzalne/;/anteny-a-satelity/;0
/usb-a/;/tv-foto-audio-video/;0
/usb-c-kable/;/tv-foto-audio-video/;0
/usb-c-na-lightning/;/tv-foto-audio-video/;0
/usb-c-na-usb-c/;/tv-foto-audio-video/;0
/usb-c/;/tv-foto-audio-video/;0
/usb-flash-disky-2/;/tv-foto-audio-video/;0
/usb-flash-disky/;/tv-foto-audio-video/;0
/usb-huby-2/;/tv-foto-audio-video/;0
/usb-huby/;/tv-foto-audio-video/;0
/usb-kable-2/;/usb-kable-4/;0
/usb-kable-3/;/usb-kable-4/;0
/usb-kable/;/usb-kable-4/;0
/usb-na-lightning/;/tv-foto-audio-video/;0
/usb-na-micro-usb/;/tv-foto-audio-video/;0
/usb-na-usb-c/;/tv-foto-audio-video/;0
/utlumove-clanky/;/anteny-a-satelity/;0
/utp/;/av-kable/;0
/vantage/;/sat-ovladace-vantage/;0
/ventilatory-3/;/ventilatory/;0
/vestel/;/tv-ovladace-vestel/;0
/video-kable/;/tv-foto-audio-video/;0
/vodotesne-puzdro/;/tv-foto-audio-video/;0
/volanty/;/tv-foto-audio-video/;0
/vu/;/sat-ovladace-vu/;0
/vyhybky/;/zdroje-a-vyhybky/;0
/vypalovacky-a-externe-mechaniky/;/tv-foto-audio-video/;0
/vysielace-do-auta/;/tv-foto-audio-video/;0
/vysielacky/;/audio-technika/;0
/webkamery-2/;/webkamery-3/;0
/webkamery/;/webkamery-3/;0
/wi-fi-adaptery/;/anteny-a-satelity/;0
/wi-fi-extendery/;/tv-foto-audio-video/;0
/wifi-routery/;/tv-foto-audio-video/;0
/xbox-one-hry/;/tv-foto-audio-video/;0
/xbox-one-prislusenstvo/;/tv-foto-audio-video/;0
/zdroje/;/anteny-a-satelity/;0
/zemnici-drat/;/anteny-a-satelity/;0
/zemnici-pasky/;/anteny-a-satelity/;0
/zemnici-svorky/;/anteny-a-satelity/;0
/zemnici-tyce/;/anteny-a-satelity/;0
/zgemma/;/sat-ovladace-zgemma/;0
/zircon-2/;/ovladace-k-dvb-t2/;0
/zosilnovace-3/;/zosilnovace/;0
/zosilnovace-satelitne/;/satelitne-prislusenstvo/;0
/zostavy-a-sety/;/tv-foto-audio-video/;0
/zvukove-adaptery/;/tv-foto-audio-video/;0
/fotovoltika/;/fotovoltaika/;0
