/boxovaci-pytel-dbx-bushido-140-x-40-cm-prazdny/;/boxovaci-pytel-dbx-bushido-140-x-40-cm-prazdny/;0
/vidlicka-kabelova-5-5mm-neizolovana-dj441a-5b-baleni-100ks/;/vidlicka-kabelova-5-5mm-neizolovana--dj441a-5b-baleni-100ks/;0
/oko-kabelove-6-5mm-zlute-rv-5-5-6/;/oko-kabelove-6-5mm-zlute--rv-5-5-6-/;0
/oko-kabelove-6-5mm-cerne-rv3-5-6/;/oko-kabelove-6-5mm-cerne--rv3-5-6-/;0
/oko-kabelove-10-5mm-kabel-10-16mm2-rnb-14-10/;/oko-kabelove-10-5mm--kabel-10-16mm2--rnb-14-10-/;0
/spojka-lisovaci-pro-kabel-1-5-2-5mm2-bn2-baleni-100ks/;/spojka-lisovaci-pro-kabel-1-5-2-5mm2-bn2-baleni-100ks/;0
/oko-kabelove-4-3mm-zlute-rvs-5-5-4/;/oko-kabelove-4-3mm-zlute--rvs-5-5-4-/;0
/dutinka-pro-dva-kabely-0-75mm2-seda-te0-75-8-baleni-100ks/;/dutinka-pro-dva-kabely-0-75mm2-seda--te0-75-8-baleni-100ks/;0
/dutinka-pro-kabel-1mm2-celokovova-en1010-baleni-100ks/;/dutinka-pro-kabel-1mm2-celokovova--en1010-baleni-100ks/;0
/virone-250x250-plastova-revizni-dvirka-cerna/;/virone-250x250-plastova-revizni-dvirka-cerna/;0
/prodlouzeni-patice-e27-delka-9-5-cm/;/prodlouzeni-patice-e27---delka-9-5-cm/;0
/prodlouzeni-patice-e27-delka-12-cm/;/prodlouzeni-patice-e27---delka-12-cm/;0
/prodlouzeni-patice-e27-delka-6-cm/;/prodlouzeni-patice-e27---delka-6-cm/;0
/redukce-patice-e14-e27/;/redukce-patice-e14-e27/;0
/radio-tesla-sound-dab65-s-dab-certifikaci-2200-mah/;/radio-tesla-sound-dab65-s-dab--certifikaci-2200-mah/;0
/sovereign-150-45cm-prazdny-profesionalni-kozeny-boxovaci-pytel-dbx-bushido/;/sovereign-150-45cm-prazdny-profesionalni-kozeny-boxovaci-pytel-dbx-bushido/;0
/sovereign-140-45cm-50kg-profesionalni-kozeny-boxovaci-pytel-dbx-bushido/;/sovereign-140-45cm-50kg-profesionalni-kozeny-boxovaci-pytel-dbx-bushido/;0
/ars-1168a-reflexni-mic-speedbag-dbx-bushido/;/ars-1168a-reflexni-mic-speedbag-dbx-bushido/;0
/dbx-gg2-vel-s-warrior-suspenzor-dbx-bushido/;/dbx-gg2-vel-s-warrior-suspenzor-dbx-bushido/;0
/dbx-gg1-vel-l-profighter-suspenzor-dbx-bushido/;/dbx-gg1-vel-l-profighter-suspenzor-dbx-bushido/;0
/dbx-eg-vel-m-chranice-loktu-dbx-bushido/;/dbx-eg-vel-m-chranice-loktu-dbx-bushido/;0
/dbx-km-vel-m-modre-rukavice-na-karate-dbx-bushido/;/dbx-km-vel-m-modre-rukavice-na-karate-dbx-bushido/;0
/arh-2190-b-vel-l-boxerska-helma-dbx-bushido/;/arh-2190-b-vel-l-boxerska-helma-dbx-bushido/;0
/e1v7-vel-xl-mma-rukavice-dbx-bushido/;/e1v7-vel-xl-mma-rukavice-dbx-bushido/;0
/e1v7-vel-l-mma-rukavice-dbx-bushido/;/e1v7-vel-l-mma-rukavice-dbx-bushido/;0
/e1v9-b-vel-l-mma-rukavice-dbx-bushido/;/e1v9-b-vel-l-mma-rukavice-dbx-bushido/;0
/gm-2-chranic-kloubu-s-omotavkou-dbx-bushido/;/gm-2-chranic-kloubu-s-omotavkou-dbx-bushido/;0
/b-2v14-14-oz-boxerske-rukavice-dbx-bushido/;/b-2v14-14-oz-boxerske-rukavice-dbx-bushido/;0
/b-2v14-10-oz-boxerske-rukavice-dbx-bushido/;/b-2v14-10-oz-boxerske-rukavice-dbx-bushido/;0
/b-2v12-16-oz-boxerske-rukavice-dbx-bushido/;/b-2v12-16-oz-boxerske-rukavice--dbx-bushido/;0
/arm-2011d-vel-l-mma-rukavice-dbx-bushido/;/arm-2011d-vel-l-mma-rukavice-dbx-bushido/;0
/b-2v12-10-oz-boxerske-rukavice-dbx-bushido/;/b-2v12-10-oz-boxerske-rukavice--dbx-bushido/;0
/b-2v12-6-oz-boxerske-rukavice-dbx-bushido/;/b-2v12-6-oz-boxerske-rukavice--dbx-bushido/;0
/ks-2-40-cm-treninkovy-blok-dbx-bushido/;/ks-2-40-cm-treninkovy-blok-dbx-bushido/;0
/mma-rukavice-dbx-bushido-e1v6-vel-m/;/mma-rukavice-dbx-bushido-e1v6-vel--m/;0
/ars-1201a-treninkovy-blok-dbx-bushido/;/ars-1201a-treninkovy-blok-dbx-bushido/;0
/arb-415-16-oz-boxerske-rukavice-dbx-bushido/;/arb-415-16-oz-boxerske-rukavice-dbx-bushido/;0
/dvojita-boxovaci-hruska-dbx-bushido-ars-1153/;/dvojita-boxovaci-hruska-dbx-bushido-ars-1153/;0
/boxerske-rukavice-dbx-bushido-b-2v6-vel-14-oz/;/boxerske-rukavice-dbx-bushido-b-2v6-vel-14-oz/;0
/boxerske-rukavice-dbx-bushido-dbd-b-2-vel-14-oz/;/boxerske-rukavice-dbx-bushido-dbd-b-2-vel-14-oz/;0
/gelove-rukavice-dbx-bushido-cervene-vel-l-xl/;/gelove-rukavice-dbx-bushido-cervene-vel--l-xl/;0
/gelove-rukavice-dbx-bushido-cervene-vel-s-m/;/gelove-rukavice-dbx-bushido-cervene-vel--s-m/;0
/boxerska-omotavka-dbx-bushido-modra/;/boxerska-omotavka-dbx-bushido-modra/;0
/boxerska-omotavka-dbx-bushido-cervena/;/boxerska-omotavka-dbx-bushido-cervena/;0
/1-36-kg-zatezova-vesta-dbx-bushido/;/1-36-kg-zatezova-vesta-dbx-bushido/;0
/1-30-kg-zatezova-vesta-dbx-bushido/;/1-30-kg-zatezova-vesta-dbx-bushido/;0
/1-10-kg-zatezova-vesta-dbx-bushido/;/1-10-kg-zatezova-vesta-dbx-bushido/;0
/arb-415-14-oz-boxerske-rukavice-dbx-bushido/;/arb-415-14-oz-boxerske-rukavice-dbx-bushido/;0
/chranic-holeni-dbx-bushido-dbd-sp-11-vel-l/;/chranic-holeni-dbx-bushido-dbd-sp-11-vel-l/;0
/chranic-holeni-dbx-bushido-dbd-sp-10-vel-xl/;/chranic-holeni-dbx-bushido-dbd-sp-10-vel--xl/;0
/chranic-holeni-dbx-bushido-dbd-sp-10-vel-l/;/chranic-holeni-dbx-bushido-dbd-sp-10-vel-l/;0
/chranic-holeni-dbx-bushido-dbd-sp-11-vel-m/;/chranic-holeni-dbx-bushido-dbd-sp-11-vel-m/;0
/chranic-holeni-dbx-bushido-dbd-sp-10-vel-m/;/chranic-holeni-dbx-bushido-dbd-sp-10-vel-m/;0
/md-obdelnikovy-drzak-na-boxovacy-pytel-do-150-kg-dbx-bushido/;/md-obdelnikovy-drzak-na-boxovacy-pytel-do-150-kg-dbx-bushido/;0
/ctvercovy-stropni-drzak-na-boxovaci-pytel-do-50-kg-dbx-bushido/;/ctvercovy-stropni-drzak-na-boxovaci-pytel-do-50-kg-dbx-bushido/;0
/boxovaci-pytel-dbx-bushido-180-cm-60-kg/;/boxovaci-pytel-dbx-bushido-180-cm-60-kg/;0
/boxovaci-pytel-dbx-bushido-160-cm-50-kg/;/boxovaci-pytel-dbx-bushido-160-cm-50-kg/;0
/boxovaci-pytel-dbx-bushido-180-x-45-cm-prazdny/;/boxovaci-pytel-dbx-bushido-180-x-45-cm-prazdny/;0
/boxovaci-pytel-dbx-bushido-160-x-40-cm-prazdny/;/boxovaci-pytel-dbx-bushido-160-x-40-cm-prazdny/;0
/boxovaci-pytel-dbx-bushido-150-x-40-cm-prazdny/;/boxovaci-pytel-dbx-bushido-150-x-40-cm-prazdny/;0
/arf-1101-boxerske-lapy-dbx-bushido/;/arf-1101-boxerske-lapy-dbx-bushido/;0
/boxovaci-hruska-dbx-bushido-ars-1152/;/boxovaci-hruska-dbx-bushido-ars-1152/;0
/reflexni-mic-speedbag-dbx-bushido-pr/;/reflexni-mic--speedbag-dbx-bushido-pr/;0
/reflexni-mic-speedbag-dbx-bushido-ars-1164a/;/reflexni-mic--speedbag-dbx-bushido-ars-1164a/;0
/boxerske-rukavice-dbx-bushido-dbd-b-3-14-oz/;/boxerske-rukavice-dbx-bushido-dbd-b-3-14-oz/;0
/boxerske-rukavice-dbx-bushido-dbd-b-3-12-oz/;/boxerske-rukavice-dbx-bushido-dbd-b-3-12-oz/;0
/mma-rukavice-dbx-bushido-e1v3-vel-xl/;/mma-rukavice-dbx-bushido-e1v3-vel--xl/;0
/mma-rukavice-dbx-bushido-e1v3-vel-l/;/mma-rukavice-dbx-bushido-e1v3-vel--l/;0
/mma-rukavice-dbx-bushido-arm-2014a-vel-l-xl/;/mma-rukavice-dbx-bushido-arm-2014a-vel--l-xl/;0
/mma-rukavice-dbx-bushido-e1v1-vel-xl/;/mma-rukavice-dbx-bushido-e1v1-vel--xl/;0
/mma-rukavice-dbx-bushido-e1v4-vel-m/;/mma-rukavice-dbx-bushido-e1v4-vel--m/;0
/mma-rukavice-dbx-bushido-e1v3-vel-m/;/mma-rukavice-dbx-bushido-e1v3-vel--m/;0
/mma-rukavice-dbx-bushido-e1v1-vel-m/;/mma-rukavice-dbx-bushido-e1v1-vel--m/;0
/mma-rukavice-dbx-bushido-arm-2014a-vel-s-m/;/mma-rukavice-dbx-bushido-arm-2014a-vel--s-m/;0
/tko07-takticka-zatezova-vesta-6-5kg-hms-premium/;/tko07-takticka-zatezova-vesta-6-5kg-hms-premium/;0
/kor09-zatezova-vesta-9kg-hms/;/kor09-zatezova-vesta-9kg-hms/;0
/kto08-zatezova-vesta-hms/;/kto08-zatezova-vesta-hms/;0
/rp03-treninkove-posilovaci-lano-hms/;/rp03-treninkove-posilovaci-lano-hms/;0
/krabice-instalacni-rozbocovaci-fd-16-orno-6410-20-plastova-s-naklap-vickem-14x-2-5mm2-na-omitku-ip54/;/krabice-instalacni-rozbocovaci-fd-16-orno-6410-20--plastova--s-naklap--vickem--14x-2-5mm2--na-omitku--ip54/;0
/ins-krabice-instalacni-rozbocovaci-fd-4-orno-or-jb-13806-w-plastova-se-sroub-vickem-4x2-5mm2-na-omitku-ip44/;/ins-krabice-instalacni-rozbocovaci-fd--4-orno-or-jb-13806-w-plastova--se-sroub--vickem--4x2-5mm2--na-omitku--ip44/;0
/pripravek-proti-skudcum-sanium-ultra-30ml-okrasne-rostliny-ovoce-a-zelenina/;/pripravek-proti-skudcum-sanium-ultra-30ml-okrasne-rostliny--ovoce-a-zelenina/;0
/pripravek-proti-skudcum-sanium-ultra-2x5ml-okrasne-rostliny-ovoce-a-zelenina/;/pripravek-proti-skudcum-sanium-ultra-2x5ml-okrasne-rostliny--ovoce-a-zelenina/;0
/pripravek-proti-skudcum-sanium-ultra-100ml-okrasne-rostliny-ovoce-a-zelenina/;/pripravek-proti-skudcum-sanium-ultra-100ml-okrasne-rostliny--ovoce-a-zelenina/;0
/velamp-lr6-4usb-aa-nabijeci-baterie-s-usb-c/;/velamp-lr6-4usb-aa-nabijeci-baterie-s-usb-c/;0
/pruchodka-m25-s-koncovkou-pro-husi-krk-25mm-ad25/;/pruchodka-m25-s-koncovkou-pro-husi-krk-25mm--ad25/;0
/digitalni-piano-kruger-matz-kmdp-45p-bk-cerne-se-stojanem/;/digitalni-piano-kruger-matz-kmdp-45p-bk-cerne-se-stojanem/;0
/proudovy-transformator-trifazovy-orno-or-we-535-120a-230-400v-tuya-smart-wi-fi/;/proudovy-transformator-trifazovy-orno-or-we-535-120a--230-400v--tuya-smart-wi-fi/;0
/pir-senzor-pohybove-cidlo-orno-or-cr-275-w/;/pir-senzor--pohybove-cidlo--orno-or-cr-275-w/;0
/odbocovac-its-dqc-112-quicoax-5-2400-mhz-12db/;/odbocovac-its-dqc-112-quicoax-5-2400-mhz-12db/;0
/detektor-oxidu-uhelnateho-virone-dc-11/;/detektor-oxidu-uhelnateho-virone-dc-11/;0
/prodluzovaci-kabel-orno-or-ae-13295-5m/;/prodluzovaci-kabel-orno-or-ae-13295-5m/;0
/hodiny-spinaci-na-din-listu-orno-or-pre-464-astronomic/;/hodiny-spinaci-na-din-listu-orno-or-pre-464--astronomic/;0
/mechanicky-casovy-spinac-na-din-listu-orno-or-pre-468/;/mechanicky-casovy-spinac-na-din-listu-orno-or-pre-468/;0
/elektromer-3f-na-din-listu-trifazovy-orno-or-we-528-digitalni-mid/;/elektromer-3f-na-din-listu-trifazovy-orno-or-we-528-digitalni--mid/;0
/elektromer-3f-na-din-listu-trifazovy-orno-or-we-531-digitalni-mid-obousmerny/;/elektromer-3f-na-din-listu-trifazovy-orno-or-we-531-digitalni--mid--obousmerny/;0
/elektromer-3f-na-din-listu-trifazovy-virone-em-10-analogovy/;/elektromer-3f-na-din-listu-trifazovy-virone-em-10-analogovy/;0
/elektromer-1f-na-din-listu-analogovy-virone-em-8-40a/;/elektromer-1f-na-din-listu-analogovy-virone-em-8--40a/;0
/elektronicky-casovy-spinac-na-din-listu-orno-or-pre-451-astronomic/;/elektronicky-casovy-spinac-na-din-listu-orno-or-pre-451-astronomic/;0
/zarovka-led-w2-5x16d-t25-3156-12v-5w-bila-27x-smd5730/;/zarovka-led-w2-5x16d--t25-3156--12v--5w-bila--27x-smd5730/;0
/zarovka-led-t15-12v-11w-bila-2x-smd3570/;/zarovka-led-t15-12v-11w-bila--2x-smd3570/;0
/zarovka-led-sv8-5-8-sufit-12v-1-6w-8xled2835-bila-delka-41mm/;/zarovka-led-sv8-5-8-sufit--12v-1-6w--8xled2835--bila--delka-41mm/;0
/zarovka-led-sv8-5-8-sufit-39mm-12v-24w-bila/;/zarovka-led-sv8-5-8-sufit-39mm-12v-24w-bila/;0
/zarovka-led-bay15d-10-30v-8w-bila-33x-smd5730/;/zarovka-led-bay15d-10-30v-8w-bila--33x-smd5730/;0
/multiprepinac-tesla-by-teletek-9-80/;/multiprepinac-tesla-by-teletek-9-80/;0
/multiprepinac-tesla-by-teletek-9-48/;/multiprepinac-tesla-by-teletek-9-48/;0
/multiprepinac-tesla-by-teletek-9-32/;/multiprepinac-tesla-by-teletek-9-32/;0
/krabice-do-sadrokartonu-orno-or-jb-13819/;/krabice-do-sadrokartonu-orno-or-jb-13819/;0
/privodka-vestavna-se-zmenou-faze-13325-ip66-67-400v-32a-5p-6h-uhel-90-speedpro/;/privodka-vestavna-se-zmenou-faze-13325-ip66-67-400v-32a-5p-6h--uhel-90-speedpro/;0
/privodka-nastenna-se-zmenou-faze-13321-ip44-54-400v-32a-5p-6h-speedpro/;/privodka-nastenna-se-zmenou-faze-13321-ip44-54-400v-32a-5p-6h-speedpro/;0
/orno-noen-rj45-zasuvka-modul-pro-norgen-panel-cerny/;/orno-noen-rj45-zasuvka-modul-pro-norgen-panel-cerny/;0
/orno-norgen-or-gm-9010-g-nabytkovy-pripojovaci-panel/;/orno-norgen-or-gm-9010-g-nabytkovy-pripojovaci-panel/;0
/compass-07157-load-1a-6-12v/;/compass-07157-load-1a-6-12v/;0
/nahradni-objimka-na-kolo-leva-pro-nosic-dolphin-3-a-4/;/nahradni-objimka-na-kolo-leva-pro-nosic-dolphin-3-a-4/;0
/nahradni-zakonceni-profilu-plast-pro-nosic-dolphin-3-a-4/;/nahradni-zakonceni-profilu-plast-pro-nosic-dolphin-3-a-4/;0
/nahradni-zakonceni-profilu-plast-pro-nosic-e-bike/;/nahradni-zakonceni-profilu-plast-pro-nosic-e-bike/;0
/nahradni-drzak-kola-dlouhy-se-zamkem-pro-nosic-e-bike/;/nahradni-drzak-kola-dlouhy-se-zamkem-pro-nosic-e-bike/;0
/vidlicka-kabelova-5-3mm-modra-svs-2-5-baleni-100ks/;/vidlicka-kabelova-5-3mm-modra--svs-2-5-baleni-100ks/;0
/led-schodistove-svitidlo-orno-cygnus-or-os-1530l3-br/;/led-schodistove-svitidlo-orno-cygnus-or-os-1530l3-br/;0
/prodluzovaci-kabel-s-vypinacem-orno-or-ae-13298-5m/;/prodluzovaci-kabel-s-vypinacem-orno-or-ae-13298-5m/;0
/prodluzovaci-kabel-s-vypinacem-orno-or-ae-13298-3m/;/prodluzovaci-kabel-s-vypinacem-orno-or-ae-13298-3m/;0
/vidlice-orno-or-ae-1379-w-uhlova-pro-prodluzovaci-kabel-bila/;/vidlice-orno-or-ae-1379-w-uhlova-pro-prodluzovaci-kabel--bila/;0
/zasuvka-prima-orno-or-ae-13258-gumova-cerna/;/zasuvka-prima-orno-or-ae-13258-gumova--cerna/;0
/pir-senzor-pohybove-cidlo-orno-or-cr-236-b-2/;/pir-senzor--pohybove-cidlo--orno-or-cr-236-b-2/;0
/pir-senzor-pohybove-cidlo-orno-or-cr-236-b/;/pir-senzor--pohybove-cidlo--orno-or-cr-236-b/;0
/robot-rebel-voice-blue/;/robot-rebel-voice-blue/;0
/herni-kreslo-kruger-matz-gx-150-cerno-sede/;/herni-kreslo-kruger-matz-gx-150--cerno-sede/;0
/tesla-secureq-i13-rfid-cip/;/tesla-secureq-i13-rfid-cip/;0
/tesla-secureq-i13-napajeci-adapter/;/tesla-secureq-i13-napajeci-adapter/;0
/tesla-secureq-i13-bezdratovy-detektor-pohybu/;/tesla-secureq-i13-bezdratovy-detektor-pohybu/;0
/nabijecka-bezdratova-kruger-matz-km0858/;/nabijecka-bezdratova-kruger-matz-km0858/;0
/chranicka-do-zeme-dvouplastova-pe-kabuflex-r-50-po-50-m-frankische-19132050/;/chranicka-do-zeme-dvouplastova-pe-kabuflex-r-50-po-50-m-frankische-19132050/;0
/kabel-koaxialni-rg58a-u-venkovni-laneny-100m-5-mm-50-ohm-cerny/;/kabel-koaxialni-rg58a-u-venkovni-laneny-100m-5-mm-50-ohm-cerny--/;0
/stahovaci-pasky-ocelove-nerezove-360-x-4-6-mm-25ks-baleni/;/stahovaci-pasky-ocelove-nerezove-360-x-4-6-mm--25ks-baleni/;0
/stahovaci-pasky-ocelove-nerezove-250-x-4-6-mm-25ks-baleni/;/stahovaci-pasky-ocelove-nerezove-250-x-4-6-mm--25ks-baleni/;0
/stahovaci-pasky-ocelove-nerezove-150-x-7-9-mm-25ks-baleni/;/stahovaci-pasky-ocelove-nerezove-150-x-7-9-mm--25ks-baleni/;0
/silovy-vodic-h07v-k-6-00-tmave-modra-cya/;/silovy-vodic-h07v-k-6-00-tmave-modra--cya-/;0
/silovy-vodic-h07v-k-6-00-seda-cya/;/silovy-vodic-h07v-k-6-00-seda--cya-/;0
/silovy-vodic-h07v-k-1-50-hneda-cya/;/silovy-vodic-h07v-k-1-50-hneda--cya-/;0
/silovy-vodic-h07v-k-1-50-zlutozelena-cya/;/silovy-vodic-h07v-k-1-50-zlutozelena--cya-/;0
/silovy-vodic-h07v-k-1-50-cervena-cya/;/silovy-vodic-h07v-k-1-50-cervena--cya-/;0
/silovy-vodic-h07v-k-1-50-svetle-modra-cya/;/silovy-vodic-h07v-k-1-50-svetle-modra--cya-/;0
/kamerovy-set-kruger-matz-connect-c210-tuya-wi-fi/;/kamerovy-set-kruger-matz-connect-c210-tuya-wi-fi/;0
/pojistkovy-drzak-do-dps-s-pro-autopojistky-11x9mm-mini/;/pojistkovy-drzak-do-dps-s-pro-autopojistky-11x9mm--mini/;0
/distribucni-blok-8-pojistek-pojistkovy-drzak/;/distribucni-blok-8-pojistek--pojistkovy-drzak-/;0
/distribucni-blok-6-pojistek-pojistkovy-drzak/;/distribucni-blok-6-pojistek--pojistkovy-drzak-/;0
/pojistka-trubickova-6x30-f-4a/;/pojistka-trubickova-6x30-f-4a/;0
/pojistka-trubickova-6x30-f-2a/;/pojistka-trubickova-6x30-f-2a/;0
/pojistka-trubickova-6x30-f-1-25a/;/pojistka-trubickova-6x30-f-1-25a/;0
/pojistka-trubickova-5x20-t-8a/;/pojistka-trubickova-5x20-t-8a/;0
/pojistka-trubickova-5x20-t-3-15a/;/pojistka-trubickova-5x20-t-3-15a/;0
/pojistka-trubickova-5x20-t-125ma/;/pojistka-trubickova-5x20-t-125ma/;0
/pojistka-trubickova-5x20-t-100ma/;/pojistka-trubickova-5x20-t-100ma/;0
/pojistka-trubickova-5x20-f-500ma-tgl/;/pojistka-trubickova-5x20-f-500ma-tgl/;0
/pojistka-trubickova-5x20-f-4a/;/pojistka-trubickova-5x20-f-4a/;0
/pojistka-trubickova-5x20-f-250ma/;/pojistka-trubickova-5x20-f-250ma/;0
/pojistka-trubickova-5x20-f-200ma/;/pojistka-trubickova-5x20-f-200ma/;0
/pojistka-trubickova-5x20-f-125ma-obzor-plzen/;/pojistka-trubickova-5x20-f-125ma-obzor-plzen/;0
/pojistka-trubickova-5x20-f-1-25a/;/pojistka-trubickova-5x20-f-1-25a/;0
/autopojistka-trubickova-26mm-8a/;/autopojistka-trubickova-26mm-8a/;0
/autopojistka-midi-50a/;/autopojistka-midi-50a/;0
/autopojistka-midi-100a/;/autopojistka-midi-100a/;0
/autopojistka-7-5a-mini-11x9mm/;/autopojistka-7-5a-mini-11x9mm/;0
/autopojistka-50a-maxi-29x22mm/;/autopojistka-50a-maxi-29x22mm/;0
/autopojistka-25a-19x12mm/;/autopojistka-25a-19x12mm/;0
/zasuvka-rebel-urz3257-gumova/;/zasuvka-rebel-urz3257-gumova/;0
/orno-or-psu-1643-din-zdroj-spinany-12v-dc-2a-24w-na-din-listu/;/orno-or-psu-1643-din-zdroj-spinany-12v-dc-2a--24w-na-din-listu/;0
/orno-or-psu-1642-din-zdroj-spinany-12v-dc-1-25a-15w-na-din-listu/;/orno-or-psu-1642-din-zdroj-spinany-12v-dc-1-25a--15w-na-din-listu/;0
/adapter-s-iec-vyhybkou-rebel-urz1192a-12v-100ma/;/adapter-s-iec-vyhybkou-rebel-urz1192a--12v-100ma/;0
/svorky-na-autobaterii-rychloupinaci-par-a-2/;/svorky-na-autobaterii-rychloupinaci-par-a--2/;0
/kabel-sykfy-2x2x0-5/;/kabel-sykfy-2x2x0-5/;0
/sada-kabelovych-ocek-3-8mm-lisovacich-102ks/;/sada-kabelovych-ocek-3-8mm-lisovacich--102ks/;0
/sada-kabelovych-ocek-3-10mm-lisovacich-150ks/;/sada-kabelovych-ocek-3-10mm-lisovacich--150ks/;0
/oko-kabelove-6-5mm-kabel-1-5-2-5mm2-rnb-2-6/;/oko-kabelove-6-5mm--kabel-1-5-2-5mm2--rnb-2-6-/;0
/oko-kabelove-5-5mm-neizolovane-dj431-5c/;/oko-kabelove-5-5mm-neizolovane--dj431-5c-/;0
/oko-kabelove-5-3mm-cervene-rv-1-25-5/;/oko-kabelove-5-3mm-cervene--rv-1-25-5-/;0
/oko-kabelove-4-3mm-cervene-rvs-1-25-4/;/oko-kabelove-4-3mm-cervene--rvs-1-25-4-/;0
/oko-kabelove-3-2mm-neizolovane-y3-2-5-baleni-100ks/;/oko-kabelove-3-2mm-neizolovane--y3-2-5-baleni-100ks/;0
/oko-kabelove-13mm-kabel-10-16mm2-rnb-14-12/;/oko-kabelove-13mm--kabel-10-16mm2--rnb-14-12-/;0
/oko-kabelove-10-5mm-kabel-4-6mm2-rnb-5-5-10/;/oko-kabelove-10-5mm--kabel-4-6mm2--rnb-5-5-10-/;0
/dutinka-pro-dva-kabely-2-5mm2-seda-te2-5-10/;/dutinka-pro-dva-kabely-2-5mm2-seda--te2-5-10-/;0
/dutinka-pro-dva-kabely-2-5mm2-modra-te2-5-10/;/dutinka-pro-dva-kabely-2-5mm2-modra--te2-5-10-/;0
/dutinka-pro-dva-kabely-1-5mm2-cerna-te1-5-8/;/dutinka-pro-dva-kabely-1-5mm2-cerna--te1-5-8-/;0
/sada-dutinek-izolovanych-5-druhu-haupa-270850-celkem-400ks/;/sada-dutinek-izolovanych--5-druhu--haupa--270850--celkem-400ks/;0
/sada-dutinek-izolovanych-0-5-6mm2-celkem-400ks/;/sada-dutinek-izolovanych--0-5-6mm2--celkem-400ks/;0
/dutinka-pro-kabel-6mm2-zelena-e6018/;/dutinka-pro-kabel-6mm2-zelena--e6018/;0
/dutinka-pro-kabel-6mm2-cerna-e6012/;/dutinka-pro-kabel-6mm2-cerna--e6012/;0
/dutinka-pro-kabel-6mm2-celokovova-en6012/;/dutinka-pro-kabel-6mm2-celokovova--en6012/;0
/dutinka-pro-kabel-2-5mm2-modra-e2512/;/dutinka-pro-kabel-2-5mm2-modra--e2512/;0
/dutinka-pro-kabel-2-5mm2-celokovova-en2512-baleni-100ks/;/dutinka-pro-kabel-2-5mm2-celokovova--en2512-baleni-100ks/;0
/dutinka-pro-kabel-16mm2-celokovova-en16-15/;/dutinka-pro-kabel-16mm2-celokovova--en16-15-/;0
/dutinka-pro-kabel-0-5mm2-oranzova-e0508-baleni-100ks/;/dutinka-pro-kabel-0-5mm2-oranzova--e0508-baleni-100ks/;0
/dutinka-pro-kabel-0-5mm2-celokovova-en0506/;/dutinka-pro-kabel-0-5mm2-celokovova--en0506/;0
/smrstovaci-pajeci-kabelove-spojky-s-cinem-sada-60ks/;/smrstovaci-pajeci-kabelove-spojky-s-cinem--sada-60ks/;0
/spojka-kloboucek-sroubovaci-pro-kabely-do-6mm2/;/spojka-kloboucek-sroubovaci-pro-kabely-do-6mm2/;0
/spojka-kloboucek-sroubovaci-pro-kabely-do-4mm2/;/spojka-kloboucek-sroubovaci-pro-kabely-do-4mm2/;0
/spojka-kloboucek-sroubovaci-pro-kabely-do-25mm2/;/spojka-kloboucek-sroubovaci-pro-kabely-do-25mm2/;0
/spojka-kloboucek-sroubovaci-pro-kabely-do-16mm2/;/spojka-kloboucek-sroubovaci-pro-kabely-do-16mm2/;0
/spojka-kloboucek-sroubovaci-pro-kabely-do-10mm2/;/spojka-kloboucek-sroubovaci-pro-kabely-do-10mm2/;0
/spojka-kloboucek-lisovaci-do-prumeru-6mm/;/spojka-kloboucek-lisovaci-do-prumeru-6mm/;0
/rychlospojka-paralelni-zluta-kabely-2-6-6-6mm2/;/rychlospojka-paralelni-zluta-kabely-2-6-6-6mm2/;0
/spojka-lisovaci-pro-kabel-2-5-4mm2-bn3-5/;/spojka-lisovaci-pro-kabel-2-5-4mm2-bn3-5-/;0
/spojka-lisovaci-pro-kabel-16mm2-bn14/;/spojka-lisovaci-pro-kabel-16mm2-bn14/;0
/spojka-lisovaci-pro-kabel-10mm2-bn8/;/spojka-lisovaci-pro-kabel-10mm2-bn8/;0
/sada-konektoru-izolovanych-faston-ocko-vidlicka-spojka-250ks/;/sada-konektoru-izolovanych-faston--ocko--vidlicka--spojka-250ks/;0
/vidlicka-kabelova-6-5mm-zluta-svs-5-5-6/;/vidlicka-kabelova-6-5mm-zluta--svs-5-5-6-/;0
/vidlicka-kabelova-5-3mm-zluta-sv-5-5-5/;/vidlicka-kabelova-5-3mm-zluta--sv-5-5-5-/;0
/vidlicka-kabelova-3-7mm-cervena-svs-1-25-3-5/;/vidlicka-kabelova-3-7mm-cervena--svs-1-25-3-5-/;0
/rozvadec-tsmf-8-plastovy-1x8p-zapustny/;/rozvadec-tsmf-8-plastovy-1x8p-zapustny/;0
/adapter-kruger-matz-km1246-usb-usb-c/;/adapter-kruger-matz-km1246-usb-usb-c/;0
/vodic-h07v-k-cya-lanko-cu-35mm2-cerveny/;/vodic-h07v-k-cya--lanko-cu-35mm2--cerveny/;0
/vodic-h07v-k-cya-lanko-cu-35mm2-cerny/;/vodic-h07v-k-cya--lanko-cu-35mm2--cerny/;0
/amiko-impulse-3-set-top-box-dvb-t2-c-h-265-hevc/;/amiko-impulse-3-set-top-box-dvb-t2-c--h-265-hevc-/;0
/dalkovy-ovladac-tesla-te-323-originalni/;/dalkovy-ovladac-tesla-te-323-originalni/;0
/dalkovy-ovladac-alma-2880-tesla-te-380-mini/;/dalkovy-ovladac-alma-2880-tesla-te-380-mini/;0
/optibox-zebra-dalkovy-ovladac-s-pvr-originalni/;/optibox-zebra-dalkovy-ovladac--s-pvr-originalni/;0
/meteorologicka-stanice-s-24hod-7denni-predpovedi-garni-2060-arcus-s-wi-fi/;/meteorologicka-stanice-s-24hod--7denni-predpovedi-garni-2060-arcus-s-wi-fi/;0
/bezdratove-cidlo-pro-mereni-ovlhceni-listu-garni-098w/;/bezdratove-cidlo-pro-mereni-ovlhceni-listu-garni-098w/;0
/bezdratove-cidlo-pro-mereni-vlhkosti-pudy-garni-096s/;/bezdratove-cidlo-pro-mereni-vlhkosti-pudy-garni-096s/;0
/soundbar-tesla-primesound-hq-990-dolby-atmos-2-1/;/soundbar-tesla-primesound-hq-990-dolby-atmos-2-1/;0
/tester-rotace-fazi-a-indikator-otacek-motoru-voltcraft-vc-32/;/tester-rotace-fazi-a-indikator-otacek-motoru-voltcraft-vc-32/;0
/soundbar-tesla-primesound-hq-880-2-1-soundbar/;/soundbar-tesla-primesound-hq-880-2-1-soundbar/;0
/budik-analogovy-technoline-modell-xl-blue/;/budik-analogovy-technoline-modell-xl-blue/;0
/budik-analogovy-technoline-modell-xl-silver/;/budik-analogovy-technoline-modell-xl-silver/;0
/hodiny-nastenne-technoline-wt-7160/;/hodiny-nastenne-technoline-wt-7160/;0
/hodiny-nastenne-technoline-wt-1016/;/hodiny-nastenne-technoline-wt-1016/;0
/hodiny-nastenne-technoline-776043-drevene/;/hodiny-nastenne-technoline-776043-drevene/;0
/hodiny-nastenne-technoline-wt-1019/;/hodiny-nastenne-technoline-wt-1019/;0
/hodiny-nastenne-technoline-wt-7981/;/hodiny-nastenne-technoline-wt-7981/;0
/hodiny-nastenne-technoline-wt-8235-gold/;/hodiny-nastenne-technoline-wt-8235-gold/;0
/hodiny-nastenne-technoline-wt-4100/;/hodiny-nastenne-technoline-wt-4100/;0
/hodiny-technoline-wt-3100-do-koupelny/;/hodiny-technoline-wt-3100-do-koupelny/;0
/hodiny-nastenne-technoline-modell-h-grey/;/hodiny-nastenne-technoline-modell-h-grey/;0
/bezdratove-cidlo-koncentrace-co2-garni-102q/;/bezdratove-cidlo-koncentrace-co2-garni-102q/;0
/teletek-multiprepinac-13-50/;/teletek-multiprepinac-13-50/;0
/meteorologicka-stanice-s-6denni-predpovedi-garni-1085-arcus/;/meteorologicka-stanice-s-6denni-predpovedi-garni-1085-arcus/;0
/garni-072l-cidlo-detekce-blesku/;/garni-072l-cidlo-detekce-blesku/;0
/garni-071s-bezdratove-cidlo-pro-mereni-teploty-a-relativni-vlhkosti-pudy/;/garni-071s-bezdratove-cidlo-pro-mereni-teploty-a-relativni-vlhkosti-pudy/;0
/bezdratove-cidlo-garni-056h/;/bezdratove-cidlo-garni-056h/;0
/garni-3055-arcus-wi-fi-meteorologicka-stanice/;/garni-3055-arcus-wi-fi-meteorologicka-stanice/;0
/inverto-ultra-twin-hgln-40-mm-0-2-db/;/inverto-ultra-twin-hgln-40-mm-0-2-db/;0
/konzola-atos-wifi-15-cm-mini/;/konzola-atos-wifi-15-cm-mini/;0
/tesla-multifeed-single-lnb-konvertor-s-lte-filtrem/;/tesla-multifeed-single-lnb-konvertor-s-lte-filtrem/;0
/budik-digitalni-projekcni-technoline-wt-519/;/budik-digitalni-projekcni-technoline-wt-519/;0
/amiko-multitracker-3/;/amiko-multitracker-3/;0
/amiko-tsc-1270/;/amiko-tsc-1270/;0
/alcad-ca-210/;/alcad-ca-210/;0
/meteorologicka-stanice-ws-9255/;/meteorologicka-stanice-ws-9255/;0
/meteorologicka-stanice-ws-9050/;/meteorologicka-stanice-ws-9050/;0
/kabel-koaxialni-10m-2xf-konektor/;/kabel-koaxialni-10m-2xf-konektor/;0
/zdroj-alcad-al-105-2xvystup-12v-100ma-napajeci/;/zdroj-alcad-al-105--2xvystup--12v-100ma--napajeci/;0
/inverto-home-pro-quattro-universal-40mm-pll-lnb/;/inverto-home-pro-quattro-universal-40mm-pll-lnb/;0
