/baterie-lifepo4-12-8v-345ah-solarfam-ast-345-s-vyhrevem-bluetooth/;/akumulatory-a-baterie/;0
/zalozni-zdroj-mhpower-mpl-1200-12-ups-1200w-12v-cisty-sinus-podpora-lifepo4/;/zalozne-zdroje-a-ups/;0
/zalozni-zdroj-mhpower-mpl-1050-12-ups-1050w-12v-cisty-sinus-podpora-lifepo4/;/zalozne-zdroje-a-ups/;0
/zalozni-zdroj-mhpower-wpu-1050-12-ups-1050w-cisty-sinus-12v/;/zalozne-zdroje-a-ups/;0
/kabelova-vyvodka-pg-9-scame-805-3341-ip66-4-8mm-s-matici/;/rozvadzacove-prvky/;0
/cestovni-univerzalni-adapter-emos-p0055u-pro-cizince-do-stredni-evropy-1-usb-c-1-usb-a/;/elektronika-do-auta/;0
/kabelova-stresni-pruchodka-s-mc4-konektory-cerna-double/;/fotovoltaika/;0
/baterie-lifepo4-12-8v-100ah-solarfam-ast-100-s-vyhrevem-bluetooth/;/akumulatory-a-baterie/;0
/prodluzovaci-kabel-emos-p1513fc-3-m-5-zasuvky-s-vypinacem-bilo-sedy-1-usb-a-1-usb-c-1-5-mm2/;/elektronika-do-auta/;0
/led-zarovka-deco-smoked-g125-e27-4-5-w-19-w-180-lm-flame/;/led-osvetlenie/;0
/led-zarovka-deco-smoked-g95-e27-4-5-w-19-w-180-lm-flame/;/led-osvetlenie/;0
/led-zarovka-deco-smoked-st64-e27-4-5-w-19-w-180-lm-flame/;/led-osvetlenie/;0
/led-zarovka-deco-smoked-a60-e27-4-5-w-19-w-180-lm-flame/;/led-osvetlenie/;0
/led-zarovka-filament-a60-e27-11-w-100-w-1-521-lm-neutralni-bila-stmivatelna/;/led-osvetlenie/;0
/led-zarovka-filament-a60-e27-11-w-100-w-1-521-lm-tepla-bila-stmivatelna/;/led-osvetlenie/;0
/led-nocni-svetlo-emos-p3326-do-zasuvky/;/led-osvetlenie/;0
/led-nocni-svetlo-emos-p3325-medved-nabijeci/;/led-osvetlenie/;0
/led-zarovka-deco-s123-e27-4-w-16-w-150-lm-flame/;/led-osvetlenie/;0
/led-zarovka-deco-g130sra-e27-4-w-22-w-220-lm-flame/;/led-osvetlenie/;0
/led-zarovka-deco-g130oa-e27-4-w-22-w-220-lm-flame/;/led-osvetlenie/;0
/led-zarovka-deco-t30-e27-2-w-11-w-100-lm-flame/;/led-osvetlenie/;0
/led-zarovka-deco-cg125a-e27-4-5-w-24-w-240-lm-flame/;/led-osvetlenie/;0
/led-zarovka-deco-s123-e27-3-5-w-14-w-130-lm-flame/;/led-osvetlenie/;0
/led-varovny-trojuhelnik-emos-p4010-nabijeci-cob-led-cervena-led/;/led-osvetlenie/;0
/led-zarovka-classic-mr16-gu10-7-w-60-w-800-lm-tepla-bila-stmivatelna/;/led-osvetlenie/;0
/zasuvka-emos-p0074-rozbocovaci-1-1-usb-a-1-usb-c-bila/;/elektronika-do-auta/;0
/zasuvka-emos-p0076pd-rozbocovaci-2-1-usb-a-1-usb-c-bilo-seda/;/elektronika-do-auta/;0
/nabijeci-svitilna-emos-p4545-cob-led-led-1000-lm-2600-mah/;/led-osvetlenie/;0
/led-zarovka-filament-a60-e27-7-5-w-75-w-1-055-lm-neutralni-bila-stmivatelna/;/led-osvetlenie/;0
/led-zarovka-classic-a60-e27-10-5-w-75-w-1-060-lm-tepla-bila-krokove-stmivatelna/;/led-osvetlenie/;0
/led-zarovka-filament-a60-e27-7-5-w-75-w-1-055-lm-tepla-bila-stmivatelna/;/led-osvetlenie/;0
/led-zarovka-basic-a60-e27-11w-75-w-1055-lm-tepla-bila/;/led-osvetlenie/;0
/solarni-regulator-pwm-victron-energy-bluesolar-lcd-usb-5a/;/fotovoltaika/;0
/kabel-utp-cat5e-solarix-sxkd-5e-ftp-lsohfr-b2ca-500m/;/kable-a-vodice/;0
/led-zarovka-emos-zl5f67-basic-a60-e27-15-3w-100-w-1521-lm-tepla-bila/;/led-osvetlenie/;0
/led-zarovka-basic-candle-e14-8-8-w-60-w-806-lm-neutralni-bila/;/led-osvetlenie/;0
/led-zarovka-basic-mini-globe-e14-8-8-w-60-w-806-lm-tepla-bila/;/led-osvetlenie/;0
/led-zarovka-basic-candle-e14-8-8-w-60-w-806-lm-tepla-bila/;/led-osvetlenie/;0
/led-zahradni-nastenne-svitidlo-emos-zgf020p-8-8-x-6-7-x-15-3-cm-2-x-gu10-35-w/;/led-osvetlenie/;0
/led-zahradni-nastenne-svitidlo-emos-zgf010p-8-8-x-6-7-x-8-cm-1-x-gu10-35-w/;/led-osvetlenie/;0
/led-zahradni-nastenne-svitidlo-emos-zgi010p-12-8-x-11-x-27-cm-1-x-e27-15-w/;/led-osvetlenie/;0
/led-venkovni-osvetleni-nastenne-emos-zgd010p-20-8-x-16-x-28-5-cm-1-x-e27-15-w/;/led-osvetlenie/;0
/baterie-nabijeci-li-ion-18650-3-7v-3500mah-xtar/;/akumulatory-a-baterie/;0
/led-zarovka-emos-zl5f58-basic-a60-e27-11w-75-w-1055-lm-neutralni-bila/;/led-osvetlenie/;0
/led-zarovka-emos-zl5f48-basic-a60-e27-8-8-w-60-w-806-lm-neutralni-bila/;/led-osvetlenie/;0
/led-zarovka-emos-zl5f47-basic-a60-e27-8-8-w-60-w-806-lm-tepla-bila/;/led-osvetlenie/;0
/led-zarovka-basic-mini-globe-e14-8-8-w-60-w-806-lm-neutralni-bila/;/led-osvetlenie/;0
/baterie-lifepo4-12-8v-10ah-mhpower-ms10-12-l-f2-6-3mm/;/akumulatory-a-baterie/;0
/led-nocni-svetlo-emos-p3324-s-pohybovym-cidlem-na-3x-aaa/;/led-osvetlenie/;0
/zasuvka-emos-a6000-6-250v-s-usb-a-usb-c-antracit/;/elektronika-do-auta/;0
/baterie-lifepo4-12-8v-125ah-mhpower-ms125-12-l-lc4-m8/;/akumulatory-a-baterie/;0
/baterie-lifepo4-12-8v-38ah-mhpower-ms38-12-l-lc1-m6/;/akumulatory-a-baterie/;0
/baterie-lifepo4-12-8v-12ah-mhpower-ms12-12-l-f2-6-3mm/;/akumulatory-a-baterie/;0
/baterie-lifepo4-12-8v-50ah-mhpower-ms50-12-l-lc5-m8/;/akumulatory-a-baterie/;0
/baterie-lifepo4-12-8v-20ah-mhpower-ms20-12-l-lc1-m5/;/akumulatory-a-baterie/;0
/led-solarni-svitidlo-emos-zg172s-lumi-s-pohybovym-cidlem-bile-neutralni-bila/;/led-osvetlenie/;0
/prodluzovaci-kabel-emos-p0211e-1-4-m-2-zasuvky-2-usb-a-1-usb-c-bily-pvc-1-5-mm2/;/elektronika-do-auta/;0
/led-solarni-svitidlo-emos-zg165s-brixo-s-pohybovym-cidlem-bile-neutralni-bila/;/led-osvetlenie/;0
/led-solarni-svitidlo-emos-zg161s-brixo-s-pohybovym-cidlem-bile-neutralni-bila/;/led-osvetlenie/;0
/zasuvka-emos-p0073-rozbocovaci-2-vyp-1-usb-a-1-usb-c-bila/;/elektronika-do-auta/;0
/baterie-lifepo4-12-8v-150ah-mhpower-l150-12-out/;/akumulatory-a-baterie/;0
/baterie-lifepo4-12-8v-100ah-mhpower-l100-12-out/;/akumulatory-a-baterie/;0
/led-zarovka-filament-mini-globe-a-class-e14-3-8-w-60-w-806-lm-tepla-bila/;/led-osvetlenie/;0
/led-zarovka-filament-svicka-a-class-e14-3-8-w-60-w-806-lm-tepla-bila/;/led-osvetlenie/;0
/led-zarovka-filament-mini-globe-a-class-e14-3-8-w-60-w-806-lm-neutralni-bila/;/led-osvetlenie/;0
/led-nocni-svetlo-emos-p3323-s-fotosenzorem-do-zasuvky/;/led-osvetlenie/;0
/led-zarovka-filament-svicka-a-class-e14-3-8-w-60-w-806-lm-neutralni-bila/;/led-osvetlenie/;0
/prodluzovaci-kabel-emos-p084256-na-bubnu-25-m-4-zasuvky-guma-230-v-1-0-mm2-ip44/;/vypinace--zasuvky--krabice/;0
/led-zarovka-filament-mini-globe-e14-7-w-75-w-1055-lm-neutralni-bila/;/led-osvetlenie/;0
/led-zarovka-filament-svicka-e14-7-w-75-w-1055-lm-neutralni-bila/;/led-osvetlenie/;0
/led-zarovka-filament-mini-globe-e14-7-w-75-w-1055-lm-tepla-bila/;/led-osvetlenie/;0
/led-zarovka-emos-zf3d52-filament-svicka-e14-7-w-75-w-1055-lm-tepla-bila/;/led-osvetlenie/;0
/led-zarovka-basic-mini-globe-e14-5-5-w-40-w-470-lm-tepla-bila-2/;/led-osvetlenie/;0
/led-zarovka-basic-svicka-e14-5-5-w-40-w-470-lm-tepla-bila-2/;/led-osvetlenie/;0
/led-zarovka-basic-mini-globe-e27-5-5-w-40-w-470-lm-tepla-bila-2/;/led-osvetlenie/;0
/led-zarovka-filament-g125-e27-18-w-150-w-2452-lm-neutralni-bila/;/led-osvetlenie/;0
/led-zarovka-filament-g125-e27-11-w-100-w-1521-lm-neutralni-bila/;/led-osvetlenie/;0
/led-zarovka-emos-zf6d03-filament-mini-globe-e27-1-8-w-25-w-250-lm-neutralni-bila/;/led-osvetlenie/;0
/led-zarovka-filament-g125-e27-11-w-100-w-1521-lm-tepla-bila/;/led-osvetlenie/;0
/led-zarovka-filament-mini-globe-e27-1-8-w-25-w-250-lm-tepla-bila/;/led-osvetlenie/;0
/led-zarovka-filament-g95-e27-7-8-w-75-w-1055-lm-neutralni-bila/;/led-osvetlenie/;0
/led-zarovka-filament-g125-e27-18-w-150-w-2452-lm-tepla-bila/;/led-osvetlenie/;0
/led-zarovka-filament-svicka-e14-3-4-w-40-w-470-lm-neutralni-bila/;/led-osvetlenie/;0
/led-zarovka-filament-svicka-e14-5-9-w-60-w-806-lm-neutralni-bila/;/led-osvetlenie/;0
/led-zarovka-emos-zf6d43-filament-mini-globe-e27-5-9-w-60-w-806-lm-neutralni-bila/;/led-osvetlenie/;0
/led-zarovka-emos-zf6d23-filament-mini-globe-e27-3-4-w-40-w-470-lm-neutralni-bila/;/led-osvetlenie/;0
/led-zarovka-filament-g95-e27-7-8-w-75-w-1055-lm-tepla-bila/;/led-osvetlenie/;0
/led-zarovka-filament-mini-globe-e27-3-4-w-40-w-470-lm-tepla-bila/;/led-osvetlenie/;0
/led-zarovka-filament-a70-e27-18-w-150-w-2452-lm-tepla-bila/;/led-osvetlenie/;0
/led-zarovka-filament-a60-e27-7-8-w-75-w-1060-lm-tepla-bila/;/led-osvetlenie/;0
/led-zarovka-filament-a60-e27-5-9-w-60-w-806-lm-tepla-bila/;/led-osvetlenie/;0
/led-zarovka-classic-svicka-e27-4-2-w-40-w-470-lm-tepla-bila/;/led-osvetlenie/;0
/led-zarovka-filament-mini-globe-e14-5-9-w-60-w-806-lm-neutralni-bila/;/led-osvetlenie/;0
/led-zarovka-filament-mini-globe-e14-3-4-w-40-w-470-lm-tepla-bila/;/led-osvetlenie/;0
/led-zarovka-filament-mini-globe-e14-1-8-w-25-w-250-lm-tepla-bila/;/led-osvetlenie/;0
/led-zarovka-filament-mini-globe-e27-5-9-w-60-w-806-lm-tepla-bila/;/led-osvetlenie/;0
/led-zarovka-emos-zf5d43-filament-a60-e27-5-9-w-60-w-806-lm-neutralni-bila/;/led-osvetlenie/;0
/led-zarovka-filament-mini-globe-e14-5-9-w-60-w-806-lm-tepla-bila/;/led-osvetlenie/;0
/prodluzovaci-kabel-emos-p0212cq-kostka-2-m-2-zasuvky-bily-2-usb-a-1-usb-c-qi-1-5-mm2/;/elektronika-do-auta/;0
/led-zarovka-vintage-svicka-e14-2-5-w-20-w-225-lm-tepla-bila/;/led-osvetlenie/;0
/led-zarovka-vintage-a60-e27-4-5-w-40-w-420-lm-tepla-bila/;/led-osvetlenie/;0
/led-zarovka-vintage-g95-e27-4-5-w-40-w-420-lm-tepla-bila/;/led-osvetlenie/;0
/led-zarovka-vintage-g125-e27-4-5-w-40-w-420-lm-tepla-bila/;/led-osvetlenie/;0
/led-zarovka-vintage-st64-e27-4-5-w-40-w-420-lm-tepla-bila/;/led-osvetlenie/;0
/led-zarovka-basic-mini-globe-e27-5-5-w-40-w-470-lm-tepla-bila/;/led-osvetlenie/;0
/led-zarovka-basic-svicka-e27-5-5-w-40-w-470-lm-tepla-bila/;/led-osvetlenie/;0
/led-zarovka-emos-zf5d23-filament-a60-e27-3-4-w-40-w-470-lm-neutralni-bila/;/led-osvetlenie/;0
/led-zarovka-filament-svicka-e14-1-8-w-25-w-250-lm-neutralni-bila/;/led-osvetlenie/;0
/led-zarovka-filament-svicka-e14-5-9-w-60-w-806-lm-tepla-bila/;/led-osvetlenie/;0
/led-zarovka-filament-svicka-e14-3-4-w-40-w-470-lm-tepla-bila/;/led-osvetlenie/;0
/led-zarovka-filament-svicka-e14-1-8-w-25-w-250-lm-tepla-bila/;/led-osvetlenie/;0
/led-zarovka-basic-mini-globe-e14-5-5-w-40-w-470-lm-tepla-bila/;/led-osvetlenie/;0
/led-zarovka-basic-svicka-e14-5-5-w-40-w-470-lm-tepla-bila/;/led-osvetlenie/;0
/led-zarovka-basic-mr16-gu10-5-2-w-40-w-450-lm-neutralni-bila/;/led-osvetlenie/;0
/emos-p56400s-gosmart-detektor-oxidu-uhelnateho-tcs0101w-s-wi-fi/;/smart-domacnost/;0
/prodluzovaci-kabel-emos-p19410n-na-bubnu-10-m-3x1mm-4-zasuvky/;/predlzovacie-kable-a-vidlice/;0
/nabijeci-baterie-gp-recharge-800-aaa-hr03-4kusy-cena-blistr/;/akumulatory-a-baterie/;0
/led-zarovka-basic-mr16-gu10-2-9-w-25-w-250-lm-neutralni-bila/;/led-osvetlenie/;0
/led-zarovka-basic-mr16-gu10-2-9-w-25-w-250-lm-tepla-bila/;/led-osvetlenie/;0
/led-zarovka-filament-ed90-e27-36-w-327-w-6-000-lm-neutralni-bila/;/led-osvetlenie/;0
/led-zarovka-filament-a70-e27-18-w-150-w-2452-lm-neutralni-bila/;/led-osvetlenie/;0
/led-zarovka-emos-zf5d63-filament-a60-e27-10-5-w-100-w-1521-lm-neutralni-bila/;/led-osvetlenie/;0
/led-zarovka-emos-zf5d62-filament-a60-e27-10-5-w-100-w-1521-lm-tepla-bila/;/led-osvetlenie/;0
/led-zarovka-filament-a60-e27-3-4-w-40-w-470-lm-tepla-bila/;/led-osvetlenie/;0
/led-zarovka-emos-zf5d53-filament-a60-e27-7-8-w-75-w-1060-lm-neutralni-bila/;/led-osvetlenie/;0
/led-zarovka-classic-a95-e27-28-w-200-w-3452-lm-neutralni-bila/;/led-osvetlenie/;0
/led-zarovka-classic-a95-e27-28-w-200-w-3452-lm-tepla-bila/;/led-osvetlenie/;0
/led-zarovka-classic-a80-e27-20-w-150-w-2452-lm-tepla-bila/;/led-osvetlenie/;0
/led-zarovka-emos-zq5e84-classic-a80-20-w-e27-studena-bila/;/led-osvetlenie/;0
/led-zarovka-filament-mini-globe-e14-3-4-w-40-w-470-lm-neutralni-bila/;/led-osvetlenie/;0
/nabijeci-svitilna-emos-p4544-cob-led-led-750-lm-2000-mah/;/led-osvetlenie/;0
/automaticky-prepinac-siti-napajeni-2p-230v-100a-nlq4-125-2p-pro-fve/;/istice-a-chranice/;0
/automaticky-prepinac-siti-napajeni-2p-230v-80a-nlq4-125-2p-pro-fve/;/istice-a-chranice/;0
/automaticky-prepinac-siti-napajeni-2p-230v-63a-nlq4-125-2p-pro-fve/;/istice-a-chranice/;0
/automaticky-prepinac-siti-napajeni-2p-230v-40a-nlq4-125-2p-pro-fve/;/istice-a-chranice/;0
/automaticky-prepinac-siti-napajeni-2p-230v-32a-nlq4-125-2p-pro-fve/;/istice-a-chranice/;0
/automaticky-prepinac-siti-napajeni-2p-230v-20a-nlq4-125-2p-pro-fve/;/istice-a-chranice/;0
/automaticky-prepinac-siti-napajeni-2p-230v-16a-nlq4-125-2p-pro-fve/;/istice-a-chranice/;0
/led-zarovka-classic-svicka-e27-4-2-w-40-w-470-lm-neutralni-bila/;/led-osvetlenie/;0
/led-zarovka-classic-mini-globe-e27-6-5-w-60-w-806-lm-neutralni-bila/;/led-osvetlenie/;0
/led-zarovka-classic-mini-globe-e27-4-2-w-40-w-470-lm-neutralni-bila/;/led-osvetlenie/;0
/led-zarovka-classic-a80-e27-20-w-150-w-2452-lm-neutralni-bila/;/led-osvetlenie/;0
/led-zarovka-classic-mini-globe-e27-2-5-w-32-w-350-lm-neutralni-bila/;/led-osvetlenie/;0
/led-zarovka-classic-mini-globe-e27-6-5-w-60-w-806-lm-tepla-bila/;/led-osvetlenie/;0
/led-zarovka-classic-a60-e27-13-w-100-w-1521-lm-tepla-bila/;/led-osvetlenie/;0
/led-zarovka-classic-a60-e27-9-5-w-75-w-1055-lm-tepla-bila/;/led-osvetlenie/;0
/led-zarovka-classic-a60-e27-5-8-w-50-w-645-lm-tepla-bila/;/led-osvetlenie/;0
/led-zarovka-classic-mini-globe-e27-4-2-w-40-w-470-lm-studena-bila/;/led-osvetlenie/;0
/led-zarovka-classic-a60-e27-9-5-w-75-w-1055-lm-studena-bila/;/led-osvetlenie/;0
/led-zarovka-emos-zq7e23-classic-r50-e14-4-2-w-40-w-470-lm-neutralni-bila/;/led-osvetlenie/;0
/led-zarovka-classic-mini-globe-e14-6-5-w-60-w-806-lm-neutralni-bila/;/led-osvetlenie/;0
/led-zarovka-classic-svicka-e14-4-2-w-40-w-470-lm-neutralni-bila/;/led-osvetlenie/;0
/led-zarovka-emos-zq7e21-classic-r50-e14-4-2-w-40-w-470-lm-tepla-bila/;/led-osvetlenie/;0
/led-zarovka-classic-mini-globe-e14-6-5-w-60-w-806-lm-tepla-bila/;/led-osvetlenie/;0
/led-zarovka-classic-svicka-e14-6-5-w-60-w-806-lm-tepla-bila/;/led-osvetlenie/;0
/led-zarovka-classic-svicka-e14-4-2-w-40-w-470-lm-tepla-bila/;/led-osvetlenie/;0
/led-zarovka-classic-mini-globe-e14-6-5-w-60-w-806-lm-studena-bila/;/led-osvetlenie/;0
/led-zarovka-classic-mini-globe-e14-4-2-w-40-w-470-lm-studena-bila/;/led-osvetlenie/;0
/led-zarovka-classic-mr16-gu10-3-w-40-w-535-lm-neutralni-bila/;/led-osvetlenie/;0
/led-zarovka-classic-a60-e27-7-w-60-w-806-lm-tepla-bila/;/led-osvetlenie/;0
/led-zarovka-classic-mini-globe-e27-6-5-w-60-w-806-lm-studena-bila/;/led-osvetlenie/;0
/led-zarovka-classic-a60-e27-13-w-100-w-1521-lm-studena-bila/;/led-osvetlenie/;0
/led-zarovka-classic-a60-e27-7-w-60-w-806-lm-studena-bila/;/led-osvetlenie/;0
/led-zarovka-classic-mini-globe-e14-4-2-w-40-w-470-lm-neutralni-bila/;/led-osvetlenie/;0
/led-zarovka-classic-mini-globe-e14-2-5-w-32-w-350-lm-neutralni-bila/;/led-osvetlenie/;0
/led-zarovka-classic-mini-globe-e14-4-2-w-40-w-470-lm-tepla-bila/;/led-osvetlenie/;0
/led-zarovka-classic-mini-globe-e14-2-5-w-32-w-350-lm-tepla-bila/;/led-osvetlenie/;0
/led-zarovka-classic-svicka-e14-6-5-w-60-w-806-lm-studena-bila/;/led-osvetlenie/;0
/led-zarovka-classic-r63-e27-7-w-60-w-806-lm-neutralni-bila/;/led-osvetlenie/;0
/led-zarovka-emos-zq5e63-classic-a60-13-w-e27-neutralni-bila/;/led-osvetlenie/;0
/led-zarovka-emos-zq5e53-classic-a60-9-5-w-e27-neutralni-bila/;/led-osvetlenie/;0
/led-zarovka-classic-a60-e27-7-w-60-w-806-lm-neutralni-bila/;/led-osvetlenie/;0
/led-zarovka-classic-a60-e27-5-8-w-50-w-645-lm-neutralni-bila/;/led-osvetlenie/;0
/led-zarovka-classic-a60-e27-4-w-40-w-470-lm-neutralni-bila/;/led-osvetlenie/;0
/led-zarovka-classic-r63-e27-7-w-60-w-806-lm-tepla-bila/;/led-osvetlenie/;0
/led-zarovka-classic-mini-globe-e27-4-2-w-40-w-470-lm-tepla-bila/;/led-osvetlenie/;0
/led-zarovka-classic-a60-e27-4-w-40-w-470-lm-tepla-bila/;/led-osvetlenie/;0
/led-zarovka-classic-mini-globe-e27-2-5-w-32-w-350-lm-tepla-bila/;/led-osvetlenie/;0
/led-zarovka-classic-svicka-e14-6-5-w-60-w-806-lm-neutralni-bila/;/led-osvetlenie/;0
/led-zarovka-classic-svicka-e14-2-5-w-32-w-350-lm-neutralni-bila/;/led-osvetlenie/;0
/led-zarovka-classic-svicka-e14-2-5-w-32-w-350-lm-tepla-bila/;/led-osvetlenie/;0
/led-zarovka-classic-svicka-e14-4-2-w-40-w-470-lm-studena-bila/;/led-osvetlenie/;0
/led-zarovka-emos-zq8e33n-classic-mr16-gu10-5-8-w-75-w-565-lm-neutralni-bila/;/led-osvetlenie/;0
/led-zarovka-classic-mr16-gu10-3-w-32-w-345-lm-neutralni-bila-2/;/led-osvetlenie/;0
/led-zarovka-classic-mr16-gu10-4-w-39-w-450-lm-neutralni-bila/;/led-osvetlenie/;0
/led-zarovka-classic-mr16-gu10-3-w-32-w-345-lm-neutralni-bila/;/led-osvetlenie/;0
/led-zarovka-classic-mr16-gu10-3-w-32-w-345-lm-tepla-bila-2/;/led-osvetlenie/;0
/led-zarovka-classic-mr16-gu10-4-w-39-w-450-lm-tepla-bila/;/led-osvetlenie/;0
/led-zarovka-classic-mr16-gu10-3-w-32-w-345-lm-tepla-bila/;/led-osvetlenie/;0
/led-zarovka-classic-mr16-gu10-3-w-32-w-345-lm-studena-bila-2/;/led-osvetlenie/;0
/led-zarovka-classic-mr16-gu10-3-w-32-w-345-lm-studena-bila/;/led-osvetlenie/;0
/led-zarovka-classic-mr16-gu10-7-w-60-w-806-lm-studena-bila/;/led-osvetlenie/;0
/led-zarovka-classic-mr16-gu10-7-w-60-w-800-lm-neutralni-bila/;/led-osvetlenie/;0
/led-zarovka-classic-mr16-gu10-7-w-60-w-806-lm-tepla-bila/;/led-osvetlenie/;0
/led-zarovka-filament-a60-a-class-e27-7-2-w-100-w-1521-lm-neutralni-bila/;/led-osvetlenie/;0
/led-zarovka-filament-a60-a-class-e27-7-2-w-100-w-1521-lm-tepla-bila/;/led-osvetlenie/;0
/led-reflektor-emos-p4543-1200-lm-cob-led-nabijeci-pracovni-svitilna-2000-mah/;/led-osvetlenie/;0
/led-reflektor-emos-p4542-900-lm-cob-led-nabijeci-pracovni-svitilna-2-2000-mah/;/led-osvetlenie/;0
/nabijeci-baterie-gp-recyko-pro-professional-800-aaa-hr03-6kusu-cena-blistr/;/akumulatory-a-baterie/;0
/baterie-gp-super-alkaline-lr20-velke-mono-d-2ks/;/akumulatory-a-baterie/;0
/baterie-gp-super-alkaline-lr14-male-mono-c-2-kusy/;/akumulatory-a-baterie/;0
/baterie-gp-super-alkaline-lr03-aaa-2-kusy/;/akumulatory-a-baterie/;0
/baterie-gp-super-alkaline-lr03-aaa-12-kusu/;/akumulatory-a-baterie/;0
/baterie-gp-ultra-plus-alkaline-lr03-aaa-4-kusy/;/akumulatory-a-baterie/;0
/baterie-gp-ultra-plus-alkaline-lr03-aaa-2-kusy/;/akumulatory-a-baterie/;0
/mercusys-mw300um-usb-klient-wireless-usb-adapter-300-mbps/;/elektronika-do-auta/;0
/solarix-keystone-utp-cat-6-zarezavaci-sxkj-6-utp-bk/;/kable-a-vodice/;0
/kabel-utp-cat5e-solarix-sxkd-5e-utp-lsoh-100m/;/kable-a-vodice/;0
/kabel-utp-cat5e-solarix-sxkd-5e-utp-pe-venkovni-100m/;/kable-a-vodice/;0
/kabel-utp-cat5e-solarix-sxkd-5e-utp-pvc-100m/;/kable-a-vodice/;0
/kabel-utp-cat5e-solarix-sxkd-5e-utp-pvc-305m/;/kable-a-vodice/;0
/kabel-utp-cat5e-solarix-sxkd-5e-utp-pe-venkovni-305m/;/kable-a-vodice/;0
/mean-well-hdr-15-12-spinany-zdroj-na-din-listu-15w-12v/;/rozvadzacove-prvky/;0
/mean-well-ndr-480-48-prumyslovy-napajeci-zdroj-48v-10a-na-din-listu/;/rozvadzacove-prvky/;0
/mean-well-sdr-480p-24-napajeci-zdroj-1-x-24-v-dc-20-a-480-w-na-din-listu/;/rozvadzacove-prvky/;0
/mean-well-ndr-240-24-prumyslovy-napajeci-zdroj-24v-10a-na-din-listu/;/rozvadzacove-prvky/;0
/mean-well-drc-60b-spinany-zdroj-na-din-listu-funkce-ups/;/rozvadzacove-prvky/;0
/mean-well-ndr-120-24-prumyslovy-napajeci-zdroj-24v-5a-na-din-listu/;/rozvadzacove-prvky/;0
/mean-well-ndr-120-48-prumyslovy-napajeci-zdroj-48v-2-5a-na-din-listu/;/rozvadzacove-prvky/;0
/mean-well-ndr-120-12-prumyslovy-napajeci-zdroj-12v-10a-na-din-listu/;/rozvadzacove-prvky/;0
/chytra-led-zarovka-gosmart-a65-e27-14-w-94-w-1-400-lm-rgb-stmivatelna-zigbee/;/led-osvetlenie/;0
/chytra-led-zarovka-gosmart-a60-e27-11-w-75-w-1-050-lm-rgb-stmivatelna-zigbee/;/led-osvetlenie/;0
/chytra-led-zarovka-gosmart-a60-e27-9-w-60-w-806-lm-rgb-stmivatelna-zigbee/;/led-osvetlenie/;0
/chytra-led-zarovka-gosmart-svicka-e14-4-8-w-40-w-470lm-rgb-stmivatelna-zigbee/;/led-osvetlenie/;0
/chytra-led-zarovka-gosmart-mr16-gu10-4-8-w-35-w-400-lm-rgb-stmivatelna-zigbee/;/led-osvetlenie/;0
/chytra-led-zarovka-gosmart-svicka-e14-4-8-w-40-w-470lm-rgb-stmivatelna-wi-fi/;/led-osvetlenie/;0
/chytra-led-zarovka-gosmart-mr16-gu10-4-8-w-35-w-400-lm-rgb-stmivatelna-wi-fi/;/led-osvetlenie/;0
/led-zarovka-emos-zqw516r-gosmart-wifi-a65-e27-14-w-94-w-1-400-lm-rgb-stmivatelna/;/led-osvetlenie/;0
/led-zarovka-emos-zqw515r-gosmart-wifi-a65-e27-11-w-75-w-1-050-lm-rgb-stmivatelna/;/led-osvetlenie/;0
/led-zarovka-filament-a60-e27-5-w-75-w-1-060-lm-neutralni-bila/;/led-osvetlenie/;0
/led-zarovka-filament-a60-e27-3-8-w-60-w-806-lm-neutralni-bila/;/led-osvetlenie/;0
/led-zarovka-filament-a60-e27-5-w-75-w-1-060-lm-tepla-bila/;/led-osvetlenie/;0
/led-zarovka-filament-a60-e27-3-8-w-60-w-806-lm-tepla-bila/;/led-osvetlenie/;0
/slunecni-clona-3x2m-seda/;/zahradne-doplnky/;0
/slunecni-clona-3x2m-bezova/;/zahradne-doplnky/;0
/zasuvka-emos-a6000-4-250v-s-usb-a-usb-c-bila/;/elektronika-do-auta/;0
/led-pracovni-svitilna-emos-p4112-2-cob-led-350-lm-3-aa/;/led-osvetlenie/;0
/led-pracovni-svitilna-emos-p4113-cob-led-700-lm-4-aa/;/led-osvetlenie/;0
/solarni-regulator-mppt-victron-energy-smartsolar-75v-15a-bluetooth/;/fotovoltaika/;0
/kabel-usb-c-2-0-usb-c-2-0-emos-sm7027w-1-m-bily/;/elektronika-do-auta/;0
/led-nocni-svetlo-emos-p3320-s-fotosenzorem-do-zasuvky/;/led-osvetlenie/;0
/led-nocni-svetlo-emos-p3319-s-fotosenzorem-do-zasuvky/;/led-osvetlenie/;0
/led-nocni-svetlo-emos-p3318-s-fotosenzorem-do-zasuvky/;/led-osvetlenie/;0
/baterie-lifepo4-12-8v-75ah-mhpower-ms75-12-l-lc5-m8/;/akumulatory-a-baterie/;0
/baterie-lifepo4-12-8v-100ah-mhpower-ms100-12-l-lc4-m8/;/akumulatory-a-baterie/;0
/baterie-lifepo4-12-8v-150ah-mhpower-ms150-12-l-lc5-m8/;/akumulatory-a-baterie/;0
/celovka-gp-discovery-ch43-2-smd-led-led-150-lm/;/autoziarovky/;0
/celovka-gp-discovery-ch42-2-smd-led-100-lm/;/autoziarovky/;0
/meric-spotreby-elektricke-energie-emos-p5805/;/prenosne-elektricke-stanice/;0
/celovka-gp-discovery-ch44-2-smd-led-300-lm/;/autoziarovky/;0
/prodluzovaci-kabel-emos-p1410r-s-vypinacem-4-zasuvky-10m-bily/;/predlzovacie-kable-a-vidlice/;0
/solarni-regulator-mppt-victron-energy-smartsolar-100v-30a-bluetooth/;/fotovoltaika/;0
/led-nocni-svetlo-emos-p3316-s-fotosenzorem-do-zasuvky/;/led-osvetlenie/;0
/led-nocni-svetlo-emos-p3315-s-fotosenzorem-do-zasuvky/;/led-osvetlenie/;0
/led-nocni-svetlo-emos-p3314-s-fotosenzorem-do-zasuvky/;/led-osvetlenie/;0
/led-svetlo-monitoru-emos-z7617-ava/;/led-osvetlenie/;0
/celovka-gp-xplor-phr17-500-lm-3-cree-smd-led-usb-c-nabijeni/;/autoziarovky/;0
/baterie-gp-greencell-r03-aaa-4-kusy/;/akumulatory-a-baterie/;0
/emos-p4538-smd-led-led-nabijeci-svitilna-700-lm-1200-mah/;/autoziarovky/;0
/emos-p4537-cob-led-smd-led-nabijeci-svitilna-330-lm-1200-mah/;/autoziarovky/;0
/emos-em-10ahd-monitor-videotelefonu-7-lcd-h3015/;/cestovanie-sport-a-outdoor/;0
/led-nocni-svetlo-emos-p3310k-se-senzorem-fotorezistor-na-3-aa/;/led-osvetlenie/;0
/led-reflektor-emos-p4536-2000-lm-cob-led-nabijeci-pracovni-svitilna-8000-mah/;/led-osvetlenie/;0
/led-nocni-svetlo-emos-p3313-do-zasuvky-s-2-usb/;/led-osvetlenie/;0
/emos-p4535-cob-led-led-670-lm-2200-mah-led-nabijeci-pracovni-svitilna/;/led-osvetlenie/;0
/emos-p4531-cob-led-led-nabijeci-prac-svitilna-400-lm-2000-mah/;/led-osvetlenie/;0
/dalkove-ovladane-zasuvky-emos-p0070-set-3-1/;/predlzovacie-kable-a-vidlice/;0
/led-zarovka-classic-jc-4-5w-e14-neutralni-bila-do-digestore/;/led-osvetlenie/;0
/led-zarovka-classic-jc-4-5w-e14-tepla-bila/;/led-osvetlenie/;0
/prodluzovaci-kabel-emos-p0604-spojka-25m-2-zasuvky-cerny-guma-230-v-1-5-mm2/;/predlzovacie-kable-a-vidlice/;0
/prodluzovaci-kabel-emos-p0603-spojka-20m-2-zasuvky-cerny-guma-230-v-1-5-mm2/;/predlzovacie-kable-a-vidlice/;0
/prodluzovaci-kabel-emos-p0602-spojka-15m-2-zasuvky-cerny-guma-230-v-1-5-mm2/;/predlzovacie-kable-a-vidlice/;0
/prodluzovaci-kabel-emos-p0601-spojka-10m-2-zasuvky-cerny-guma-230-v-1-5-mm2/;/predlzovacie-kable-a-vidlice/;0
/kabel-usb-c-2-0-usb-a-2-0-cerny-1-00-m-emos-sm7025bl/;/elektronika-do-auta/;0
/kabel-usb-c-2-0-usb-a-2-0-bily-1-00-m-emos-sm7025w/;/elektronika-do-auta/;0
/zdroj-pulzni-emos-n3112-s-hrebinkem-1500ma-3-12v-univerzalni/;/napajacie-zdroje-2/;0
/led-zarovka-classic-mr16-4-5w-gu5-3-neutralni-bila/;/led-osvetlenie/;0
/led-zarovka-classic-mr16-4-5w-gu5-3-tepla-bila/;/led-osvetlenie/;0
/emos-zd3122-led-bodove-svitidlo-5w-bile-exclusive-neutralni-bila/;/led-osvetlenie/;0
/baterie-gp-lithiova-fr03-aaa-2-kusy/;/akumulatory-a-baterie/;0
/kabel-usb-c-3-1-usb-c-3-1-emos-sm7022bl-1m-10gbps/;/elektronika-do-auta/;0
/usb-kabel-3-0-a-m-usb-3-1-c-m-1m-cerny-quick-charge/;/elektronika-do-auta/;0
/celovka-emos-p3531-cree-led-cob-led-330-lm-65-m-3-aaa/;/led-osvetlenie/;0
/led-svitilna-kovova-emos-p3894-3w-cob-led-na-3x-aaa-cerna/;/led-osvetlenie/;0
/montazni-lampa-prenosne-svetlo-led-230v-5w-5-m/;/led-osvetlenie/;0
/nabijeci-baterie-raver-400mah-hr03-aaa-2ks-cena-blistr/;/akumulatory-a-baterie/;0
/led-nocni-svetlo-emos-p3306-s-fotosenzorem-do-zasuvky/;/led-osvetlenie/;0
/led-svitilna-plastova-emos-p3862-3x-led-20-lm-2x-d/;/led-osvetlenie/;0
/prodluzovaci-kabel-emos-p193250-na-bubnu-25-m-3-zasuvky-cerny-guma-230v-400v-1-5-mm2/;/elektro-smart-home-a-osvetlenie/;0
/prodluzovaci-kabel-emos-p084501-profi-na-bubnu-50m-4-zasuvky-cerny-guma-230-v-1-5-mm2/;/predlzovacie-kable-a-vidlice/;0
/prodluzovaci-kabel-emos-p084251-profi-na-bubnu-25m-4-zasuvky-cerny-guma-230-v-1-5-mm2/;/predlzovacie-kable-a-vidlice/;0
/prodluzovaci-kabel-na-bubnu-15m-3x1mm-pvc-4-zasuvky/;/predlzovacie-kable-a-vidlice/;0
/prodluzovaci-kabel-4-zasuvky-10m-bily/;/predlzovacie-kable-a-vidlice/;0
/prodluzovaci-kabel-emos-p19430-na-bubnu-30m-4-zasuvky-cerveny-pvc-230-v-1-mm2/;/predlzovacie-kable-a-vidlice/;0
/baterie-olovena-12v-38-ah-victron-energy-agm-super-cycle-solarni/;/akumulatory-a-baterie/;0
/baterie-olovena-12v-25-ah-victron-energy-agm-super-cycle-solarni/;/akumulatory-a-baterie/;0
/teka-ttb-64320-ttc-bk/;/varne-dosky/;0
/teka-ibc-64000-ttc/;/varne-dosky/;0
/wiim-sound/;/hifi-a-domace-reproduktory/;0
/wiim-mini/;/audio-technika/;0
/emos-e8647w-domaci-bezdratova-meteostanice/;/meteostanice/;0
/bg-da-14/;/profesionalna-audio-technika/;0
/kabel-jack-3-5mm-jack-3-5mm-1-5m-stereo-sm5001-emos/;/kable--konektory-a-redukcie/;0
/kabel-jack-3-5mm-jack-3-5mm-zasuvka-5m-stereo-sm5105-emos/;/kable--konektory-a-redukcie/;0
/kabel-jack-3-5mm-jack-3-5mm-3m-stereo-sm5003-emos/;/kable--konektory-a-redukcie/;0
/kabel-jack-3-5mm-jack-3-5mm-zasuvka-2-5m-stereo-sm5102-emos/;/kable--konektory-a-redukcie/;0
/yamaha-musiccast-200-tsx-n237d-black/;/audio-technika/;0
/emos-e8610-gosmart-bezdratova-meteostanice-s-wi-fi/;/meteostanice/;0
/bezdratove-cidlo-emos-e00387/;/meteostanice/;0
/solac-lv1350/;/vysavace/;0
/rowenta-cv6930f0/;/starostlivost-o-vlasy/;0
/truelife-relaxback-b3-charge/;/zdravie-a-starostlivost/;0
/ardes-goldye/;/zdravie-a-starostlivost/;0
/starbucks-breakfast-blend-kava-450g/;/kavovary-a-espressa/;0
/electrolux-eb61c4db/;/vysavace/;0
/philips-bhd003-00/;/starostlivost-o-vlasy/;0
/tefal-pf240e38/;/zahradne-doplnky/;0
/l-or-onyx-10ks-kapsle/;/kavovary-a-espressa/;0
/beper-bep-40450-go/;/starostlivost-o-vlasy/;0
/sanitas-sma-35/;/zdravie-a-starostlivost/;0
/zelmer-vysousec-vlasu-zhd8321/;/starostlivost-o-vlasy/;0
/baterie-olovena-12v-24-ah-mhpower-6-dmf-24-gel-trakcni/;/akumulatory-a-baterie/;0
/baterie-olovena-12v-15-ah-mhpower-6-dzf-15-gel-trakcni/;/akumulatory-a-baterie/;0
/wiim-pro/;/profesionalna-audio-technika/;0
/eta-732290000/;/starostlivost-o-vlasy/;0
/nabijecka-baterii-carspa-cfg12-24-10-pb-agm-lifepo4/;/nabijacky/;0
/nabijecka-baterii-carspa-cfb12-24-12-pb-agm-lifepo4/;/nabijacky/;0
/baterie-olovena-12v-14-ah-mhpower-ge14-12-gel/;/akumulatory-a-baterie/;0
/baterie-olovena-12v-9-0-ah-mhpower-ge9-12-gel/;/akumulatory-a-baterie/;0
/niceboy-raze-mini-4/;/hifi-a-domace-reproduktory/;0
/jbl-live-pro-2-tws-black/;/audio-technika/;0
/beurer-fm90/;/zdravie-a-starostlivost/;0
/redukce-baterie-terminal-s-vnejsim-zavitem-m6-1-par/;/akumulatory-a-baterie/;0
/redukce-baterie-terminal-s-vnejsim-zavitem-m8-1-par/;/akumulatory-a-baterie/;0
/baterie-olovena-6v-4-5-ah-mhpower-ms4-5-6/;/akumulatory-a-baterie/;0
/baterie-olovena-12v-20-ah-mhpower-ge20-12-gel/;/akumulatory-a-baterie/;0
/baterie-olovena-12v-5-0-ah-mhpower-ms5-12/;/akumulatory-a-baterie/;0
/baterie-olovena-12v-24-ah-mhpower-ms24-12/;/akumulatory-a-baterie/;0
/baterie-olovena-12v-12-ah-mhpower-ms12-12/;/akumulatory-a-baterie/;0
/baterie-olovena-12v-9-0-ah-mhpower-ms9-12/;/akumulatory-a-baterie/;0
/baterie-olovena-6v-12-ah-mhpower-ms12-6/;/akumulatory-a-baterie/;0
/baterie-olovena-12v-17-ah-mhpower-ms17-12/;/akumulatory-a-baterie/;0
/baterie-olovena-12v-7-0-ah-mhpower-ms7-12/;/akumulatory-a-baterie/;0
/baterie-olovena-12v-4-5-ah-mhpower-ms4-5-12/;/akumulatory-a-baterie/;0
/midea-m7-m7pro-s8-roller/;/vysavace/;0
/midea-m7-pro-s8-spare-cloth/;/vysavace/;0
/midea-m7-m7pro-s8-spare-cloth/;/vysavace/;0
/midea-i5c-spare-cloth/;/vysavace/;0
/midea-i5c-spare-parts-kit/;/vysavace/;0
/midea-m7-pro/;/vysavace/;0
/midea-i5c/;/vysavace/;0
/midea-s8/;/vysavace/;0
/electrolux-pq91-p50mb/;/vysavace/;0
/electrolux-pq91-anima/;/vysavace/;0
/electrolux-eeg41cb/;/vysavace/;0
/kluge-489-81/;/kuchynske-roboty-a-krajace/;0
/raycop-omni-air-uv-tycovy-vysavac/;/vysavace/;0
/cleanmate-lds700/;/vysavace/;0
/hobot-legee-669/;/vysavace/;0
/hobot-legee-688/;/vysavace/;0
/beurer-beu-fm39/;/zdravie-a-starostlivost/;0
/beurer-ht-80-3-leta-zaruka/;/starostlivost-o-vlasy/;0
/beurer-hc-60-3-leta-zaruka/;/starostlivost-o-vlasy/;0
/beurer-mg-850-3-leta-zaruka/;/zdravie-a-starostlivost/;0
/beurer-mg-205-3-leta-zaruka/;/zdravie-a-starostlivost/;0
/remington-s-1510/;/starostlivost-o-vlasy/;0
/beurer-hk-comfort/;/zdravie-a-starostlivost/;0
/electrolux-ehf-6241-fok/;/varne-dosky/;0
/emos-e5111-domaci-bezdratova-meteostanice/;/meteostanice/;0
/gorenje-it645bx/;/varne-dosky/;0
/kabel-dvojlinka-cabletech-kab0321-2x1-5mm-pruhledna-ofc/;/kable--konektory-a-redukcie/;0
/eta-311990010/;/zahradne-doplnky/;0
/baterie-olovena-6v-4ah-emos-pro-svitilny-3810-p2301-p2304-p2305-p2308-1201000100/;/akumulatory-a-baterie/;0
/eta-311790000/;/zahradne-doplnky/;0
/zanussi-zac-21/;/vysavace/;0
/gorenje-bm910wii/;/zahradne-doplnky/;0
/baterie-olovena-12v-15ah-emos-b9656v-trakcni-f-6-3mm/;/akumulatory-a-baterie/;0
/redukce-faston-4-8-6-3/;/akumulatory-a-baterie/;0
/philips-bhb-876-00/;/starostlivost-o-vlasy/;0
/beurer-beu-em32/;/zdravie-a-starostlivost/;0
/beurer-beu-mg151/;/zdravie-a-starostlivost/;0
/beurer-beu-mg149/;/zdravie-a-starostlivost/;0
/beurer-fb-21/;/zdravie-a-starostlivost/;0
/beurer-ht-60-3-leta-zaruka/;/starostlivost-o-vlasy/;0
/beurer-hc-50-3-leta-zaruka/;/starostlivost-o-vlasy/;0
/beurer-hc-25-3-leta-zaruka/;/starostlivost-o-vlasy/;0
/beurer-mg-510-3-leta-zaruka/;/zdravie-a-starostlivost/;0
/beurer-mg-206-3-leta-zaruka/;/zdravie-a-starostlivost/;0
/beurer-fm-150-3-leta-zaruka/;/zdravie-a-starostlivost/;0
/beurer-fb-30-3-leta-zaruka/;/zdravie-a-starostlivost/;0
/bosch-pnh6b6b10/;/varne-dosky/;0
/eta-432090000/;/starostlivost-o-vlasy/;0
/beurer-beu-mg70/;/zdravie-a-starostlivost/;0
/philips-hp-8232-00/;/starostlivost-o-vlasy/;0
/amiko-av-kabel-pro-model-8265-tesla-te-3000/;/kable--konektory-a-redukcie/;0
/formuler-av-kabel-pro-prijimace/;/kable--konektory-a-redukcie/;0
/tv-ucastnicka-snura-stinena-15m/;/kable--konektory-a-redukcie/;0
/ucastnicka-snura-stinena-10m/;/kable--konektory-a-redukcie/;0
/usb-180bm/;/elektronika-do-auta/;0
/sma-174edg-jp/;/suciastky-a-diy-pre-audio/;0
/baterie-olovena-12v-17ah-xtreme-enerwell-bezudrzbovy-akumulator/;/akumulatory-a-baterie/;0
/baterie-olovena-12v-7-5ah-xtreme-enerwell-bezudrzbovy-akumulator/;/akumulatory-a-baterie/;0
/baterie-olovena-12v-5-0ah-xtreme-enerwell-bezudrzbovy-akumulator/;/akumulatory-a-baterie/;0
/baterie-olovena-6v-12ah-xtreme-enerwell-bezudrzbovy-akumulator/;/akumulatory-a-baterie/;0
/baterie-olovena-6v-7-2ah-xtreme-enerwell-bezudrzbovy-akumulator/;/akumulatory-a-baterie/;0
/emos-n1015-nabijecka-autobaterii-6-12v-0-8a/;/nabijacky/;0
/baterie-olovena-12v-5ah-emos-bezudrzbovy-akumulator-faston-6-3mm/;/akumulatory-a-baterie/;0
/emos-n1014-nabijecka-autobaterii-6-12v-4a/;/nabijacky/;0
/baterie-olovena-12v-65ah-emos-bezudrzbovy-akumulator-m8/;/akumulatory-a-baterie/;0
/baterie-olovena-12v-40ah-emos-bezudrzbovy-akumulator-m6/;/akumulatory-a-baterie/;0
/baterie-olovena-12v-26ah-emos-bezudrzbovy-akumulator-l2/;/akumulatory-a-baterie/;0
/baterie-olovena-12v-9ah-emos-bezudrzbovy-akumulator-faston-6-3mm/;/akumulatory-a-baterie/;0
/baterie-olovena-12v-7-2ah-emos-bezudrzbovy-akumulator-faston-6-3-mm/;/akumulatory-a-baterie/;0
/baterie-olovena-12v-2-2ah-emos-bezudrzbovy-akumulator/;/akumulatory-a-baterie/;0
/baterie-olovena-12v-18ah-emos-bezudrzbovy-akumulator/;/akumulatory-a-baterie/;0
/baterie-olovena-12v-12ah-emos-bezudrzbovy-akumulator/;/akumulatory-a-baterie/;0
/baterie-olovena-12v-7-2ah-emos-bezudrzbovy-akumulator-faston-4-7-mm/;/akumulatory-a-baterie/;0
/baterie-olovena-12v-4-5ah-emos-bezudrzbovy-akumulator/;/akumulatory-a-baterie/;0
/baterie-olovena-6v-7ah-emos/;/akumulatory-a-baterie/;0
/baterie-olovena-6v-1-3ah-emos-1201000500/;/akumulatory-a-baterie/;0
/inverto-red-extended-singl-lnb-0-3-db/;/anteny-a-satelity/;0
/spojka-hdmi-zdirka-hdmi-zdirka/;/kable--konektory-a-redukcie/;0
/zircon-dalkovy-ovladac-econ-smart-baterie-aaa/;/akumulatory-a-baterie/;0
