/baterie-lifepo4-12-8v-345ah-solarfam-ast-345-s-vyhrevem-bluetooth/;/lifepo4-akumulatory/;0
/zalozni-zdroj-mhpower-mpl-1200-12-ups-1200w-12v-cisty-sinus-podpora-lifepo4/;/zalozne-zdroje-pre-obehova-cerpadla/;0
/zalozni-zdroj-mhpower-mpl-1050-12-ups-1050w-12v-cisty-sinus-podpora-lifepo4/;/zalozne-zdroje-pre-obehova-cerpadla/;0
/zalozni-zdroj-mhpower-wpu-1050-12-ups-1050w-cisty-sinus-12v/;/zalozne-zdroje-pre-obehova-cerpadla/;0
/zalozni-zdroj-mhpower-mpu-1600-12-ups-1600w-12v-cisty-sinus/;/televizory-na-12v/;0
/zalozni-zdroj-mhpower-mpu-1200-12-ups-1200w-12v-cisty-sinus/;/televizory-na-12v/;0
/kabelova-vyvodka-pg-9-scame-805-3341-ip66-4-8mm-s-matici/;/din-listy--pruchodky-a-prislusenstvo/;0
/cestovni-univerzalni-adapter-emos-p0055u-pro-cizince-do-stredni-evropy-1-usb-c-1-usb-a/;/autoradia-s-usb/;0
/kabelova-stresni-pruchodka-s-mc4-konektory-cerna-double/;/konektory-mc4/;0
/kamera-emos-ip-1200-wasp-h4067-gosmart-venkovni-bateriova-otocna-s-wi-fi-a-solarnim-panelem/;/ip-kamery-3/;0
/baterie-lifepo4-12-8v-100ah-solarfam-ast-100-s-vyhrevem-bluetooth/;/lifepo4-akumulatory/;0
/prodluzovaci-kabel-emos-p1513fc-3-m-5-zasuvky-s-vypinacem-bilo-sedy-1-usb-a-1-usb-c-1-5-mm2/;/autoradia-s-usb/;0
/led-zarovka-deco-smoked-g125-e27-4-5-w-19-w-180-lm-flame/;/e27-zavit/;0
/led-zarovka-deco-smoked-g95-e27-4-5-w-19-w-180-lm-flame/;/e27-zavit/;0
/led-zarovka-deco-smoked-st64-e27-4-5-w-19-w-180-lm-flame/;/e27-zavit/;0
/led-zarovka-deco-smoked-a60-e27-4-5-w-19-w-180-lm-flame/;/e27-zavit/;0
/led-zarovka-filament-a60-e27-11-w-100-w-1-521-lm-neutralni-bila-stmivatelna/;/e27-zavit/;0
/led-zarovka-filament-a60-e27-11-w-100-w-1-521-lm-tepla-bila-stmivatelna/;/e27-zavit/;0
/led-nocni-svetlo-emos-p3326-do-zasuvky/;/bile-svetlo/;0
/led-nocni-svetlo-emos-p3325-medved-nabijeci/;/bile-svetlo/;0
/led-zarovka-deco-s123-e27-4-w-16-w-150-lm-flame/;/e27-zavit/;0
/led-zarovka-deco-g130sra-e27-4-w-22-w-220-lm-flame/;/e27-zavit/;0
/led-zarovka-deco-g130oa-e27-4-w-22-w-220-lm-flame/;/e27-zavit/;0
/led-zarovka-deco-t30-e27-2-w-11-w-100-lm-flame/;/e27-zavit/;0
/led-zarovka-deco-cg125a-e27-4-5-w-24-w-240-lm-flame/;/e27-zavit/;0
/led-zarovka-deco-s123-e27-3-5-w-14-w-130-lm-flame/;/e27-zavit/;0
/led-varovny-trojuhelnik-emos-p4010-nabijeci-cob-led-cervena-led/;/led-ziarovky/;0
/led-zarovka-classic-mr16-gu10-7-w-60-w-800-lm-tepla-bila-stmivatelna/;/mr16-patice/;0
/zasuvka-emos-p0074-rozbocovaci-1-1-usb-a-1-usb-c-bila/;/autoradia-s-usb/;0
/zasuvka-emos-p0076pd-rozbocovaci-2-1-usb-a-1-usb-c-bilo-seda/;/autoradia-s-usb/;0
/nabijeci-svitilna-emos-p4545-cob-led-led-1000-lm-2600-mah/;/led-ziarovky/;0
/led-zarovka-filament-a60-e27-7-5-w-75-w-1-055-lm-neutralni-bila-stmivatelna/;/e27-zavit/;0
/led-zarovka-classic-a60-e27-10-5-w-75-w-1-060-lm-tepla-bila-krokove-stmivatelna/;/e27-zavit/;0
/led-zarovka-filament-a60-e27-7-5-w-75-w-1-055-lm-tepla-bila-stmivatelna/;/e27-zavit/;0
/led-zarovka-basic-a60-e27-11w-75-w-1055-lm-tepla-bila/;/e27-zavit/;0
/solarni-regulator-pwm-victron-energy-bluesolar-lcd-usb-5a/;/solarne-regulatory-pwm/;0
/kabel-utp-cat5e-solarix-sxkd-5e-ftp-lsohfr-b2ca-500m/;/utp-a-ftp-kable/;0
/led-zarovka-emos-zl5f67-basic-a60-e27-15-3w-100-w-1521-lm-tepla-bila/;/e27-zavit/;0
/led-zarovka-basic-candle-e14-8-8-w-60-w-806-lm-neutralni-bila/;/e14-zavit/;0
/led-zarovka-basic-mini-globe-e14-8-8-w-60-w-806-lm-tepla-bila/;/e14-zavit/;0
/led-zarovka-basic-candle-e14-8-8-w-60-w-806-lm-tepla-bila/;/e14-zavit/;0
/led-zahradni-nastenne-svitidlo-emos-zgf020p-8-8-x-6-7-x-15-3-cm-2-x-gu10-35-w/;/gu10-patice/;0
/led-zahradni-nastenne-svitidlo-emos-zgf010p-8-8-x-6-7-x-8-cm-1-x-gu10-35-w/;/gu10-patice/;0
/led-zahradni-nastenne-svitidlo-emos-zgi010p-12-8-x-11-x-27-cm-1-x-e27-15-w/;/e27-zavit/;0
/led-venkovni-osvetleni-nastenne-emos-zgd010p-20-8-x-16-x-28-5-cm-1-x-e27-15-w/;/e27-zavit/;0
/baterie-nabijeci-li-ion-18650-3-7v-3500mah-xtar/;/li-ion-nabijacie-akumulatory/;0
/led-zarovka-emos-zl5f58-basic-a60-e27-11w-75-w-1055-lm-neutralni-bila/;/e27-zavit/;0
/led-zarovka-emos-zl5f48-basic-a60-e27-8-8-w-60-w-806-lm-neutralni-bila/;/e27-zavit/;0
/led-zarovka-emos-zl5f47-basic-a60-e27-8-8-w-60-w-806-lm-tepla-bila/;/e27-zavit/;0
/led-zarovka-basic-mini-globe-e14-8-8-w-60-w-806-lm-neutralni-bila/;/e14-zavit/;0
/baterie-lifepo4-12-8v-10ah-mhpower-ms10-12-l-f2-6-3mm/;/lifepo4-akumulatory/;0
/led-nocni-svetlo-emos-p3324-s-pohybovym-cidlem-na-3x-aaa/;/bile-svetlo/;0
/zasuvka-emos-a6000-6-250v-s-usb-a-usb-c-antracit/;/autoradia-s-usb/;0
/baterie-lifepo4-12-8v-125ah-mhpower-ms125-12-l-lc4-m8/;/lifepo4-akumulatory/;0
/baterie-lifepo4-12-8v-38ah-mhpower-ms38-12-l-lc1-m6/;/lifepo4-akumulatory/;0
/baterie-lifepo4-12-8v-12ah-mhpower-ms12-12-l-f2-6-3mm/;/lifepo4-akumulatory/;0
/baterie-lifepo4-12-8v-50ah-mhpower-ms50-12-l-lc5-m8/;/lifepo4-akumulatory/;0
/baterie-lifepo4-12-8v-20ah-mhpower-ms20-12-l-lc1-m5/;/lifepo4-akumulatory/;0
/led-solarni-svitidlo-emos-zg172s-lumi-s-pohybovym-cidlem-bile-neutralni-bila/;/bile-svetlo/;0
/prodluzovaci-kabel-emos-p0211e-1-4-m-2-zasuvky-2-usb-a-1-usb-c-bily-pvc-1-5-mm2/;/autoradia-s-usb/;0
/led-solarni-svitidlo-emos-zg165s-brixo-s-pohybovym-cidlem-bile-neutralni-bila/;/bile-svetlo/;0
/led-solarni-svitidlo-emos-zg161s-brixo-s-pohybovym-cidlem-bile-neutralni-bila/;/bile-svetlo/;0
/zasuvka-emos-p0073-rozbocovaci-2-vyp-1-usb-a-1-usb-c-bila/;/autoradia-s-usb/;0
/baterie-lifepo4-12-8v-150ah-mhpower-l150-12-out/;/lifepo4-akumulatory/;0
/baterie-lifepo4-12-8v-100ah-mhpower-l100-12-out/;/lifepo4-akumulatory/;0
/led-zarovka-filament-mini-globe-a-class-e14-3-8-w-60-w-806-lm-tepla-bila/;/e14-zavit/;0
/led-zarovka-filament-svicka-a-class-e14-3-8-w-60-w-806-lm-tepla-bila/;/e14-zavit/;0
/led-zarovka-filament-mini-globe-a-class-e14-3-8-w-60-w-806-lm-neutralni-bila/;/e14-zavit/;0
/led-nocni-svetlo-emos-p3323-s-fotosenzorem-do-zasuvky/;/bile-svetlo/;0
/led-zarovka-filament-svicka-a-class-e14-3-8-w-60-w-806-lm-neutralni-bila/;/e14-zavit/;0
/prodluzovaci-kabel-emos-p084256-na-bubnu-25-m-4-zasuvky-guma-230-v-1-0-mm2-ip44/;/vypinace-a-zasuvky-galatea-ip44/;0
/led-zarovka-filament-mini-globe-e14-7-w-75-w-1055-lm-neutralni-bila/;/e14-zavit/;0
/led-zarovka-filament-svicka-e14-7-w-75-w-1055-lm-neutralni-bila/;/e14-zavit/;0
/led-zarovka-filament-mini-globe-e14-7-w-75-w-1055-lm-tepla-bila/;/e14-zavit/;0
/led-zarovka-emos-zf3d52-filament-svicka-e14-7-w-75-w-1055-lm-tepla-bila/;/e14-zavit/;0
/led-zarovka-basic-mini-globe-e14-5-5-w-40-w-470-lm-tepla-bila-2/;/e14-zavit/;0
/led-zarovka-basic-svicka-e14-5-5-w-40-w-470-lm-tepla-bila-2/;/e14-zavit/;0
/led-zarovka-basic-mini-globe-e27-5-5-w-40-w-470-lm-tepla-bila-2/;/e27-zavit/;0
/led-zarovka-filament-g125-e27-18-w-150-w-2452-lm-neutralni-bila/;/e27-zavit/;0
/led-zarovka-filament-g125-e27-11-w-100-w-1521-lm-neutralni-bila/;/e27-zavit/;0
/led-zarovka-emos-zf6d03-filament-mini-globe-e27-1-8-w-25-w-250-lm-neutralni-bila/;/e27-zavit/;0
/led-zarovka-filament-g125-e27-11-w-100-w-1521-lm-tepla-bila/;/e27-zavit/;0
/led-zarovka-filament-mini-globe-e27-1-8-w-25-w-250-lm-tepla-bila/;/e27-zavit/;0
/led-zarovka-filament-g95-e27-7-8-w-75-w-1055-lm-neutralni-bila/;/e27-zavit/;0
/led-zarovka-filament-g125-e27-18-w-150-w-2452-lm-tepla-bila/;/e27-zavit/;0
/led-zarovka-filament-svicka-e14-3-4-w-40-w-470-lm-neutralni-bila/;/e14-zavit/;0
/led-zarovka-filament-svicka-e14-5-9-w-60-w-806-lm-neutralni-bila/;/e14-zavit/;0
/led-zarovka-emos-zf6d43-filament-mini-globe-e27-5-9-w-60-w-806-lm-neutralni-bila/;/e27-zavit/;0
/led-zarovka-emos-zf6d23-filament-mini-globe-e27-3-4-w-40-w-470-lm-neutralni-bila/;/e27-zavit/;0
/led-zarovka-filament-g95-e27-7-8-w-75-w-1055-lm-tepla-bila/;/e27-zavit/;0
/led-zarovka-filament-mini-globe-e27-3-4-w-40-w-470-lm-tepla-bila/;/e27-zavit/;0
/led-zarovka-filament-a70-e27-18-w-150-w-2452-lm-tepla-bila/;/e27-zavit/;0
/led-zarovka-filament-a60-e27-7-8-w-75-w-1060-lm-tepla-bila/;/e27-zavit/;0
/led-zarovka-filament-a60-e27-5-9-w-60-w-806-lm-tepla-bila/;/e27-zavit/;0
/led-zarovka-classic-svicka-e27-4-2-w-40-w-470-lm-tepla-bila/;/e27-zavit/;0
/led-zarovka-filament-mini-globe-e14-5-9-w-60-w-806-lm-neutralni-bila/;/e14-zavit/;0
/led-zarovka-filament-mini-globe-e14-3-4-w-40-w-470-lm-tepla-bila/;/e14-zavit/;0
/led-zarovka-filament-mini-globe-e14-1-8-w-25-w-250-lm-tepla-bila/;/e14-zavit/;0
/led-zarovka-filament-mini-globe-e27-5-9-w-60-w-806-lm-tepla-bila/;/e27-zavit/;0
/led-zarovka-emos-zf5d43-filament-a60-e27-5-9-w-60-w-806-lm-neutralni-bila/;/e27-zavit/;0
/led-zarovka-filament-mini-globe-e14-5-9-w-60-w-806-lm-tepla-bila/;/e14-zavit/;0
/prodluzovaci-kabel-emos-p0212cq-kostka-2-m-2-zasuvky-bily-2-usb-a-1-usb-c-qi-1-5-mm2/;/autoradia-s-usb/;0
/led-zarovka-vintage-svicka-e14-2-5-w-20-w-225-lm-tepla-bila/;/e14-zavit/;0
/led-zarovka-vintage-a60-e27-4-5-w-40-w-420-lm-tepla-bila/;/e27-zavit/;0
/led-zarovka-vintage-g95-e27-4-5-w-40-w-420-lm-tepla-bila/;/e27-zavit/;0
/led-zarovka-vintage-g125-e27-4-5-w-40-w-420-lm-tepla-bila/;/e27-zavit/;0
/led-zarovka-vintage-st64-e27-4-5-w-40-w-420-lm-tepla-bila/;/e27-zavit/;0
/led-zarovka-basic-mini-globe-e27-5-5-w-40-w-470-lm-tepla-bila/;/e27-zavit/;0
/led-zarovka-basic-svicka-e27-5-5-w-40-w-470-lm-tepla-bila/;/e27-zavit/;0
/led-zarovka-emos-zf5d23-filament-a60-e27-3-4-w-40-w-470-lm-neutralni-bila/;/e27-zavit/;0
/led-zarovka-filament-svicka-e14-1-8-w-25-w-250-lm-neutralni-bila/;/e14-zavit/;0
/led-zarovka-filament-svicka-e14-5-9-w-60-w-806-lm-tepla-bila/;/e14-zavit/;0
/led-zarovka-filament-svicka-e14-3-4-w-40-w-470-lm-tepla-bila/;/e14-zavit/;0
/led-zarovka-filament-svicka-e14-1-8-w-25-w-250-lm-tepla-bila/;/e14-zavit/;0
/led-zarovka-basic-mini-globe-e14-5-5-w-40-w-470-lm-tepla-bila/;/e14-zavit/;0
/led-zarovka-basic-svicka-e14-5-5-w-40-w-470-lm-tepla-bila/;/e14-zavit/;0
/led-zarovka-basic-mr16-gu10-5-2-w-40-w-450-lm-neutralni-bila/;/mr16-patice/;0
/emos-p56400s-gosmart-detektor-oxidu-uhelnateho-tcs0101w-s-wi-fi/;/detektory-a-alarmy/;0
/prodluzovaci-kabel-emos-p19410n-na-bubnu-10-m-3x1mm-4-zasuvky/;/dlzka-10m/;0
/nabijeci-baterie-gp-recharge-800-aaa-hr03-4kusy-cena-blistr/;/aaa-mikrotuzkove/;0
/led-zarovka-basic-mr16-gu10-2-9-w-25-w-250-lm-neutralni-bila/;/mr16-patice/;0
/led-zarovka-basic-mr16-gu10-2-9-w-25-w-250-lm-tepla-bila/;/mr16-patice/;0
/led-zarovka-filament-ed90-e27-36-w-327-w-6-000-lm-neutralni-bila/;/e27-zavit/;0
/led-zarovka-filament-a70-e27-18-w-150-w-2452-lm-neutralni-bila/;/e27-zavit/;0
/led-zarovka-emos-zf5d63-filament-a60-e27-10-5-w-100-w-1521-lm-neutralni-bila/;/e27-zavit/;0
/led-zarovka-emos-zf5d62-filament-a60-e27-10-5-w-100-w-1521-lm-tepla-bila/;/e27-zavit/;0
/led-zarovka-filament-a60-e27-3-4-w-40-w-470-lm-tepla-bila/;/e27-zavit/;0
/led-zarovka-emos-zf5d53-filament-a60-e27-7-8-w-75-w-1060-lm-neutralni-bila/;/e27-zavit/;0
/led-zarovka-classic-a95-e27-28-w-200-w-3452-lm-neutralni-bila/;/e27-zavit/;0
/led-zarovka-classic-a95-e27-28-w-200-w-3452-lm-tepla-bila/;/e27-zavit/;0
/led-zarovka-classic-a80-e27-20-w-150-w-2452-lm-tepla-bila/;/e27-zavit/;0
/led-zarovka-emos-zq5e84-classic-a80-20-w-e27-studena-bila/;/e27-zavit/;0
/led-zarovka-filament-mini-globe-e14-3-4-w-40-w-470-lm-neutralni-bila/;/e14-zavit/;0
/nabijeci-svitilna-emos-p4544-cob-led-led-750-lm-2000-mah/;/led-ziarovky/;0
/automaticky-prepinac-siti-napajeni-2p-230v-100a-nlq4-125-2p-pro-fve/;/prepinace-napajeni/;0
/automaticky-prepinac-siti-napajeni-2p-230v-80a-nlq4-125-2p-pro-fve/;/prepinace-napajeni/;0
/automaticky-prepinac-siti-napajeni-2p-230v-63a-nlq4-125-2p-pro-fve/;/prepinace-napajeni/;0
/automaticky-prepinac-siti-napajeni-2p-230v-40a-nlq4-125-2p-pro-fve/;/prepinace-napajeni/;0
/automaticky-prepinac-siti-napajeni-2p-230v-32a-nlq4-125-2p-pro-fve/;/prepinace-napajeni/;0
/automaticky-prepinac-siti-napajeni-2p-230v-20a-nlq4-125-2p-pro-fve/;/prepinace-napajeni/;0
/automaticky-prepinac-siti-napajeni-2p-230v-16a-nlq4-125-2p-pro-fve/;/prepinace-napajeni/;0
/led-zarovka-classic-svicka-e27-4-2-w-40-w-470-lm-neutralni-bila/;/e27-zavit/;0
/led-zarovka-classic-mini-globe-e27-6-5-w-60-w-806-lm-neutralni-bila/;/e27-zavit/;0
/led-zarovka-classic-mini-globe-e27-4-2-w-40-w-470-lm-neutralni-bila/;/e27-zavit/;0
/led-zarovka-classic-a80-e27-20-w-150-w-2452-lm-neutralni-bila/;/e27-zavit/;0
/led-zarovka-classic-mini-globe-e27-2-5-w-32-w-350-lm-neutralni-bila/;/e27-zavit/;0
/led-zarovka-classic-mini-globe-e27-6-5-w-60-w-806-lm-tepla-bila/;/e27-zavit/;0
/led-zarovka-classic-a60-e27-13-w-100-w-1521-lm-tepla-bila/;/e27-zavit/;0
/led-zarovka-classic-a60-e27-9-5-w-75-w-1055-lm-tepla-bila/;/e27-zavit/;0
/led-zarovka-classic-a60-e27-5-8-w-50-w-645-lm-tepla-bila/;/e27-zavit/;0
/led-zarovka-classic-mini-globe-e27-4-2-w-40-w-470-lm-studena-bila/;/e27-zavit/;0
/led-zarovka-classic-a60-e27-9-5-w-75-w-1055-lm-studena-bila/;/e27-zavit/;0
/led-zarovka-emos-zq7e23-classic-r50-e14-4-2-w-40-w-470-lm-neutralni-bila/;/e14-zavit/;0
/led-zarovka-classic-mini-globe-e14-6-5-w-60-w-806-lm-neutralni-bila/;/e14-zavit/;0
/led-zarovka-classic-svicka-e14-4-2-w-40-w-470-lm-neutralni-bila/;/e14-zavit/;0
/led-zarovka-emos-zq7e21-classic-r50-e14-4-2-w-40-w-470-lm-tepla-bila/;/e14-zavit/;0
/led-zarovka-classic-mini-globe-e14-6-5-w-60-w-806-lm-tepla-bila/;/e14-zavit/;0
/led-zarovka-classic-svicka-e14-6-5-w-60-w-806-lm-tepla-bila/;/e14-zavit/;0
/led-zarovka-classic-svicka-e14-4-2-w-40-w-470-lm-tepla-bila/;/e14-zavit/;0
/led-zarovka-classic-mini-globe-e14-6-5-w-60-w-806-lm-studena-bila/;/e14-zavit/;0
/led-zarovka-classic-mini-globe-e14-4-2-w-40-w-470-lm-studena-bila/;/e14-zavit/;0
/led-zarovka-classic-mr16-gu10-3-w-40-w-535-lm-neutralni-bila/;/mr16-patice/;0
/led-zarovka-classic-a60-e27-7-w-60-w-806-lm-tepla-bila/;/e27-zavit/;0
/led-zarovka-classic-mini-globe-e27-6-5-w-60-w-806-lm-studena-bila/;/e27-zavit/;0
/led-zarovka-classic-a60-e27-13-w-100-w-1521-lm-studena-bila/;/e27-zavit/;0
/led-zarovka-classic-a60-e27-7-w-60-w-806-lm-studena-bila/;/e27-zavit/;0
/led-zarovka-classic-mini-globe-e14-4-2-w-40-w-470-lm-neutralni-bila/;/e14-zavit/;0
/led-zarovka-classic-mini-globe-e14-2-5-w-32-w-350-lm-neutralni-bila/;/e14-zavit/;0
/led-zarovka-classic-mini-globe-e14-4-2-w-40-w-470-lm-tepla-bila/;/e14-zavit/;0
/led-zarovka-classic-mini-globe-e14-2-5-w-32-w-350-lm-tepla-bila/;/e14-zavit/;0
/led-zarovka-classic-svicka-e14-6-5-w-60-w-806-lm-studena-bila/;/e14-zavit/;0
/led-zarovka-classic-r63-e27-7-w-60-w-806-lm-neutralni-bila/;/e27-zavit/;0
/led-zarovka-emos-zq5e63-classic-a60-13-w-e27-neutralni-bila/;/e27-zavit/;0
/led-zarovka-emos-zq5e53-classic-a60-9-5-w-e27-neutralni-bila/;/e27-zavit/;0
/led-zarovka-classic-a60-e27-7-w-60-w-806-lm-neutralni-bila/;/e27-zavit/;0
/led-zarovka-classic-a60-e27-5-8-w-50-w-645-lm-neutralni-bila/;/e27-zavit/;0
/led-zarovka-classic-a60-e27-4-w-40-w-470-lm-neutralni-bila/;/e27-zavit/;0
/led-zarovka-classic-r63-e27-7-w-60-w-806-lm-tepla-bila/;/e27-zavit/;0
/led-zarovka-classic-mini-globe-e27-4-2-w-40-w-470-lm-tepla-bila/;/e27-zavit/;0
/led-zarovka-classic-a60-e27-4-w-40-w-470-lm-tepla-bila/;/e27-zavit/;0
/led-zarovka-classic-mini-globe-e27-2-5-w-32-w-350-lm-tepla-bila/;/e27-zavit/;0
/led-zarovka-classic-svicka-e14-6-5-w-60-w-806-lm-neutralni-bila/;/e14-zavit/;0
/led-zarovka-classic-svicka-e14-2-5-w-32-w-350-lm-neutralni-bila/;/e14-zavit/;0
/led-zarovka-classic-svicka-e14-2-5-w-32-w-350-lm-tepla-bila/;/e14-zavit/;0
/led-zarovka-classic-svicka-e14-4-2-w-40-w-470-lm-studena-bila/;/e14-zavit/;0
/led-zarovka-emos-zq8e33n-classic-mr16-gu10-5-8-w-75-w-565-lm-neutralni-bila/;/mr16-patice/;0
/led-zarovka-classic-mr16-gu10-3-w-32-w-345-lm-neutralni-bila-2/;/mr16-patice/;0
/led-zarovka-classic-mr16-gu10-4-w-39-w-450-lm-neutralni-bila/;/mr16-patice/;0
/led-zarovka-classic-mr16-gu10-3-w-32-w-345-lm-neutralni-bila/;/mr16-patice/;0
/led-zarovka-classic-mr16-gu10-3-w-32-w-345-lm-tepla-bila-2/;/mr16-patice/;0
/led-zarovka-classic-mr16-gu10-4-w-39-w-450-lm-tepla-bila/;/mr16-patice/;0
/led-zarovka-classic-mr16-gu10-3-w-32-w-345-lm-tepla-bila/;/mr16-patice/;0
/led-zarovka-classic-mr16-gu10-3-w-32-w-345-lm-studena-bila-2/;/mr16-patice/;0
/led-zarovka-classic-mr16-gu10-3-w-32-w-345-lm-studena-bila/;/mr16-patice/;0
/led-zarovka-classic-mr16-gu10-7-w-60-w-806-lm-studena-bila/;/mr16-patice/;0
/led-zarovka-classic-mr16-gu10-7-w-60-w-800-lm-neutralni-bila/;/mr16-patice/;0
/led-zarovka-classic-mr16-gu10-7-w-60-w-806-lm-tepla-bila/;/mr16-patice/;0
/led-zarovka-filament-a60-a-class-e27-7-2-w-100-w-1521-lm-neutralni-bila/;/e27-zavit/;0
/led-zarovka-filament-a60-a-class-e27-7-2-w-100-w-1521-lm-tepla-bila/;/e27-zavit/;0
/led-reflektor-emos-p4543-1200-lm-cob-led-nabijeci-pracovni-svitilna-2000-mah/;/led-ziarovky/;0
/led-reflektor-emos-p4542-900-lm-cob-led-nabijeci-pracovni-svitilna-2-2000-mah/;/led-ziarovky/;0
/nabijeci-baterie-gp-recyko-pro-professional-800-aaa-hr03-6kusu-cena-blistr/;/aaa-mikrotuzkove/;0
/baterie-gp-super-alkaline-lr20-velke-mono-d-2ks/;/d-velke-monoclanky/;0
/baterie-gp-super-alkaline-lr14-male-mono-c-2-kusy/;/c-male-monoclanky/;0
/baterie-gp-super-alkaline-lr03-aaa-2-kusy/;/aaa-mikrotuzkove/;0
/baterie-gp-super-alkaline-lr03-aaa-12-kusu/;/aaa-mikrotuzkove/;0
/baterie-gp-ultra-plus-alkaline-lr03-aaa-4-kusy/;/aaa-mikrotuzkove/;0
/baterie-gp-ultra-plus-alkaline-lr03-aaa-2-kusy/;/aaa-mikrotuzkove/;0
/mercusys-mw300um-usb-klient-wireless-usb-adapter-300-mbps/;/autoradia-s-usb/;0
/solarix-keystone-utp-cat-6-zarezavaci-sxkj-6-utp-bk/;/utp-a-ftp-kable/;0
/kabel-utp-cat5e-solarix-sxkd-5e-utp-lsoh-100m/;/utp-a-ftp-kable/;0
/kabel-utp-cat5e-solarix-sxkd-5e-utp-pe-venkovni-100m/;/utp-a-ftp-kable/;0
/kabel-utp-cat5e-solarix-sxkd-5e-utp-pvc-100m/;/utp-a-ftp-kable/;0
/kabel-utp-cat5e-solarix-sxkd-5e-utp-pvc-305m/;/utp-a-ftp-kable/;0
/kabel-utp-cat5e-solarix-sxkd-5e-utp-pe-venkovni-305m/;/utp-a-ftp-kable/;0
/mean-well-hdr-15-12-spinany-zdroj-na-din-listu-15w-12v/;/zdroje-a-zasuvky-na-din-listu/;0
/mean-well-ndr-480-48-prumyslovy-napajeci-zdroj-48v-10a-na-din-listu/;/zdroje-a-zasuvky-na-din-listu/;0
/mean-well-sdr-480p-24-napajeci-zdroj-1-x-24-v-dc-20-a-480-w-na-din-listu/;/zdroje-a-zasuvky-na-din-listu/;0
/mean-well-ndr-240-24-prumyslovy-napajeci-zdroj-24v-10a-na-din-listu/;/zdroje-a-zasuvky-na-din-listu/;0
/mean-well-drc-60b-spinany-zdroj-na-din-listu-funkce-ups/;/zdroje-a-zasuvky-na-din-listu/;0
/mean-well-ndr-120-24-prumyslovy-napajeci-zdroj-24v-5a-na-din-listu/;/zdroje-a-zasuvky-na-din-listu/;0
/mean-well-ndr-120-48-prumyslovy-napajeci-zdroj-48v-2-5a-na-din-listu/;/zdroje-a-zasuvky-na-din-listu/;0
/mean-well-ndr-120-12-prumyslovy-napajeci-zdroj-12v-10a-na-din-listu/;/zdroje-a-zasuvky-na-din-listu/;0
/mhpower-poe-pan24-gb-af-at-gigabitovy-stineny-24-portovy-poe-panel-802-3af-at/;/napajacie-adaptery-a-poe/;0
/ubiquiti-u-poe-gigabitovy-poe-injektor-48v-0-32a-15-4w-bily/;/napajacie-adaptery-a-poe/;0
/mhpower-poe-pan4-enc-4-portovy-pasivni-poe-panel-s-krytem/;/napajacie-adaptery-a-poe/;0
/adex-ads108grp-1po-reverzni-poe-switch-8x-gbit-port-1x-poe-out-web-managed-metal/;/napajacie-adaptery-a-poe/;0
/mhpower-poe-pan16-gb-af-at-gigabitovy-stineny-16-portovy-poe-panel-802-3af-at/;/napajacie-adaptery-a-poe/;0
/ubiquiti-poe-wm-drzak-na-zed-pro-poe-24-12w-a-poe-24-12w-g/;/napajacie-adaptery-a-poe/;0
/ubiquiti-poe-24-7w-wh-gigabitovy-poe-injektor-24v-0-3a-7w/;/napajacie-adaptery-a-poe/;0
/mhpower-poe-pan8-gb-af-at-gigabitovy-stineny-8-portovy-poe-panel-802-3af-at/;/napajacie-adaptery-a-poe/;0
/mhpower-poe-pan4-gb-af-at-gigabitovy-stineny-4-portovy-poe-panel-802-3af-at/;/napajacie-adaptery-a-poe/;0
/poe-d-univerzalni-poe-detektor/;/napajacie-adaptery-a-poe/;0
/mhpower-poe-pan8-gb-gigabitovy-stineny-8-portovy-poe-panel/;/napajacie-adaptery-a-poe/;0
/mhpower-poe-pan4-gb-gigabitovy-stineny-4-portovy-poe-panel/;/napajacie-adaptery-a-poe/;0
/ubiquiti-poe-54v-80w-gigabitovy-poe-injektor-pro-edgepoint-54v-1-5a-80w/;/napajacie-adaptery-a-poe/;0
/mhpower-poe-pan16-gb-gigabitovy-stineny-16-portovy-poe-panel/;/napajacie-adaptery-a-poe/;0
/mhpower-poe-pan6-gb-gigabitovy-stineny-6-portovy-pasivni-poe-panel/;/napajacie-adaptery-a-poe/;0
/mhpower-poe-pasivni-slucovac-osminasobny-poe-pan8-case-poeinj8-s-krytem/;/napajacie-adaptery-a-poe/;0
/mhpower-poe-pan8-s-pasivni-poe-panel-8-portu-svorkovnice-bez-krytu/;/napajacie-adaptery-a-poe/;0
/ubiquiti-poe-24-af5x-gigabitovy-poe-injektor-pro-af5x-24v-1a-24w/;/napajacie-adaptery-a-poe/;0
/ubiquiti-poe-24-30w-gigabitovy-poe-injektor-24v-1-25a-30w/;/napajacie-adaptery-a-poe/;0
/ubiquiti-poe-24-24w-g-gigabitovy-poe-injektor-24v-1a-24w/;/napajacie-adaptery-a-poe/;0
/ubiquiti-poe-24-12w-g-gigabitovy-poe-injektor-24v-0-5a-12w/;/napajacie-adaptery-a-poe/;0
/ubiquiti-poe-48-24w-g-gigabitovy-poe-injektor-48v-0-5a-24w/;/napajacie-adaptery-a-poe/;0
/ubiquiti-poe-48-24w-poe-injektor-48v-0-5a-24w/;/napajacie-adaptery-a-poe/;0
/ubiquiti-poe-50-60w-gigabitovy-poe-injektor-50v-1-2a-60w/;/napajacie-adaptery-a-poe/;0
/ubiquiti-poe-24-12w-poe-injektor-24v-0-5a-12w/;/napajacie-adaptery-a-poe/;0
/ubiquiti-poe-24-24w-poe-injektor-24v-1a-24w/;/napajacie-adaptery-a-poe/;0
/mhpower-poe-pan12-12-portovy-pasivni-poe-injektor-panel/;/napajacie-adaptery-a-poe/;0
/mhpower-poe-pan12-gb-gigabitovy-stineny-12-portovy-pasivni-poe-panel/;/napajacie-adaptery-a-poe/;0
/chytra-led-zarovka-gosmart-a65-e27-14-w-94-w-1-400-lm-rgb-stmivatelna-zigbee/;/e27-zavit/;0
/chytra-led-zarovka-gosmart-a60-e27-11-w-75-w-1-050-lm-rgb-stmivatelna-zigbee/;/e27-zavit/;0
/chytra-led-zarovka-gosmart-a60-e27-9-w-60-w-806-lm-rgb-stmivatelna-zigbee/;/e27-zavit/;0
/chytra-led-zarovka-gosmart-svicka-e14-4-8-w-40-w-470lm-rgb-stmivatelna-zigbee/;/e14-zavit/;0
/chytra-led-zarovka-gosmart-mr16-gu10-4-8-w-35-w-400-lm-rgb-stmivatelna-zigbee/;/mr16-patice/;0
/chytra-led-zarovka-gosmart-svicka-e14-4-8-w-40-w-470lm-rgb-stmivatelna-wi-fi/;/e14-zavit/;0
/chytra-led-zarovka-gosmart-mr16-gu10-4-8-w-35-w-400-lm-rgb-stmivatelna-wi-fi/;/mr16-patice/;0
/led-zarovka-emos-zqw516r-gosmart-wifi-a65-e27-14-w-94-w-1-400-lm-rgb-stmivatelna/;/e27-zavit/;0
/led-zarovka-emos-zqw515r-gosmart-wifi-a65-e27-11-w-75-w-1-050-lm-rgb-stmivatelna/;/e27-zavit/;0
/led-zarovka-filament-a60-e27-5-w-75-w-1-060-lm-neutralni-bila/;/e27-zavit/;0
/led-zarovka-filament-a60-e27-3-8-w-60-w-806-lm-neutralni-bila/;/e27-zavit/;0
/led-zarovka-filament-a60-e27-5-w-75-w-1-060-lm-tepla-bila/;/e27-zavit/;0
/led-zarovka-filament-a60-e27-3-8-w-60-w-806-lm-tepla-bila/;/e27-zavit/;0
/slunecni-clona-3x2m-seda/;/slunecni-clony/;0
/slunecni-clona-3x2m-bezova/;/slunecni-clony/;0
/zasuvka-emos-a6000-4-250v-s-usb-a-usb-c-bila/;/autoradia-s-usb/;0
/led-pracovni-svitilna-emos-p4112-2-cob-led-350-lm-3-aa/;/led-ziarovky/;0
/led-pracovni-svitilna-emos-p4113-cob-led-700-lm-4-aa/;/led-ziarovky/;0
/solarni-regulator-mppt-victron-energy-smartsolar-75v-15a-bluetooth/;/solarne-regulatory-mppt/;0
/kabel-usb-c-2-0-usb-c-2-0-emos-sm7027w-1-m-bily/;/autoradia-s-usb/;0
/kabel-usb-3-0-a-m-micro-b-m-1m-emos-s70203/;/micro-usb-kable/;0
/led-nocni-svetlo-emos-p3320-s-fotosenzorem-do-zasuvky/;/bile-svetlo/;0
/led-nocni-svetlo-emos-p3319-s-fotosenzorem-do-zasuvky/;/bile-svetlo/;0
/led-nocni-svetlo-emos-p3318-s-fotosenzorem-do-zasuvky/;/bile-svetlo/;0
/baterie-lifepo4-12-8v-75ah-mhpower-ms75-12-l-lc5-m8/;/lifepo4-akumulatory/;0
/baterie-lifepo4-12-8v-100ah-mhpower-ms100-12-l-lc4-m8/;/lifepo4-akumulatory/;0
/baterie-lifepo4-12-8v-150ah-mhpower-ms150-12-l-lc5-m8/;/lifepo4-akumulatory/;0
/celovka-gp-discovery-ch43-2-smd-led-led-150-lm/;/smd-led-ziarovky/;0
/celovka-gp-discovery-ch42-2-smd-led-100-lm/;/smd-led-ziarovky/;0
/meric-spotreby-elektricke-energie-emos-p5805/;/elektricke-stanice/;0
/celovka-gp-discovery-ch44-2-smd-led-300-lm/;/smd-led-ziarovky/;0
/prodluzovaci-kabel-emos-p1410r-s-vypinacem-4-zasuvky-10m-bily/;/dlzka-10m/;0
/solarni-regulator-mppt-victron-energy-smartsolar-100v-30a-bluetooth/;/solarne-regulatory-mppt/;0
/led-nocni-svetlo-emos-p3316-s-fotosenzorem-do-zasuvky/;/bile-svetlo/;0
/led-nocni-svetlo-emos-p3315-s-fotosenzorem-do-zasuvky/;/bile-svetlo/;0
/led-nocni-svetlo-emos-p3314-s-fotosenzorem-do-zasuvky/;/bile-svetlo/;0
/led-svetlo-monitoru-emos-z7617-ava/;/bile-svetlo/;0
/ftp-kabel-amiko-cat6-cca-stineny-sitovy-kabel-baleni-305m/;/kabel-s-f-konektory/;0
/celovka-gp-xplor-phr17-500-lm-3-cree-smd-led-usb-c-nabijeni/;/smd-led-ziarovky/;0
/baterie-gp-greencell-r03-aaa-4-kusy/;/aaa-mikrotuzkove/;0
/emos-p4538-smd-led-led-nabijeci-svitilna-700-lm-1200-mah/;/smd-led-ziarovky/;0
/emos-p4537-cob-led-smd-led-nabijeci-svitilna-330-lm-1200-mah/;/smd-led-ziarovky/;0
/emos-em-10ahd-monitor-videotelefonu-7-lcd-h3015/;/lcd-displej-pc-monitor/;0
/lte-filtr-emos-em694iec-5-694-mhz-lte-5g-utlum-40-db/;/3g-lte-modemy/;0
/lte-filtr-emos-em694f-5-694-mhz-lte-5g-utlum-40-db/;/3g-lte-modemy/;0
/led-nocni-svetlo-emos-p3310k-se-senzorem-fotorezistor-na-3-aa/;/bile-svetlo/;0
/led-reflektor-emos-p4536-2000-lm-cob-led-nabijeci-pracovni-svitilna-8000-mah/;/led-ziarovky/;0
/led-nocni-svetlo-emos-p3313-do-zasuvky-s-2-usb/;/bile-svetlo/;0
/emos-p4535-cob-led-led-670-lm-2200-mah-led-nabijeci-pracovni-svitilna/;/led-ziarovky/;0
/emos-p4531-cob-led-led-nabijeci-prac-svitilna-400-lm-2000-mah/;/led-ziarovky/;0
/dalkove-ovladane-zasuvky-emos-p0070-set-3-1/;/dalkove-ovladane/;0
/led-zarovka-classic-jc-4-5w-e14-neutralni-bila-do-digestore/;/e14-zavit/;0
/led-zarovka-classic-jc-4-5w-e14-tepla-bila/;/e14-zavit/;0
/prodluzovaci-kabel-emos-p0604-spojka-25m-2-zasuvky-cerny-guma-230-v-1-5-mm2/;/dlzka-25m/;0
/prodluzovaci-kabel-emos-p0603-spojka-20m-2-zasuvky-cerny-guma-230-v-1-5-mm2/;/dlzka-20m/;0
/prodluzovaci-kabel-emos-p0602-spojka-15m-2-zasuvky-cerny-guma-230-v-1-5-mm2/;/dlzka-15m/;0
/prodluzovaci-kabel-emos-p0601-spojka-10m-2-zasuvky-cerny-guma-230-v-1-5-mm2/;/dlzka-10m/;0
/kabel-usb-c-2-0-usb-a-2-0-cerny-1-00-m-emos-sm7025bl/;/autoradia-s-usb/;0
/kabel-usb-c-2-0-usb-a-2-0-bily-1-00-m-emos-sm7025w/;/autoradia-s-usb/;0
/zdroj-pulzni-emos-n3112-s-hrebinkem-1500ma-3-12v-univerzalni/;/adaptery-pulzni/;0
/adapter-usb-micro-b-f-usb-c-m-emos-sm7023-krabicka-2-kusy/;/micro-usb-kable/;0
/led-zarovka-classic-mr16-4-5w-gu5-3-neutralni-bila/;/mr16-patice/;0
/led-zarovka-classic-mr16-4-5w-gu5-3-tepla-bila/;/mr16-patice/;0
/emos-zd3122-led-bodove-svitidlo-5w-bile-exclusive-neutralni-bila/;/bile-svetlo/;0
/baterie-gp-lithiova-fr03-aaa-2-kusy/;/aaa-mikrotuzkove/;0
/kabel-usb-c-3-1-usb-c-3-1-emos-sm7022bl-1m-10gbps/;/autoradia-s-usb/;0
/usb-kabel-3-0-a-m-usb-3-1-c-m-1m-cerny-quick-charge/;/autoradia-s-usb/;0
/celovka-emos-p3531-cree-led-cob-led-330-lm-65-m-3-aaa/;/led-ziarovky/;0
/led-svitilna-kovova-emos-p3894-3w-cob-led-na-3x-aaa-cerna/;/led-ziarovky/;0
/usb-kabel-2-0-a-m-micro-b-m-1m-cerny-quick-charge/;/micro-usb-kable/;0
/montazni-lampa-prenosne-svetlo-led-230v-5w-5-m/;/bile-svetlo/;0
/flash-disk-adata-usb-3-2-uv150-64-gb-black/;/usb-flash-disky/;0
/nabijeci-baterie-raver-400mah-hr03-aaa-2ks-cena-blistr/;/aaa-mikrotuzkove/;0
/led-nocni-svetlo-emos-p3306-s-fotosenzorem-do-zasuvky/;/bile-svetlo/;0
/foto-lithiova-baterie-gp-2cr5/;/baterie-k-fotoaparatom/;0
/foto-lithiova-baterie-gp-cr-p2/;/baterie-k-fotoaparatom/;0
/led-svitilna-plastova-emos-p3862-3x-led-20-lm-2x-d/;/led-ziarovky/;0
/prodluzovaci-kabel-emos-p193250-na-bubnu-25-m-3-zasuvky-cerny-guma-230v-400v-1-5-mm2/;/jednozasuvkove--400v/;0
/prodluzovaci-kabel-emos-p084501-profi-na-bubnu-50m-4-zasuvky-cerny-guma-230-v-1-5-mm2/;/dlzka-50m/;0
/prodluzovaci-kabel-emos-p084251-profi-na-bubnu-25m-4-zasuvky-cerny-guma-230-v-1-5-mm2/;/dlzka-25m/;0
/prodluzovaci-kabel-na-bubnu-15m-3x1mm-pvc-4-zasuvky/;/dlzka-15m/;0
/prodluzovaci-kabel-4-zasuvky-10m-bily/;/dlzka-10m/;0
/prodluzovaci-kabel-emos-p19430-na-bubnu-30m-4-zasuvky-cerveny-pvc-230-v-1-mm2/;/dlzka-30m/;0
/baterie-olovena-12v-38-ah-victron-energy-agm-super-cycle-solarni/;/12v/;0
/baterie-olovena-12v-25-ah-victron-energy-agm-super-cycle-solarni/;/12v/;0
/teka-ml-825-tfl-bx/;/vstavane-mikrovlnne-rury/;0
/teka-ttb-64320-ttc-bk/;/sklokeramicke-varne-dosky/;0
/teka-ibc-64000-ttc/;/indukcne-varne-dosky/;0
/teka-ml-8200-bis-b/;/vstavane-mikrovlnne-rury/;0
/teka-ml-8220-bis-l-st/;/vstavane-mikrovlnne-rury/;0
/wiim-sound/;/prenosne-bluetooth-reproduktory/;0
/wiim-sound/;/prenosne-bluetooth-reproduktory/;0
/wiim-mini/;/hifi-komponenty/;0
/emos-e8647w-domaci-bezdratova-meteostanice/;/bezdratova-cidla/;0
/digitalni-osobni-vaha-gosmart-emos-ev112-bmi-180-kg-cerna/;/kuchynske-vahy/;0
/bg-da-14/;/nove-produkty/;0
/blaupunkt-32fbg5000s/;/led-televizory/;0
/kabel-jack-3-5mm-jack-3-5mm-1-5m-stereo-sm5001-emos/;/jack/;0
/kabel-jack-3-5mm-jack-3-5mm-zasuvka-5m-stereo-sm5105-emos/;/jack/;0
/kabel-jack-3-5mm-jack-3-5mm-3m-stereo-sm5003-emos/;/jack/;0
/kabel-jack-3-5mm-jack-3-5mm-zasuvka-2-5m-stereo-sm5102-emos/;/jack/;0
/yamaha-musiccast-200-tsx-n237d-black/;/hifi-komponenty/;0
/emos-e8610-gosmart-bezdratova-meteostanice-s-wi-fi/;/bezdratova-cidla/;0
/bezdratove-cidlo-emos-e00387/;/bezdratova-cidla/;0
/solac-lv1350/;/parne-mopy-a-cistice/;0
/rowenta-cv6930f0/;/feny-na-vlasy/;0
/tefal-xf652038/;/kuchynske-roboty-a-krajace/;0
/braun-silk-epil-se5-050/;/holiace-strojceky/;0
/truelife-relaxback-b3-charge/;/masazne-pristroje/;0
/ardes-goldye/;/elektricke-manikury-a-pedikury/;0
/starbucks-breakfast-blend-kava-450g/;/kava/;0
/candy-cf-5c6f0b/;/umyvacky-riadu/;0
/electrolux-eb61c4db/;/podlahove-vysavace/;0
/ezidri-foliova-miska-pro-fd500/;/susicky-potravin/;0
/philips-bhd003-00/;/feny-na-vlasy/;0
/tefal-pf240e38/;/grily-2/;0
/l-or-onyx-10ks-kapsle/;/kavove-kapsle/;0
/guzzanti-gz-995/;/cisticky-vzduchu/;0
/braun-nahradni-napln-ccr4/;/holiace-strojceky/;0
/beper-bep-40450-go/;/zehlicky-na-vlasy--krepovaci-klieste/;0
/sanitas-sma-35/;/elektricke-manikury-a-pedikury/;0
/zelmer-vysousec-vlasu-zhd8321/;/feny-na-vlasy/;0
/gorenje-bpsa6747dgwi/;/vstavane-rury/;0
/baterie-olovena-12v-24-ah-mhpower-6-dmf-24-gel-trakcni/;/12v/;0
/baterie-olovena-12v-15-ah-mhpower-6-dzf-15-gel-trakcni/;/12v/;0
/hisense-32a4n/;/led-televizory/;0
/wiim-pro/;/nove-produkty/;0
/eta-732290000/;/kulmy-na-vlasy/;0
/nabijecka-baterii-carspa-cfg12-24-10-pb-agm-lifepo4/;/nabijacky-lifepo4/;0
/nabijecka-baterii-carspa-cfb12-24-12-pb-agm-lifepo4/;/nabijacky-lifepo4/;0
/baterie-olovena-12v-14-ah-mhpower-ge14-12-gel/;/12v/;0
/baterie-olovena-12v-9-0-ah-mhpower-ge9-12-gel/;/12v/;0
/niceboy-raze-mini-4/;/prenosne-bluetooth-reproduktory/;0
/jbl-live-pro-2-tws-black/;/tws-sluchadla/;0
/beurer-fm90/;/masazne-pristroje/;0
/redukce-baterie-terminal-s-vnejsim-zavitem-m6-1-par/;/12v/;0
/redukce-baterie-terminal-s-vnejsim-zavitem-m8-1-par/;/12v/;0
/baterie-olovena-6v-4-5-ah-mhpower-ms4-5-6/;/olovene-akumulatory/;0
/baterie-olovena-12v-20-ah-mhpower-ge20-12-gel/;/12v/;0
/baterie-olovena-12v-5-0-ah-mhpower-ms5-12/;/12v/;0
/baterie-olovena-12v-24-ah-mhpower-ms24-12/;/12v/;0
/baterie-olovena-12v-12-ah-mhpower-ms12-12/;/12v/;0
/baterie-olovena-12v-9-0-ah-mhpower-ms9-12/;/12v/;0
/baterie-olovena-6v-12-ah-mhpower-ms12-6/;/olovene-akumulatory/;0
/baterie-olovena-12v-17-ah-mhpower-ms17-12/;/12v/;0
/baterie-olovena-12v-7-0-ah-mhpower-ms7-12/;/12v/;0
/baterie-olovena-12v-4-5-ah-mhpower-ms4-5-12/;/12v/;0
/midea-m7-m7pro-s8-roller/;/roboticke-vysavace/;0
/midea-m7-pro-s8-spare-cloth/;/roboticke-vysavace/;0
/midea-m7-m7pro-s8-spare-cloth/;/roboticke-vysavace/;0
/midea-i5c-spare-cloth/;/roboticke-vysavace/;0
/midea-i5c-spare-parts-kit/;/roboticke-vysavace/;0
/midea-m7-pro/;/roboticke-vysavace/;0
/midea-i5c/;/roboticke-vysavace/;0
/midea-s8/;/roboticke-vysavace/;0
/kluge-ktm2010b/;/vstavane-mikrovlnne-rury/;0
/samsung-mg22m8074at-eo/;/vstavane-mikrovlnne-rury/;0
/lord-s1/;/prislusenstvo-k-malym-spotrebicom/;0
/electrolux-pq91-p50mb/;/tycove-vysavace/;0
/electrolux-pq91-anima/;/tycove-vysavace/;0
/lord-m4/;/mikrovlnne-rury/;0
/electrolux-eeg41cb/;/podlahove-vysavace/;0
/kluge-489-81/;/mlynceky-na-maso/;0
/digitalni-kuchynska-vaha-emos-ev026-stribrna/;/kuchynske-vahy/;0
/whirlpool-mwp-201-w/;/mikrovlnne-rury/;0
/raycop-omni-air-uv-tycovy-vysavac/;/tycove-vysavace/;0
/cleanmate-lds700/;/roboticke-vysavace/;0
/hobot-legee-669/;/roboticke-vysavace/;0
/hobot-legee-688/;/roboticke-vysavace/;0
/aeg-mastery-maxiflex-fee84706pm/;/vstavane-umyvacky-riadu/;0
/bosch-muz5zp1/;/prislusenstvo-k-malym-spotrebicom/;0
/bosch-muz4er2/;/prislusenstvo-k-malym-spotrebicom/;0
/bosch-bfl523ms0/;/mikrovlnne-rury/;0
/siemens-bf525lms0/;/vstavane-mikrovlnne-rury/;0
/beurer-beu-fm39/;/masazne-pristroje/;0
/beurer-beu-gs203slate/;/osobne-vahy/;0
/beurer-ht-80-3-leta-zaruka/;/kulmy-na-vlasy/;0
/beurer-hc-60-3-leta-zaruka/;/feny-na-vlasy/;0
/beurer-mg-850-3-leta-zaruka/;/masazne-pristroje/;0
/beurer-mg-205-3-leta-zaruka/;/masazne-pristroje/;0
/beurer-beu-lw220wh/;/cisticky-vzduchu/;0
/beurer-beu-gs300blc/;/osobne-vahy/;0
/beurer-ipl-10000-depilace-salonpro/;/holiace-strojceky/;0
/beurer-bg-40-bl/;/osobne-vahy/;0
/hoover-35601693/;/prislusenstvo-k-malym-spotrebicom/;0
/philips-hq-200-50/;/holiace-strojceky/;0
/remington-s-1510/;/zehlicky-na-vlasy--krepovaci-klieste/;0
/beurer-hk-comfort/;/elektricke-deky/;0
/bosch-mfz4020/;/prislusenstvo-k-malym-spotrebicom/;0
/electrolux-ehf-6241-fok/;/sklokeramicke-varne-dosky/;0
/emos-e5111-domaci-bezdratova-meteostanice/;/bezdratova-cidla/;0
/gorenje-it645bx/;/indukcne-varne-dosky/;0
/patka-stozaru-35-mm/;/na-stozar--vertikalni/;0
/kabel-dvojlinka-cabletech-kab0321-2x1-5mm-pruhledna-ofc/;/hdmi--dvi-d--svhs/;0
/lord-m2/;/mikrovlnne-rury/;0
/eta-311990010/;/grily-2/;0
/eta-277790010/;/kuchynske-vahy/;0
/digitalni-kuchynska-vaha-emos-ev016-gp-ks021/;/kuchynske-vahy/;0
/digitalni-kuchynska-vaha-emos-ev014-ty3101-bila/;/kuchynske-vahy/;0
/digitalni-osobni-vaha-emos-ev105-ty6108-180-kg-bila/;/kuchynske-vahy/;0
/trafopajka-125w-emos-a5102/;/rucne-aku-naradie/;0
/digitalni-zavesna-vaha-emos-ev020/;/kuchynske-vahy/;0
/digitalni-kuchynska-vaha-emos-ev012-pt-836/;/kuchynske-vahy/;0
/baterie-olovena-6v-4ah-emos-pro-svitilny-3810-p2301-p2304-p2305-p2308-1201000100/;/olovene-akumulatory/;0
/eta-311790000/;/grily-2/;0
/zanussi-zac-21/;/podlahove-vysavace/;0
/gorenje-bm910wii/;/grily-2/;0
/baterie-olovena-12v-15ah-emos-b9656v-trakcni-f-6-3mm/;/12v/;0
/digitalni-kuchynska-vaha-emos-ev025-cerna/;/kuchynske-vahy/;0
/digitalni-osobni-vaha-emos-ev106-180-kg-cerna/;/kuchynske-vahy/;0
/redukce-faston-4-8-6-3/;/12v/;0
/eta-003490010/;/kuchynske-roboty-a-krajace/;0
/carrera-shaver-crr-pr-31-noze/;/holiace-strojceky/;0
/philips-bhb-876-00/;/kulmy-na-vlasy/;0
/beurer-ipl-5500/;/holiace-strojceky/;0
/beurer-beu-em32/;/masazne-pristroje/;0
/beurer-beu-mg151/;/masazne-pristroje/;0
/beurer-beu-mg149/;/masazne-pristroje/;0
/beurer-fb-21/;/masazne-pristroje/;0
/beurer-beu-ks19-slate/;/kuchynske-vahy/;0
/beurer-beu-ks19-love/;/kuchynske-vahy/;0
/beurer-beu-gs235/;/osobne-vahy/;0
/beurer-beu-bf105/;/osobne-vahy/;0
/beurer-ht-60-3-leta-zaruka/;/zehlicky-na-vlasy--krepovaci-klieste/;0
/beurer-hc-50-3-leta-zaruka/;/feny-na-vlasy/;0
/beurer-hc-25-3-leta-zaruka/;/feny-na-vlasy/;0
/beurer-mg-510-3-leta-zaruka/;/masazne-pristroje/;0
/beurer-mg-206-3-leta-zaruka/;/masazne-pristroje/;0
/beurer-hl-40-3-leta-zaruka/;/holiace-strojceky/;0
/beurer-fm-150-3-leta-zaruka/;/masazne-pristroje/;0
/beurer-fb-30-3-leta-zaruka/;/masazne-pristroje/;0
/beurer-beu-ks19br/;/kuchynske-vahy/;0
/bosch-pnh6b6b10/;/plynove-varne-dosky/;0
/eta-432090000/;/feny-na-vlasy/;0
/beurer-ks-25/;/kuchynske-vahy/;0
/beurer-beu-mg70/;/masazne-pristroje/;0
/beurer-ds-61/;/kuchynske-vahy/;0
/beurer-ps-160/;/osobne-vahy/;0
/beurer-bg-21/;/osobne-vahy/;0
/braun-ccr2-amee-ee-cartridge/;/holiace-strojceky/;0
/philips-hp-8232-00/;/feny-na-vlasy/;0
/electrolux-ekm-4200/;/kuchynske-roboty-a-krajace/;0
/drzak-antenni-primy-35-mm-30-cm-pasovina/;/antenni-bleskojistky/;0
/drzak-antenni-primy-35-mm-30-cm-ctverec/;/na-stenu-stavitelne/;0
/emos-em190-s-hd-dvb-t2-h-265-hevc/;/combo-dvb-t2-h-265-hevc-sat/;0
/patka-stozaru-35-mm-dlouhy-pas/;/patky/;0
/amiko-av-kabel-pro-model-8265-tesla-te-3000/;/hdmi--dvi-d--svhs/;0
/formuler-av-kabel-pro-prijimace/;/hdmi--dvi-d--svhs/;0
/tv-ucastnicka-snura-stinena-15m/;/hdmi--dvi-d--svhs/;0
/ucastnicka-snura-stinena-10m/;/hdmi--dvi-d--svhs/;0
/usb-180bm/;/autoradia-s-usb/;0
/sma-174edg-jp/;/meracie-kable-a-konektory/;0
/baterie-olovena-12v-17ah-xtreme-enerwell-bezudrzbovy-akumulator/;/12v/;0
/baterie-olovena-12v-7-5ah-xtreme-enerwell-bezudrzbovy-akumulator/;/12v/;0
/baterie-olovena-12v-5-0ah-xtreme-enerwell-bezudrzbovy-akumulator/;/12v/;0
/baterie-olovena-6v-12ah-xtreme-enerwell-bezudrzbovy-akumulator/;/olovene-akumulatory/;0
/baterie-olovena-6v-7-2ah-xtreme-enerwell-bezudrzbovy-akumulator/;/olovene-akumulatory/;0
/emos-n1015-nabijecka-autobaterii-6-12v-0-8a/;/nabijacky-autobaterii/;0
/baterie-olovena-12v-5ah-emos-bezudrzbovy-akumulator-faston-6-3mm/;/12v/;0
/emos-n1014-nabijecka-autobaterii-6-12v-4a/;/nabijacky-autobaterii/;0
/baterie-olovena-12v-65ah-emos-bezudrzbovy-akumulator-m8/;/12v/;0
/baterie-olovena-12v-40ah-emos-bezudrzbovy-akumulator-m6/;/12v/;0
/baterie-olovena-12v-26ah-emos-bezudrzbovy-akumulator-l2/;/12v/;0
/baterie-olovena-12v-9ah-emos-bezudrzbovy-akumulator-faston-6-3mm/;/12v/;0
/baterie-olovena-12v-7-2ah-emos-bezudrzbovy-akumulator-faston-6-3-mm/;/12v/;0
/baterie-olovena-12v-2-2ah-emos-bezudrzbovy-akumulator/;/12v/;0
/baterie-olovena-12v-18ah-emos-bezudrzbovy-akumulator/;/12v/;0
/baterie-olovena-12v-12ah-emos-bezudrzbovy-akumulator/;/12v/;0
/baterie-olovena-12v-7-2ah-emos-bezudrzbovy-akumulator-faston-4-7-mm/;/12v/;0
/baterie-olovena-12v-4-5ah-emos-bezudrzbovy-akumulator/;/12v/;0
/baterie-olovena-6v-7ah-emos/;/olovene-akumulatory/;0
/baterie-olovena-6v-1-3ah-emos-1201000500/;/olovene-akumulatory/;0
/inverto-red-extended-singl-lnb-0-3-db/;/singl-1-tv/;0
/spojka-hdmi-zdirka-hdmi-zdirka/;/hdmi--dvi-d--svhs/;0
/konzola-pro-antenu-wifi-na-plastove-okno/;/konzoly-na-plastove-okno/;0
/konzola-na-stozar-35-mm-velka/;/na-stozar--vertikalni/;0
/ochrana-konektoru-rj45-cerna-baleni-20-kusu/;/konektory--zasuvky/;0
/zircon-dalkovy-ovladac-econ-smart-baterie-aaa/;/aaa-mikrotuzkove/;0
