id;name;indexName;description;webUrl;inMenu;inList;metaTitle;metaDescription;manufacturingCompanyName;postalAddress;contactEmail;europeanResellerManufacturingCompanyName;europeanResellerPostalAddress;europeanResellerContactEmail;
"1";"Suunto";"suunto";"";"";"0";"0";"";"";"";"";"";"";"";"";
"2";"Citizen";"citizen";"";"";"0";"0";"";"";"";"";"";"";"";"";
"3";"Rockport";"rockport";"";"";"0";"0";"";"";"";"";"";"";"";"";
"4";"Paul Green";"paul-green";"";"";"0";"0";"";"";"";"";"";"";"";"";
"5";"Fly London";"fly-london";"";"";"0";"0";"";"";"";"";"";"";"";"";
"6";"Bermuda";"bermuda";"";"";"0";"0";"";"";"";"";"";"";"";"";
"7";"Andie";"andie";"";"";"0";"0";"";"";"";"";"";"";"";"";
"8";"Elise";"elise";"";"";"0";"0";"";"";"";"";"";"";"";"";
"9";"Jamie";"jamie";"";"";"0";"0";"";"";"";"";"";"";"";"";
"10";"Oakley";"oakley";"";"";"0";"0";"";"";"";"";"";"";"";"";
"11";"Maui Jim";"maui-jim";"";"";"0";"0";"";"";"";"";"";"";"";"";
"12";"Ray-Ban";"ray-ban";"";"";"0";"0";"";"";"";"";"";"";"";"";
"13";"Seiko";"seiko";"";"";"0";"0";"";"";"";"";"";"";"";"";
"14";"Nike";"nike";"";"";"0";"0";"";"";"";"";"";"";"";"";
"15";"Livestrong";"livestrong";"";"";"0";"0";"";"";"";"";"";"";"";"";
"16";"Fila";"fila";"";"";"0";"0";"";"";"";"";"";"";"";"";
"17";"Columbia";"columbia";"";"";"0";"0";"";"";"";"";"";"";"";"";
"18";"North Face";"north-face";"";"";"0";"0";"";"";"";"";"";"";"";"";
"19";"Burton";"burton";"";"";"0";"0";"";"";"";"";"";"";"";"";
"20";"Pelle";"pelle";"";"";"0";"0";"";"";"";"";"";"";"";"";
"21";"Akademiks";"akademiks";"";"";"0";"0";"";"";"";"";"";"";"";"";
"22";"Hi Tec";"hi-tec";"";"";"0";"0";"";"";"";"";"";"";"";"";
"23";"Gola";"gola";"";"";"0";"0";"";"";"";"";"";"";"";"";
"24";"Storm";"storm";"";"";"0";"0";"";"";"";"";"";"";"";"";
"25";"Linteo";"linteo";"";"";"0";"0";"";"";"";"";"";"";"";"";
"27";"Cerver";"cerver";"";"";"0";"0";"";"";"";"";"";"";"";"";
"30";"Anabelle";"anabelle";"";"";"0";"0";"";"";"";"";"";"";"";"";
"33";"Nature";"nature";"";"";"0";"0";"";"";"";"";"";"";"";"";
"36";"RunForSeven";"runforseven";"";"";"0";"0";"";"";"";"";"";"";"";"";
"42";"RunForSeven";"runforseven-2";"";"";"0";"0";"";"";"";"";"";"";"";"";
"171";"Natura";"natura";"";"";"0";"0";"";"";"";"";"";"";"";"";
"213";"Protect Garden";"protect-garden";"";"";"0";"0";"";"";"";"";"";"";"";"";
"216";"Neudorff";"neudorff";"";"";"0";"0";"";"";"";"";"";"";"";"";
"324";"Nordel";"nordel";"";"";"0";"0";"";"";"";"";"";"";"";"";
"405";"Bestway";"bestway";"";"";"0";"0";"";"";"";"";"";"";"";"";
"468";"Agro";"agro";"";"";"0";"0";"";"";"";"";"";"";"";"";
"474";"Kristalon";"kristalon";"";"";"0";"0";"";"";"";"";"";"";"";"";
"489";"Lapp";"lapp";"";"";"0";"0";"";"";"";"";"";"";"";"";
"492";"Happy Green";"happy-green";"";"";"0";"0";"";"";"";"";"";"";"";"";
"504";"Roundup";"roundup";"";"";"0";"0";"";"";"";"";"";"";"";"";
"621";"Woodcraft";"woodcraft";"";"";"0";"0";"";"";"";"";"";"";"";"";
"645";"Maxlink";"maxlink";"";"";"0";"0";"";"";"";"";"";"";"";"";
"669";"2Kids Toys";"2kids-toys";"";"";"0";"0";"";"";"";"";"";"";"";"";
"705";"Oxe";"oxe";"";"";"0";"0";"";"";"";"";"";"";"";"";
"711";"Nous";"nous";"";"";"0";"0";"";"";"";"";"";"";"";"";
"795";"Arli";"arli";"";"";"0";"0";"";"";"";"";"";"";"";"";
"840";"Moveto";"moveto";"";"";"0";"0";"";"";"";"";"";"";"";"";
"864";"Eco Energy";"eco-energy";"";"";"0";"0";"";"";"";"";"";"";"";"";
"885";"Triax";"triax";"";"";"0";"0";"";"";"";"";"";"";"";"";
"906";"Teka";"teka";"";"";"0";"0";"";"";"";"";"";"";"";"";
"936";"Sonos";"sonos";"";"";"0";"0";"";"";"";"";"";"";"";"";
"957";"Inhouse";"inhouse";"";"";"0";"0";"";"";"";"";"";"";"";"";
"972";"Kitchenaid";"kitchenaid";"";"";"0";"0";"";"";"";"";"";"";"";"";
"978";"CleanMate";"cleanmate";"";"";"0";"0";"";"";"";"";"";"";"";"";
"1014";"Melitta";"melitta";"";"";"0";"0";"";"";"";"";"";"";"";"";
"1017";"Stell";"stell";"";"";"0";"0";"";"";"";"";"";"";"";"";
"1047";"Koss";"koss";"";"";"0";"0";"";"";"";"";"";"";"";"";
"1116";"Cafe De Paris";"cafe-de-paris";"";"";"0";"0";"";"";"";"";"";"";"";"";
"1122";"Primo";"primo";"";"";"0";"0";"";"";"";"";"";"";"";"";
"1143";"Babyliss";"babyliss";"";"";"0";"0";"";"";"";"";"";"";"";"";
"1182";"Polti";"polti";"";"";"0";"0";"";"";"";"";"";"";"";"";
"1188";"AMAZFIT";"amazfit";"";"";"0";"0";"";"";"";"";"";"";"";"";
"1212";"Jata";"jata";"";"";"0";"0";"";"";"";"";"";"";"";"";
"1215";"Morso";"morso";"";"";"0";"0";"";"";"";"";"";"";"";"";
"1221";"Hisense";"hisense";"";"";"0";"0";"";"";"";"";"";"";"";"";
"1224";"Hisense Ce";"hisense-ce";"";"";"0";"0";"";"";"";"";"";"";"";"";
"1227";"Weller";"weller";"";"";"0";"0";"";"";"";"";"";"";"";"";
"1230";"Aeg";"aeg";"";"";"0";"0";"";"";"";"";"";"";"";"";
"1236";"YENKEE";"yenkee";"";"";"0";"0";"";"";"";"";"";"";"";"";
"1239";"Nature7";"nature7";"";"";"0";"0";"";"";"";"";"";"";"";"";
"1245";"QUER";"quer";"";"";"0";"0";"";"";"";"";"";"";"";"";
"1251";"Panasonic_Ce";"panasonic_ce";"";"";"0";"0";"";"";"";"";"";"";"";"";
"1257";"Spottune";"spottune";"";"";"0";"0";"";"";"";"";"";"";"";"";
"1269";"My Wall";"my-wall";"";"";"0";"0";"";"";"";"";"";"";"";"";
"1290";"Hütermann";"hutermann";"";"";"0";"0";"";"";"";"";"";"";"";"";
"1293";"Seagate";"seagate";"";"";"0";"0";"";"";"";"";"";"";"";"";
"1299";"Tesla Batteries";"tesla-batteries";"";"";"0";"0";"";"";"";"";"";"";"";"";
"1308";"Oregon Scientific";"oregon-scientific";"";"";"0";"0";"";"";"";"";"";"";"";"";
"1311";"Lg_Ce";"lg_ce";"";"";"0";"0";"";"";"";"";"";"";"";"";
"1317";"MIDEA Robozone";"midea-robozone";"";"";"0";"0";"";"";"";"";"";"";"";"";
"1320";"Bosch";"bosch";"";"";"0";"0";"";"";"";"";"";"";"";"";
"1326";"Bstsonic";"bstsonic";"";"";"0";"0";"";"";"";"";"";"";"";"";
"1329";"Selfsat";"selfsat";"";"";"0";"0";"";"";"";"";"";"";"";"";
"1335";"Kluge";"kluge";"";"";"0";"0";"";"";"";"";"";"";"";"";
"1341";"Lord";"lord";"";"";"0";"0";"";"";"";"";"";"";"";"";
"1344";"Romo";"romo";"";"";"0";"0";"";"";"";"";"";"";"";"";
"1347";"Brandt";"brandt";"";"";"0";"0";"";"";"";"";"";"";"";"";
"1359";"Steamone";"steamone";"";"";"0";"0";"";"";"";"";"";"";"";"";
"1362";"Hobot";"hobot";"";"";"0";"0";"";"";"";"";"";"";"";"";
"1365";"Raycop";"raycop";"";"";"0";"0";"";"";"";"";"";"";"";"";
"1368";"Wpro";"wpro";"";"";"0";"0";"";"";"";"";"";"";"";"";
"1371";"Solarvertech";"solarvertech";"";"";"0";"0";"";"";"";"";"";"";"";"";
"1374";"Hitachi";"hitachi";"";"";"0";"0";"";"";"";"";"";"";"";"";
"1377";"Siemens";"siemens";"";"";"0";"0";"";"";"";"";"";"";"";"";
"1380";"Jura";"jura";"";"";"0";"0";"";"";"";"";"";"";"";"";
"1383";"Liebherr";"liebherr";"";"";"0";"0";"";"";"";"";"";"";"";"";
"1386";"Hoover";"hoover";"";"";"0";"0";"";"";"";"";"";"";"";"";
"1392";"A4Tech";"a4tech";"";"";"0";"0";"";"";"";"";"";"";"";"";
"1395";"Sonorous";"sonorous";"";"";"0";"0";"";"";"";"";"";"";"";"";
"1398";"Acousticsheep";"acousticsheep";"";"";"0";"0";"";"";"";"";"";"";"";"";
"1401";"Kraft";"kraft";"";"";"0";"0";"";"";"";"";"";"";"";"";
"1407";"One For All";"one-for-all";"";"";"0";"0";"";"";"";"";"";"";"";"";
"1410";"Soundmagic";"soundmagic";"";"";"0";"0";"";"";"";"";"";"";"";"";
"1413";"Q Acoustics";"q-acoustics";"";"";"0";"0";"";"";"";"";"";"";"";"";
"1416";"Gigablue";"gigablue";"";"";"0";"0";"";"";"";"";"";"";"";"";
"1422";"Mecool";"mecool";"";"";"0";"0";"";"";"";"";"";"";"";"";
"1425";"Nokia";"nokia";"";"";"0";"0";"";"";"";"";"";"";"";"";
"1428";"Tristar";"tristar";"";"";"0";"0";"";"";"";"";"";"";"";"";
"1440";"Colentris";"colentris";"";"";"0";"0";"";"";"";"";"";"";"";"";
"1443";"Zanussi";"zanussi";"";"";"0";"0";"";"";"";"";"";"";"";"";
"1446";"Dreambox";"dreambox";"";"";"0";"0";"";"";"";"";"";"";"";"";
"1449";"Google";"google";"";"";"0";"0";"";"";"";"";"";"";"";"";
"1455";"Quigg";"quigg";"";"";"0";"0";"";"";"";"";"";"";"";"";
"1461";"Scholl";"scholl";"";"";"0";"0";"";"";"";"";"";"";"";"";
"1464";"NESCAFÉ Dolce Gusto";"nescafe-dolce-gusto";"";"";"0";"0";"";"";"";"";"";"";"";"";
"1467";"Boly";"boly";"";"";"0";"0";"";"";"";"";"";"";"";"";
"1473";"Hikvision";"hikvision";"";"";"0";"0";"";"";"";"";"";"";"";"";
"1479";"EMP Centauri";"emp-centauri";"";"";"0";"0";"";"";"";"";"";"";"";"";
"1485";"Forestcam";"forestcam";"";"";"0";"0";"";"";"";"";"";"";"";"";
"1494";"Bunaty";"bunaty";"";"";"0";"0";"";"";"";"";"";"";"";"";
"1503";"Skylink";"skylink";"";"";"0";"0";"";"";"";"";"";"";"";"";
"1521";"Maxell";"maxell";"";"";"0";"0";"";"";"";"";"";"";"";"";
"1524";"Pro-Ject";"pro-ject";"";"";"0";"0";"";"";"";"";"";"";"";"";
"1533";"Logitech";"logitech";"";"";"0";"0";"";"";"";"";"";"";"";"";
"1536";"TS";"ts";"";"";"0";"0";"";"";"";"";"";"";"";"";
"1539";"Gembird";"gembird";"";"";"0";"0";"";"";"";"";"";"";"";"";
"1542";"Fonestar";"fonestar";"";"";"0";"0";"";"";"";"";"";"";"";"";
"1548";"Finish";"finish";"";"";"0";"0";"";"";"";"";"";"";"";"";
"1560";"Truecam";"truecam";"";"";"0";"0";"";"";"";"";"";"";"";"";
"1563";"De Dietrich";"de-dietrich";"";"";"0";"0";"";"";"";"";"";"";"";"";
"1569";"First Austria";"first-austria";"";"";"0";"0";"";"";"";"";"";"";"";"";
"1572";"Monster";"monster";"";"";"0";"0";"";"";"";"";"";"";"";"";
"1578";"BML";"bml";"";"";"0";"0";"";"";"";"";"";"";"";"";
"1599";"Reflecta";"reflecta";"";"";"0";"0";"";"";"";"";"";"";"";"";
"1602";"Fleg";"fleg";"";"";"0";"0";"";"";"";"";"";"";"";"";
"1605";"Marshall";"marshall";"";"";"0";"0";"";"";"";"";"";"";"";"";
"1608";"Brilanz";"brilanz";"";"";"0";"0";"";"";"";"";"";"";"";"";
"1611";"Veritas";"veritas";"";"";"0";"0";"";"";"";"";"";"";"";"";
"1614";"Thrustmaster";"thrustmaster";"";"";"0";"0";"";"";"";"";"";"";"";"";
"1617";"Vestfrost";"vestfrost";"";"";"0";"0";"";"";"";"";"";"";"";"";
"1620";"Rommelsbacher";"rommelsbacher";"";"";"0";"0";"";"";"";"";"";"";"";"";
"1626";"Honeywell";"honeywell";"";"";"0";"0";"";"";"";"";"";"";"";"";
"1632";"Sandberg";"sandberg";"";"";"0";"0";"";"";"";"";"";"";"";"";
"1635";"Ceresit";"ceresit";"";"";"0";"0";"";"";"";"";"";"";"";"";
"1638";"Kuchenmeister";"kuchenmeister";"";"";"0";"0";"";"";"";"";"";"";"";"";
"1653";"E-Blue";"e-blue";"";"";"0";"0";"";"";"";"";"";"";"";"";
"1656";"Soundeus";"soundeus";"";"";"0";"0";"";"";"";"";"";"";"";"";
"1665";"Pioneer DJ";"pioneer-dj";"";"";"0";"0";"";"";"";"";"";"";"";"";
"1668";"Genesis";"genesis";"";"";"0";"0";"";"";"";"";"";"";"";"";
"1671";"Avair";"avair";"";"";"0";"0";"";"";"";"";"";"";"";"";
"1680";"Omega";"omega";"";"";"0";"0";"";"";"";"";"";"";"";"";
"1686";"Tefcold";"tefcold";"";"";"0";"0";"";"";"";"";"";"";"";"";
"1689";"Crosley";"crosley";"";"";"0";"0";"";"";"";"";"";"";"";"";
"1692";"GPO";"gpo";"";"";"0";"0";"";"";"";"";"";"";"";"";
"1695";"Happy Plugs";"happy-plugs";"";"";"0";"0";"";"";"";"";"";"";"";"";
"1698";"Earfun";"earfun";"";"";"0";"0";"";"";"";"";"";"";"";"";
"1701";"Bubliq";"bubliq";"";"";"0";"0";"";"";"";"";"";"";"";"";
"1710";"Sage";"sage";"";"";"0";"0";"";"";"";"";"";"";"";"";
"1713";"Princess";"princess";"";"";"0";"0";"";"";"";"";"";"";"";"";
"1722";"Saft";"saft";"";"";"0";"0";"";"";"";"";"";"";"";"";
"1728";"Jabra";"jabra";"";"";"0";"0";"";"";"";"";"";"";"";"";
"1737";"Tozo";"tozo";"";"";"0";"0";"";"";"";"";"";"";"";"";
"1746";"Sodastream";"sodastream";"";"";"0";"0";"";"";"";"";"";"";"";"";
"1752";"Music Sound";"music-sound";"";"";"0";"0";"";"";"";"";"";"";"";"";
"1755";"Snaige";"snaige";"";"";"0";"0";"";"";"";"";"";"";"";"";
"1758";"Schock";"schock";"";"";"0";"0";"";"";"";"";"";"";"";"";
"1761";"Noname";"noname";"";"";"0";"0";"";"";"";"";"";"";"";"";
"1764";"Fenda";"fenda";"";"";"0";"0";"";"";"";"";"";"";"";"";
"1767";"Ventila";"ventila";"";"";"0";"0";"";"";"";"";"";"";"";"";
"1773";"mQuvée";"mquvee";"";"";"0";"0";"";"";"";"";"";"";"";"";
"1779";"Inakustik";"inakustik";"";"";"0";"0";"";"";"";"";"";"";"";"";
"1788";"Creative";"creative";"";"";"0";"0";"";"";"";"";"";"";"";"";
"1791";"Care&Protect";"care-protect";"";"";"0";"0";"";"";"";"";"";"";"";"";
"1797";"DR.COFFEE";"dr-coffee";"";"";"0";"0";"";"";"";"";"";"";"";"";
"1803";"Fixapart";"fixapart";"";"";"0";"0";"";"";"";"";"";"";"";"";
"1809";"Asko";"asko";"";"";"0";"0";"";"";"";"";"";"";"";"";
"1821";"Tineco";"tineco";"";"";"0";"0";"";"";"";"";"";"";"";"";
"1827";"FRACCARO";"fraccaro";"";"";"0";"0";"";"";"";"";"";"";"";"";
"1830";"WTV";"wtv";"";"";"0";"0";"";"";"";"";"";"";"";"";
"1833";"Safly";"safly";"";"";"0";"0";"";"";"";"";"";"";"";"";
"1836";"Hale";"hale";"";"";"0";"0";"";"";"";"";"";"";"";"";
"1854";"Reolink";"reolink";"";"";"0";"0";"";"";"";"";"";"";"";"";
"1878";"Coca Cola";"coca-cola";"";"";"0";"0";"";"";"";"";"";"";"";"";
"1881";"A2D2";"a2d2";"";"";"0";"0";"";"";"";"";"";"";"";"";
"1884";"Climadiff";"climadiff";"";"";"0";"0";"";"";"";"";"";"";"";"";
"1887";"Klipsch";"klipsch";"";"";"0";"0";"";"";"";"";"";"";"";"";
"1896";"Gogen";"gogen";"";"";"0";"0";"";"";"";"";"";"";"";"";
"1899";"Ciarko Design";"ciarko-design";"";"";"0";"0";"";"";"";"";"";"";"";"";
"1902";"Sogo";"sogo";"";"";"0";"0";"";"";"";"";"";"";"";"";
"1908";"Neutralle";"neutralle";"";"";"0";"0";"";"";"";"";"";"";"";"";
"1911";"Nestlé";"nestle";"";"";"0";"0";"";"";"";"";"";"";"";"";
"1917";"Bugani";"bugani";"";"";"0";"0";"";"";"";"";"";"";"";"";
"1920";"HOVERAir";"hoverair";"";"";"0";"0";"";"";"";"";"";"";"";"";
"2088";"Wahl";"wahl";"";"";"0";"0";"";"";"";"";"";"";"";"";
"2133";"Lexibook";"lexibook";"";"";"0";"0";"";"";"";"";"";"";"";"";
"2154";"Eleven";"eleven";"";"";"0";"0";"";"";"";"";"";"";"";"";
"2184";"Silverlit";"silverlit";"";"";"0";"0";"";"";"";"";"";"";"";"";
"2412";"Torras";"torras";"";"";"0";"0";"";"";"";"";"";"";"";"";
"2424";"Cheerble";"cheerble";"";"";"0";"0";"";"";"";"";"";"";"";"";
"2451";"Huanger";"huanger";"";"";"0";"0";"";"";"";"";"";"";"";"";
"2457";"KiDS Licensing";"kids-licensing";"";"";"0";"0";"";"";"";"";"";"";"";"";
"2472";"INNOVAGOODS";"innovagoods";"";"";"0";"0";"";"";"";"";"";"";"";"";
"2484";"Homerunpet";"homerunpet";"";"";"0";"0";"";"";"";"";"";"";"";"";
"2496";"Dogness";"dogness";"";"";"0";"0";"";"";"";"";"";"";"";"";
"2499";"Aukey";"aukey";"";"";"0";"0";"";"";"";"";"";"";"";"";
"2502";"Tenwin";"tenwin";"";"";"0";"0";"";"";"";"";"";"";"";"";
"2514";"Morphy Richards";"morphy-richards";"";"";"0";"0";"";"";"";"";"";"";"";"";
"2520";"Perlesmith";"perlesmith";"";"";"0";"0";"";"";"";"";"";"";"";"";
"2523";"Perlegear";"perlegear";"";"";"0";"0";"";"";"";"";"";"";"";"";
"2535";"AiRROBO";"airrobo";"";"";"0";"0";"";"";"";"";"";"";"";"";
"2541";"MIIIW";"miiiw";"";"";"0";"0";"";"";"";"";"";"";"";"";
"2553";"Mcdodo";"mcdodo";"";"";"0";"0";"";"";"";"";"";"";"";"";
"2574";"Phomemo";"phomemo";"";"";"0";"0";"";"";"";"";"";"";"";"";
"2577";"Himawari";"himawari";"";"";"0";"0";"";"";"";"";"";"";"";"";
"2586";"Noise";"noise";"";"";"0";"0";"";"";"";"";"";"";"";"";
"2601";"METZ";"metz";"";"";"0";"0";"";"";"";"";"";"";"";"";
"2604";"APEXEL";"apexel";"";"";"0";"0";"";"";"";"";"";"";"";"";
"2628";"Petlibro";"petlibro";"";"";"0";"0";"";"";"";"";"";"";"";"";
"2649";"UNITREE";"unitree";"";"";"0";"0";"";"";"";"";"";"";"";"";
"2763";"Kingsmith";"kingsmith";"";"";"0";"0";"";"";"";"";"";"";"";"";
"2772";"iPega";"ipega";"";"";"0";"0";"";"";"";"";"";"";"";"";
"2775";"Liberex";"liberex";"";"";"0";"0";"";"";"";"";"";"";"";"";
"2778";"FairyWill";"fairywill";"";"";"0";"0";"";"";"";"";"";"";"";"";
"2781";"SanDisk";"sandisk";"";"";"0";"0";"";"";"";"";"";"";"";"";
"2784";"Leacco";"leacco";"";"";"0";"0";"";"";"";"";"";"";"";"";
"2787";"ENCHEN";"enchen";"";"";"0";"0";"";"";"";"";"";"";"";"";
"2790";"KiwiHome";"kiwihome";"";"";"0";"0";"";"";"";"";"";"";"";"";
"2793";"Yunmai";"yunmai";"";"";"0";"0";"";"";"";"";"";"";"";"";
"2796";"Thunderobot";"thunderobot";"";"";"0";"0";"";"";"";"";"";"";"";"";
"2799";"Orico";"orico";"";"";"0";"0";"";"";"";"";"";"";"";"";
"2802";"ieGeek";"iegeek";"";"";"0";"0";"";"";"";"";"";"";"";"";
"2805";"WACACO";"wacaco";"";"";"0";"0";"";"";"";"";"";"";"";"";
"2808";"GlocalMe";"glocalme";"";"";"0";"0";"";"";"";"";"";"";"";"";
"2811";"Viofo";"viofo";"";"";"0";"0";"";"";"";"";"";"";"";"";
"2817";"Gigaled";"gigaled";"";"";"0";"0";"";"";"";"";"";"";"";"";
"2820";"Best-Led";"best-led";"";"";"0";"0";"";"";"";"";"";"";"";"";
"2856";"KNI";"kni";"";"";"0";"0";"";"";"";"";"";"";"";"";
"2859";"ZZONE";"zzone";"";"";"0";"0";"";"";"";"";"";"";"";"";
"2862";"WHD";"whd";"";"";"0";"0";"";"";"";"";"";"";"";"";
"2865";"PROJ";"proj";"";"";"0";"0";"";"";"";"";"";"";"";"";
"2868";"Elite";"elite";"";"";"0";"0";"";"";"";"";"";"";"";"";
"2880";"TRUTHEAR";"truthear";"";"";"0";"0";"";"";"";"";"";"";"";"";
"2886";"Delis";"delis";"";"";"0";"0";"";"";"";"";"";"";"";"";
"2895";"BCS";"bcs";"";"";"0";"0";"";"";"";"";"";"";"";"";
"2952";"Marimex";"marimex";"";"";"0";"0";"";"";"";"";"";"";"";"";
"2955";"Tiffen";"tiffen";"";"";"0";"0";"";"";"";"";"";"";"";"";
"2958";"Fiskars";"fiskars";"";"";"0";"0";"";"";"";"";"";"";"";"";
"2964";"ARTA";"arta";"";"";"0";"0";"";"";"";"";"";"";"";"";
"2976";"Keter";"keter";"";"";"0";"0";"";"";"";"";"";"";"";"";
"2982";"Kistenberg";"kistenberg";"";"";"0";"0";"";"";"";"";"";"";"";"";
"2988";"MaDe";"made";"";"";"0";"0";"";"";"";"";"";"";"";"";
"2991";"Intex";"intex";"";"";"0";"0";"";"";"";"";"";"";"";"";
"3000";"Mattel";"mattel";"";"";"0";"0";"";"";"";"";"";"";"";"";
"3006";"Richter";"richter";"";"";"0";"0";"";"";"";"";"";"";"";"";
"3018";"Prosperplast";"prosperplast";"";"";"0";"0";"";"";"";"";"";"";"";"";
"3021";"Villa";"villa";"";"";"0";"0";"";"";"";"";"";"";"";"";
"3042";"Dickie";"dickie";"";"";"0";"0";"";"";"";"";"";"";"";"";
"3048";"Platinet";"platinet";"";"";"0";"0";"";"";"";"";"";"";"";"";
"3051";"Hasbro";"hasbro";"";"";"0";"0";"";"";"";"";"";"";"";"";
"3057";"Vilac";"vilac";"";"";"0";"0";"";"";"";"";"";"";"";"";
"3060";"Woody";"woody";"";"";"0";"0";"";"";"";"";"";"";"";"";
"3063";"Albi";"albi";"";"";"0";"0";"";"";"";"";"";"";"";"";
"3084";"Meetion";"meetion";"";"";"0";"0";"";"";"";"";"";"";"";"";
"3090";"Zmodo";"zmodo";"";"";"0";"0";"";"";"";"";"";"";"";"";
