"id";"parentUrl";"title";"url";"visible"
"49743";"cestovanie-sport-a-outdoor";"Podvodné skútre";"podvodne-skutre";"0"
"50175";"posilnovanie-a-fitness";"Doplnkové posilňovacie pomôcky";"doplnkove-posilnovacie-pomocky";"0"
"51051";"chovatelske-potreby";"Ostatné chovateľské potreby";"ostatne-chovatelske-potreby";"0"
"50646";"mechanicke-naradie";"Nitovačky a nity";"nitovacky";"0"
"49821";"domace-spotrebice";"Spotrebiče na párty a oslavy";"na-party-a-oslavy";"0"
"49788";"domace-spotrebice";"Čistiace prístroje a doplnky";"cistiace-pristroje-a-doplnky";"0"
"50499";"osvetlenie";"LED pásiky a profily";"led-pasiky";"0"
"50322";"osvetlenie";"Vianočné osvetlenie a dekorácie";"vianocne-osvetlenie";"0"
"49932";"elektro-smart-home-a-osvetlenie";"Príslušenstvo pre zabezpečovacie systémy";"prislusenstvo-pre-zabezpecovacie-systemy";"0"
"49986";"pocitace-mobily-a-tablety";"Čítačky pamäťových kariet";"citacky-kariet-2";"0"
"50652";"audio-ovladace";"AIWA";"audio-ovladace-aiwa";"0"
"50658";"audio-ovladace";"Philips";"audio-ovladace-philips";"0"
"50661";"audio-ovladace";"TechniSat";"audio-ovladace-technisat";"0"
"50664";"dvd-ovladace";"Denon";"dvd-ovladace-denon";"0"
"50667";"dvd-ovladace";"LG";"dvd-ovladace-lg";"0"
"50670";"dvd-ovladace";"Philips";"dvd-ovladace-philips";"0"
"50673";"dvd-ovladace";"Samsung";"dvd-ovladace-samsung";"0"
"50676";"dvd-ovladace";"Sharp";"dvd-ovladace-sharp";"0"
"50679";"dvd-ovladace";"Sony";"dvd-ovladace-sony";"0"
"50682";"dvd-ovladace";"Technics";"dvd-ovladace-technics";"0"
"50685";"ovladace-k-dvb-t2";"AB";"dvbt2-ovladace-ab";"0"
"50694";"ovladace-k-dvb-t2";"Cabletech";"dvbt2-ovladace-cabletech";"0"
"50697";"ovladace-k-dvb-t2";"DIWAY";"dvbt2-ovladace-diway";"0"
"50700";"ovladace-k-dvb-t2";"Dreambox";"dvbt2-ovladace-dreambox";"0"
"50703";"ovladace-k-dvb-t2";"Edision";"dvbt2-ovladace-edision";"0"
"50709";"ovladace-k-dvb-t2";"Evolve";"dvbt2-ovladace-evolve";"0"
"50712";"ovladace-k-dvb-t2";"Ferguson";"dvbt2-ovladace-ferguson";"0"
"50715";"ovladace-k-dvb-t2";"Fte";"dvbt2-ovladace-fte";"0"
"50718";"ovladace-k-dvb-t2";"Fuba";"dvbt2-ovladace-fuba";"0"
"50727";"ovladace-k-dvb-t2";"GoSAT";"dvbt2-ovladace-gosat";"0"
"50724";"ovladace-k-dvb-t2";"Golden Media";"dvbt2-ovladace-golden-media";"0"
"50730";"ovladace-k-dvb-t2";"Humax";"dvbt2-ovladace-humax";"0"
"50733";"ovladace-k-dvb-t2";"Hyundai";"dvbt2-ovladace-hyundai";"0"
"50739";"ovladace-k-dvb-t2";"Maxxo";"dvbt2-ovladace-maxxo";"0"
"50742";"ovladace-k-dvb-t2";"Medialink";"dvbt2-ovladace-medialink";"0"
"50745";"ovladace-k-dvb-t2";"New Digital";"dvbt2-ovladace-new-digital";"0"
"50748";"ovladace-k-dvb-t2";"Optex";"dvbt2-ovladace-optex";"0"
"50754";"ovladace-k-dvb-t2";"Philips";"dvbt2-ovladace-philips";"0"
"50760";"ovladace-k-dvb-t2";"Skyworth";"dvbt2-ovladace-skyworth";"0"
"50763";"ovladace-k-dvb-t2";"Solight";"dvbt2-ovladace-solight";"0"
"50769";"ovladace-k-dvb-t2";"Technisat";"dvbt2-ovladace-technisat";"0"
"50778";"ovladace-k-dvb-t2";"Thomson";"dvbt2-ovladace-thomson";"0"
"50784";"ovladace-k-dvb-t2";"Zircon";"dvbt2-ovladace-zircon";"0"
"50802";"satelitne-ovladace";"ATlink";"sat-ovladace-atlink";"0"
"50805";"satelitne-ovladace";"AZBox";"sat-ovladace-azbox";"0"
"50790";"satelitne-ovladace";"Allbox";"sat-ovladace-allbox";"0"
"50793";"satelitne-ovladace";"Alma";"sat-ovladace-alma";"0"
"50799";"satelitne-ovladace";"Apebox";"sat-ovladace-apebox";"0"
"50808";"satelitne-ovladace";"Bensat";"sat-ovladace-bensat";"0"
"50811";"satelitne-ovladace";"DIWAY";"sat-ovladace-diway";"0"
"50814";"satelitne-ovladace";"Dizipia";"sat-ovladace-dizipia";"0"
"50817";"satelitne-ovladace";"Dreambox";"sat-ovladace-dreambox";"0"
"50820";"satelitne-ovladace";"Dreamsky";"sat-ovladace-dreamsky";"0"
"50823";"satelitne-ovladace";"Edision";"sat-ovladace-edision";"0"
"50826";"satelitne-ovladace";"Evolve";"sat-ovladace-evolve";"0"
"50832";"satelitne-ovladace";"Formuler";"sat-ovladace-formuler";"0"
"50838";"satelitne-ovladace";"Golden Interstar";"sat-ovladace-golden-interstar";"0"
"50847";"satelitne-ovladace";"Homecast";"sat-ovladace-homecast";"0"
"50850";"satelitne-ovladace";"Humax";"sat-ovladace-humax";"0"
"50853";"satelitne-ovladace";"Ineos";"sat-ovladace-ineos";"0"
"50856";"satelitne-ovladace";"Inetbox";"sat-ovladace-inetbox";"0"
"50859";"satelitne-ovladace";"Kaon";"sat-ovladace-kaon";"0"
"50862";"satelitne-ovladace";"LinkBox";"sat-ovladace-linkbox";"0"
"50865";"satelitne-ovladace";"Mascom";"sat-ovladace-mascom";"0"
"50868";"satelitne-ovladace";"Medialink";"sat-ovladace-medialink";"0"
"50871";"satelitne-ovladace";"Multibox";"sat-ovladace-multibox";"0"
"50877";"satelitne-ovladace";"Openbox";"sat-ovladace-openbox";"0"
"50889";"satelitne-ovladace";"Polygon";"sat-ovladace-polygon";"0"
"50892";"satelitne-ovladace";"Samsung";"sat-ovladace-samsung";"0"
"50895";"satelitne-ovladace";"SatElita";"sat-ovladace-satelita";"0"
"50898";"satelitne-ovladace";"Showbox";"sat-ovladace-showbox";"0"
"50901";"satelitne-ovladace";"Skytec";"sat-ovladace-skytec";"0"
"50904";"satelitne-ovladace";"Smart";"sat-ovladace-smart";"0"
"50910";"satelitne-ovladace";"Synaps";"sat-ovladace-synaps";"0"
"50913";"satelitne-ovladace";"Technisat";"sat-ovladace-technisat";"0"
"50916";"satelitne-ovladace";"Tesla";"sat-ovladace-tesla";"0"
"50919";"satelitne-ovladace";"Thomson";"sat-ovladace-thomson";"0"
"50925";"satelitne-ovladace";"Vantage";"sat-ovladace-vantage";"0"
"50928";"satelitne-ovladace";"Vu+";"sat-ovladace-vu";"0"
"50931";"satelitne-ovladace";"Zgemma";"sat-ovladace-zgemma";"0"
"50937";"televizne-ovladace";"BEKO";"tv-ovladace-beko";"0"
"50943";"televizne-ovladace";"CHiQ";"tv-ovladace-chiq";"0"
"50946";"televizne-ovladace";"Daewoo";"tv-ovladace-daewoo";"0"
"50958";"televizne-ovladace";"GoSat";"tv-ovladace-gosat";"0"
"50961";"televizne-ovladace";"Grundig";"tv-ovladace-grundig";"0"
"50964";"televizne-ovladace";"Hisense";"tv-ovladace-hisense";"0"
"50973";"televizne-ovladace";"JVC";"tv-ovladace-jvc";"0"
"50976";"televizne-ovladace";"Kruger & Matz";"tv-ovladace-kruger-matz";"0"
"50982";"televizne-ovladace";"Luxtronic";"tv-ovladace-luxtronic";"0"
"50988";"televizne-ovladace";"OVP";"tv-ovladace-ovp";"0"
"51009";"televizne-ovladace";"TCL";"tv-ovladace-tcl";"0"
"51012";"televizne-ovladace";"Technika";"tv-ovladace-technika";"0"
"51018";"televizne-ovladace";"Thomson";"tv-ovladace-thomson";"0"
"51024";"televizne-ovladace";"Vestel";"tv-ovladace-vestel";"0"
"51027";"univerzalne-ovladace";"LG";"uni-ovladace-lg";"0"
"51033";"univerzalne-ovladace";"PHILIPS";"uni-ovladace-philips";"0"
"51030";"univerzalne-ovladace";"Panasonic";"uni-ovladace-panasonic";"0"
"51045";"univerzalne-ovladace";"SONY";"uni-ovladace-sony";"0"
"51039";"univerzalne-ovladace";"Samsung";"uni-ovladace-samsung";"0"
"51042";"univerzalne-ovladace";"Sharp";"uni-ovladace-sharp";"0"
"51048";"univerzalne-ovladace";"Toshiba";"uni-ovladace-toshiba";"0"
