"id","code_on_card","name","manufacturer","category","full_price_net","in_light","light_price_net","stock","ean"
"12145","012559","Polokošeľa DJI veľkosť XL","DJI","Drony/Príslušenstvo pre drony/DJI","0","nie","","0","6958265108457"
"12432","013009","Tričko DJI Polo - veľkosť XXL","DJI","Drony/Príslušenstvo pre drony/DJI","0","nie","","0","6958265108464"
"17660","018451","Wskaźnik formaldehydu do samochodowego oczyszczacza powietrza Baseus","baseus","Príslušenstvo pre automobily/Zvlhčovače a čističky vzduchu","0","nie","","42","6953156292352"
"31591","010784X","DJI Care Refresh (Mavic Pro)","DJI","Drony/DJI Care Refresh","0","nie","","0",""
"32013","023379X","Antény pre prijímač DJI Pro","DJI","Foto a video/Príslušenstvo/Pre fotoaparáty a videokamery","0","nie","","0",""
"32016","011632X","Monitor 5,5"" DJI CrystalSky","DJI","*Kategoria tymczasowa","0","nie","","0",""
"32018","019838X","Vysielač ovládača DJI FPV System (režim 2)","DJI","*Kategoria tymczasowa","0","nie","","0",""
"48019","072141","ND Filters Set (ND8/32/128) DJI Air 3S","DJI","Drony/Príslušenstvo pre drony/DJI","0","nie","","0","6941565991539"
"54469","079933","Mikrofón Maono WM622 PC2","Maono","Hry/Mikrofóny","0","nie","","0","6972237683193"
"61194","086661","Mobilný ovládač GameSir X4 Aileron","GameSir","Príslušenstvo GSM/Herné ovládače","0","nie","","0","6936685220683"
"61366","089414","WOLFBOX X5 WiFi 4K + 2,5K 128 GB palubná kamera","Wolfbox","Príslušenstvo pre automobily/Videorekordéry/Videorekordéry","0","nie","","0","5905156108714"
"62081","090447","KVM prepínač GL.iNet Comet 5G","GL.iNet","IT príslušenstvo/Ostatné","0","nie","","0","6971131385394"
"62255","090810","4-dielna sada magnetických ND filtrov pre DJI Osmo Pocket","DJI","Foto a video/Filtre/Pre športové kamery","0","nie","","0","6937224148352"
"62259","090813","DJI Osmo Pocket 4P – doplnkové osvetlenie","DJI","Foto a video/Príslušenstvo/Pre športové kamery","0","nie","","0","6937224164406"
"62279","090815","Kožené puzdro pre DJI Osmo Pocket 4P","DJI","Foto a video/Príslušenstvo/Pre športové kamery","0","nie","","0","6937224165205"
"63254","091991","Filament eSun PLA-Wood 1.75mm 1kg (aspen)","eSun","Kreatívne technológie/3D tlač/Vlákna","0","nie","","0","6922572224681"
"63255","091992","Filament eSun PLA-Wood 1.75mm 1kg (walnut)","eSun","Kreatívne technológie/3D tlač/Vlákna","0","nie","","0","6922572224698"
"63256","091993","Filament eSun PLA-Wood 1.75mm 1kg (oak)","eSun","Kreatívne technológie/3D tlač/Vlákna","0","nie","","0","6922572225329"
"63257","091994","Filament eSun PLA-UV Color Change 1.75mm (orange)","eSun","Kreatívne technológie/3D tlač/Vlákna","0","nie","","0","6922572215580"
"63258","091995","Filament eSun PLA-UV Color Change 1.75mm","eSun","Kreatívne technológie/3D tlač/Vlákna","0","nie","","0","6922572215566"
"63259","091996","Filament eSun PLA-UV Color Change 1.75mm (yellow)","eSun","Kreatívne technológie/3D tlač/Vlákna","0","nie","","0","6922572215573"
"63260","091997","Filament eSun PLA-UV Color Change 1.75mm (blue)","eSun","Kreatívne technológie/3D tlač/Vlákna","0","nie","","0","6922572215559"
"63261","091998","Filament eSun PLA-UV Color Change 1.75mm (green)","eSun","Kreatívne technológie/3D tlač/Vlákna","0","nie","","0","6922572215597"
"63262","091999","Filament eSun PLA-UV Color Change 1.75mm (purple)","eSun","Kreatívne technológie/3D tlač/Vlákna","0","nie","","0","6922572215603"
"63263","092000","Filament eSun PLA-UV Color Change 1.75mm","eSun","Kreatívne technológie/3D tlač/Vlákna","0","nie","","0","6922572215610"
"63264","092001","Filament eSun PLA-Rock 1.75mm 1kg (tiger-porphyry)","eSun","Kreatívne technológie/3D tlač/Vlákna","0","nie","","0","6922572215658"
"63265","092002","Filament eSun PLA-Rock 1.75mm 1kg (granite)","eSun","Kreatívne technológie/3D tlač/Vlákna","0","nie","","0","6922572215665"
"63266","092003","Filament eSun PLA-Rock 1.75mm 1kg (white)","eSun","Kreatívne technológie/3D tlač/Vlákna","0","nie","","0","6922572215672"
"63267","092004","Filament eSun PLA-Rock 1.75mm 1kg (blueschist)","eSun","Kreatívne technológie/3D tlač/Vlákna","0","nie","","0","6922572215689"
"63268","092005","Filament eSun PLA-Rock 1.75mm 1kg (sandstone)","eSun","Kreatívne technológie/3D tlač/Vlákna","0","nie","","0","6922572215696"
"63269","092006","Filament eSun PLA-Rock 1.75mm 1kg (limestone)","eSun","Kreatívne technológie/3D tlač/Vlákna","0","nie","","0","6922572215702"
"63270","092007","Filament eSun PLA-Rock 1.75mm 1kg (quartzite)","eSun","Kreatívne technológie/3D tlač/Vlákna","0","nie","","0","6922572215719"
"63271","092008","Filament eSun PLA-Rock 1.75mm 1kg (pegmatite)","eSun","Kreatívne technológie/3D tlač/Vlákna","0","nie","","0","6922572215726"
"63272","092009","Filament eSun PLA-Clear Rainbow 1.75mm","eSun","Kreatívne technológie/3D tlač/Vlákna","0","nie","","0","6922572217942"
"63273","092010","Filament eSun PLA-Clear Rainbow 1.75mm (pink)","eSun","Kreatívne technológie/3D tlač/Vlákna","0","nie","","0","6922572217874"
"63274","092011","Filament eSun PLA-Clear Rainbow 1.75mm (blue crystal)","eSun","Kreatívne technológie/3D tlač/Vlákna","0","nie","","0","6922572217867"
"63275","092012","Filament eSun PLA-Clear Rainbow 1.75mm (green crystal)","eSun","Kreatívne technológie/3D tlač/Vlákna","0","nie","","0","6922572217850"
"63276","092013","Filament eSun PLA-Clear Rainbow 1.75mm (cyan crystal)","eSun","Kreatívne technológie/3D tlač/Vlákna","0","nie","","0","6922572217843"
"63277","092014","Filament eSun PLA-Clear Rainbow 1.75mm (flame crystal)","eSun","Kreatívne technológie/3D tlač/Vlákna","0","nie","","0","6922572217836"
"63278","092015","Filament eSun PLA-Clear Rainbow 1.75mm 1kg (yellow-pink)","eSun","Kreatívne technológie/3D tlač/Vlákna","0","nie","","0","6922572217829"
"63279","092016","Filament eSun PLA-Clear Rainbow 1.75mm 1kg (purple-red)","eSun","Kreatívne technológie/3D tlač/Vlákna","0","nie","","0","6922572217812"
"63280","092017","Filament eSun PLA-Clear Rainbow 1.75mm (purple-blue-cyan)","eSun","Kreatívne technológie/3D tlač/Vlákna","0","nie","","0","6922572217799"
"63281","092018","Filament eSun PETG-Basic 1.75mm 1kg (black)","eSun","Kreatívne technológie/3D tlač/Vlákna","0","nie","","0","6922572217232"
"63282","092019","Filament eSun PETG-Basic 1.75mm 1kg (clear)","eSun","Kreatívne technológie/3D tlač/Vlákna","0","nie","","0","6922572217249"
"63283","092020","Filament eSun PETG-Basic 1.75mm 1kg (white)","eSun","Kreatívne technológie/3D tlač/Vlákna","0","nie","","0","6922572217256"
"63284","092021","Filament eSun PETG-Basic 1.75mm 1kg (grey)","eSun","Kreatívne technológie/3D tlač/Vlákna","0","nie","","0","6922572217263"
"63285","092022","Filament eSun PETG-Basic 1.75mm 1kg (silver)","eSun","Kreatívne technológie/3D tlač/Vlákna","0","nie","","0","6922572217270"
"63286","092023","Filament eSun PETG-Basic 1.75mm 1kg (red)","eSun","Kreatívne technológie/3D tlač/Vlákna","0","nie","","0","6922572217287"
"63287","092024","Filament eSun PETG-Basic 1.75mm 1kg (blue)","eSun","Kreatívne technológie/3D tlač/Vlákna","0","nie","","0","6922572217294"
"63288","092025","Filament eSun PETG-Basic 1.75mm 1kg (translucent green)","eSun","Kreatívne technológie/3D tlač/Vlákna","0","nie","","0","6922572217300"
"63289","092026","Filament eSun PETG-Basic 1.75mm 1kg (translucent blue)","eSun","Kreatívne technológie/3D tlač/Vlákna","0","nie","","0","6922572217317"
"63290","092027","Filament eSun PETG-Basic 1.75mm 1kg (translucent orange)","eSun","Kreatívne technológie/3D tlač/Vlákna","0","nie","","0","6922572217324"
"63291","092028","Filament eSun PETG-Basic 1.75mm (translucent light green)","eSun","Kreatívne technológie/3D tlač/Vlákna","0","nie","","0","6922572225299"
"63292","092029","Filament eSun PETG-Basic 1.75mm (translucent light blue)","eSun","Kreatívne technológie/3D tlač/Vlákna","0","nie","","0","6922572225305"
"63293","092030","Filament eSun PETG-Basic 1.75mm (translucent light pink)","eSun","Kreatívne technológie/3D tlač/Vlákna","0","nie","","0","6922572225312"
"63294","092031","Filament eSun PETG-Basic 1.75mm (translucent light orange)","eSun","Kreatívne technológie/3D tlač/Vlákna","0","nie","","0","6922572227347"
"63295","092032","Filament eSun PETG-Basic 1.75mm (translucent light purple)","eSun","Kreatívne technológie/3D tlač/Vlákna","0","nie","","0","6922572225749"
"63296","092033","Filament eSun PETG-Basic 1.75mm 1kg (translucent red)","eSun","Kreatívne technológie/3D tlač/Vlákna","0","nie","","0","6922572227354"
"63297","092034","Filament eSun PETG-Matte 1.75mm 1kg (white)","eSun","Kreatívne technológie/3D tlač/Vlákna","0","nie","","0","6922572221758"
"63298","092035","Filament eSun PETG-Matte 1.75mm 1kg (light khaki)","eSun","Kreatívne technológie/3D tlač/Vlákna","0","nie","","0","6922572222717"
"63299","092036","Filament eSun PETG-Matte 1.75mm 1kg (peach pink)","eSun","Kreatívne technológie/3D tlač/Vlákna","0","nie","","0","6922572222724"
"63300","092037","Filament eSun PETG-Matte 1.75mm 1kg (almond yellow)","eSun","Kreatívne technológie/3D tlač/Vlákna","0","nie","","0","6922572222731"
"63301","092038","Filament eSun PETG-Matte 1.75mm 1kg (apricot)","eSun","Kreatívne technológie/3D tlač/Vlákna","0","nie","","0","6922572222748"
"63302","092039","Filament eSun PETG Matte 1.75mm 1kg (dark grey)","eSun","Kreatívne technológie/3D tlač/Vlákna","0","nie","","0","6922572222755"
"63303","092040","Filament eSun PETG-Matte 1.75mm 1kg (light blue)","eSun","Kreatívne technológie/3D tlač/Vlákna","0","nie","","0","6922572222762"
"63304","092041","Filament eSun PETG-Matte 1.75mm 1kg (lilac)","eSun","Kreatívne technológie/3D tlač/Vlákna","0","nie","","0","6922572222779"
"63305","092042","Filament eSun PETG-Matte 1.75mm 1kg (mint green)","eSun","Kreatívne technológie/3D tlač/Vlákna","0","nie","","0","6922572222786"
"63306","092043","Filament eSun PETG-Matte 1.75mm 1kg (matcha green)","eSun","Kreatívne technológie/3D tlač/Vlákna","0","nie","","0","6922572222793"
"63307","092044","Filament eSun PETG-Matte 1.75mm 1kg (concrete grey)","eSun","Kreatívne technológie/3D tlač/Vlákna","0","nie","","0","6922572225756"
"63308","092045","Filament eSun PETG-Matte 1.75mm 1kg (blue brick)","eSun","Kreatívne technológie/3D tlač/Vlákna","0","nie","","0","6922572227873"
"63309","092046","Filament eSun PETG-Matte 1.75mm 1kg (terracotta)","eSun","Kreatívne technológie/3D tlač/Vlákna","0","nie","","0","6922572227903"
"63310","092047","Filament eSun PETG Matte 1.75mm 1kg (earth brown)","eSun","Kreatívne technológie/3D tlač/Vlákna","0","nie","","0","6922572227880"
"63311","092048","Filament eSun PETG Matte 1.75mm 1kg (brick red)","eSun","Kreatívne technológie/3D tlač/Vlákna","0","nie","","0","6922572227897"
"63312","092049","Filament eSun PETG-Matte 1.75mm 1kg (alabaster white)","eSun","Kreatívne technológie/3D tlač/Vlákna","0","nie","","0","6922572225763"
"63313","092050","Filament eSun ABS+ 1.75mm 1kg (white)","eSun","Kreatívne technológie/3D tlač/Vlákna","0","nie","","0","6922572229037"
"63314","092051","Filament eSun ABS+ 1.75mm 1kg (orange)","eSun","Kreatívne technológie/3D tlač/Vlákna","0","nie","","0","6922572229082"
"63315","092052","Filament eSun ABS+ 1.75mm 1kg (black)","eSun","Kreatívne technológie/3D tlač/Vlákna","0","nie","","0","6922572229020"
"63316","092053","Filament eSun ABS+ 1.75mm 1kg (red)","eSun","Kreatívne technológie/3D tlač/Vlákna","0","nie","","0","6922572229051"
"63317","092054","Filament eSun ABS+ 1.75mm 1kg (yellow)","eSun","Kreatívne technológie/3D tlač/Vlákna","0","nie","","0","6922572229068"
"63318","092055","Filament eSun ABS+ 1.75mm 1kg (grey)","eSun","Kreatívne technológie/3D tlač/Vlákna","0","nie","","0","6922572229129"
"63319","092056","Filament eSun ABS+ 1.75mm 1kg (blue)","eSun","Kreatívne technológie/3D tlač/Vlákna","0","nie","","0","6922572229044"
"63320","092057","Filament eSun ABS+ 1.75mm 1kg (cold white)","eSun","Kreatívne technológie/3D tlač/Vlákna","0","nie","","0","6922572229228"
"63321","092058","Filament eSun ABS+ 1.75mm 1kg (green)","eSun","Kreatívne technológie/3D tlač/Vlákna","0","nie","","0","6922572229075"
"63322","092059","Filament eSun ABS+ 1.75mm 1kg (green)","eSun","Kreatívne technológie/3D tlač/Vlákna","0","nie","","0","6922572229105"
"63323","092060","Filament eSun ABS+ 1.75mm 1kg (light blue)","eSun","Kreatívne technológie/3D tlač/Vlákna","0","nie","","0","6922572229136"
"63324","092061","Filament eSun ABS+ 1.75mm 1kg (fire engine red)","eSun","Kreatívne technológie/3D tlač/Vlákna","0","nie","","0","6922572229235"
"63325","092062","Filament eSun ABS+ 1.75mm 1kg (silver)","eSun","Kreatívne technológie/3D tlač/Vlákna","0","nie","","0","6922572229112"
"63326","092063","Filament eSun ABS+ 1.75mm 1kg (purple)","eSun","Kreatívne technológie/3D tlač/Vlákna","0","nie","","0","6922572229143"
"63327","092064","Filament eSun ABS+ 1.75mm 1kg (brown)","eSun","Kreatívne technológie/3D tlač/Vlákna","0","nie","","0","6922572229198"
"63328","092065","Filament eSun PLA+HS 1.75mm 1kg (white)","eSun","Kreatívne technológie/3D tlač/Vlákna","0","nie","","0","6922572204492"
"63329","092066","Filament eSun PLA+HS 1.75mm 1kg (orange)","eSun","Kreatívne technológie/3D tlač/Vlákna","0","nie","","0","6922572204560"
"63330","092067","Filament eSun PLA+HS 1.75mm 1kg (pink)","eSun","Kreatívne technológie/3D tlač/Vlákna","0","nie","","0","6922572205239"
"63331","092068","Filament eSun PLA+HS 1.75mm 1kg (olive green)","eSun","Kreatívne technológie/3D tlač/Vlákna","0","nie","","0","6922572205130"
"63332","092069","Filament eSun PLA+HS 1.75mm 1kg (bone white)","eSun","Kreatívne technológie/3D tlač/Vlákna","0","nie","","0","6922572205147"
"63333","092070","Filament eSun PLA+HS 1.75mm 1kg (black)","eSun","Kreatívne technológie/3D tlač/Vlákna","0","nie","","0","6922572204485"
"63334","092071","Filament eSun PLA+HS 1.75mm 1kg (red)","eSun","Kreatívne technológie/3D tlač/Vlákna","0","nie","","0","6922572204546"
"63335","092072","Filament eSun PLA+HS 1.75mm 1kg (yellow)","eSun","Kreatívne technológie/3D tlač/Vlákna","0","nie","","0","6922572204577"
"63336","092073","Filament eSun PLA+HS 1.75mm 1kg (grey)","eSun","Kreatívne technológie/3D tlač/Vlákna","0","nie","","0","6922572204515"
"63337","092074","Filament eSun PLA+HS 1.75mm 1kg (blue)","eSun","Kreatívne technológie/3D tlač/Vlákna","0","nie","","0","6922572204522"
"63338","092075","Filament eSun PLA+HS 1.75mm 1kg (cold white)","eSun","Kreatívne technológie/3D tlač/Vlákna","0","nie","","0","6922572204508"
"63339","092076","Filament eSun PLA+HS 1.75mm 1kg (beige)","eSun","Kreatívne technológie/3D tlač/Vlákna","0","nie","","0","6922572205109"
"63340","092077","Filament eSun PLA+HS 1.75mm 1kg (green)","eSun","Kreatívne technológie/3D tlač/Vlákna","0","nie","","0","6922572205222"
"63341","092078","Filament eSun PLA+HS 1.75mm 1kg (light blue)","eSun","Kreatívne technológie/3D tlač/Vlákna","0","nie","","0","6922572205178"
"63342","092079","Filament eSun PLA+HS 1.75mm 1kg (light brown)","eSun","Kreatívne technológie/3D tlač/Vlákna","0","nie","","0","6922572205123"
"63343","092080","Filament eSun PLA+HS 1.75mm 1kg (pine green)","eSun","Kreatívne technológie/3D tlač/Vlákna","0","nie","","0","6922572205093"
"63344","092081","Filament eSun PLA+HS 1.75mm 1kg (fire engine red)","eSun","Kreatívne technológie/3D tlač/Vlákna","0","nie","","0","6922572204539"
"63345","092082","Filament eSun PLA+HS 1.75mm 1kg (silver)","eSun","Kreatívne technológie/3D tlač/Vlákna","0","nie","","0","6922572204553"
"63346","092083","Filament eSun PLA+HS 1.75mm 1kg (purple)","eSun","Kreatívne technológie/3D tlač/Vlákna","0","nie","","0","6922572205185"
"63347","092084","Filament eSun PLA+HS 1.75mm 1kg (brown)","eSun","Kreatívne technológie/3D tlač/Vlákna","0","nie","","0","6922572205116"
"63348","092085","Filament eSun PLA+HS 1.75mm 1kg (grass green)","eSun","Kreatívne technológie/3D tlač/Vlákna","0","nie","","0","6922572218444"
"63349","092086","Filament eSun PLA+HS 1.75mm 1kg (mustard green)","eSun","Kreatívne technológie/3D tlač/Vlákna","0","nie","","0","6922572218680"
"63350","092087","Filament eSun PLA+HS 1.75mm 1kg (haze blue)","eSun","Kreatívne technológie/3D tlač/Vlákna","0","nie","","0","6922572218413"
"63351","092088","Filament eSun PLA+HS 1.75mm 1kg (jade green)","eSun","Kreatívne technológie/3D tlač/Vlákna","0","nie","","0","6922572218697"
"63352","092089","Filament eSun PLA+HS 1.75mm 1kg (green)","eSun","Kreatívne technológie/3D tlač/Vlákna","0","nie","","0","6922572218420"
"63353","092090","Filament eSun PLA+HS 1.75mm 1kg (soft pink)","eSun","Kreatívne technológie/3D tlač/Vlákna","0","nie","","0","6922572224889"
"63354","092091","Filament eSun PLA+HS 1.75mm 1kg (coral orange)","eSun","Kreatívne technológie/3D tlač/Vlákna","0","nie","","0","6922572218468"
"63355","092092","Filament eSun PLA+HS 1.75mm 1kg (red)","eSun","Kreatívne technológie/3D tlač/Vlákna","0","nie","","0","6922572218376"
"63356","092093","Filament eSun PLA+HS 1.75mm 1kg (blue)","eSun","Kreatívne technológie/3D tlač/Vlákna","0","nie","","0","6922572218475"
"63357","092094","Filament eSun PLA+HS 1.75mm 1kg (RGB green)","eSun","Kreatívne technológie/3D tlač/Vlákna","0","nie","","0","6922572221765"
"63358","092095","Filament eSun PLA+HS 1.75mm 1kg (mint green)","eSun","Kreatívne technológie/3D tlač/Vlákna","0","nie","","0","6922572218703"
"63359","092096","Filament eSun PLA+HS 1.75mm 1kg (soft blue)","eSun","Kreatívne technológie/3D tlač/Vlákna","0","nie","","0","6922572224872"
"63360","092097","Filament eSun PLA+HS 1.75mm 1kg (light khaki)","eSun","Kreatívne technológie/3D tlač/Vlákna","0","nie","","0","6922572218710"
"63361","092098","Filament eSun PLA+HS 1.75mm 1kg (lilac)","eSun","Kreatívne technológie/3D tlač/Vlákna","0","nie","","0","6922572218451"
"63362","092099","Filament eSun PLA+HS 1.75mm 1kg (matcha green)","eSun","Kreatívne technológie/3D tlač/Vlákna","0","nie","","0","6922572218383"
"63363","092100","Filament eSun PLA+HS 1.75mm 1kg (peach pink)","eSun","Kreatívne technológie/3D tlač/Vlákna","0","nie","","0","6922572218727"
"63364","092101","Filament eSun PLA+HS 1.75mm 1kg (milky white)","eSun","Kreatívne technológie/3D tlač/Vlákna","0","nie","","0","6922572218437"
"63365","092102","Filament eSun PLA+HS 1.75mm 1kg (almond yellow)","eSun","Kreatívne technológie/3D tlač/Vlákna","0","nie","","0","6922572218390"
"63366","092103","Filament eSun PLA+HS 1.75mm 1kg (apricot)","eSun","Kreatívne technológie/3D tlač/Vlákna","0","nie","","0","6922572218352"
"63367","092104","Filament eSun PLA+HS 1.75mm 1kg (brick red)","eSun","Kreatívne technológie/3D tlač/Vlákna","0","nie","","0","6922572222892"
"63368","092105","Filament eSun PLA+HS 1.75mm 1kg (concrete grey)","eSun","Kreatívne technológie/3D tlač/Vlákna","0","nie","","0","6922572222922"
"63369","092106","Filament eSun PETG+HS 1.75mm 1kg (white)","eSun","Kreatívne technológie/3D tlač/Vlákna","0","nie","","0","6922572204867"
"63370","092107","Filament eSun PETG+HS 1.75mm 1kg (orange)","eSun","Kreatívne technológie/3D tlač/Vlákna","0","nie","","0","6922572204904"
"63371","092108","Filament eSun PETG+HS 1.75mm 1kg (black)","eSun","Kreatívne technológie/3D tlač/Vlákna","0","nie","","0","6922572204874"
"63372","092109","Filament eSun PETG+HS 1.75mm 1kg (red)","eSun","Kreatívne technológie/3D tlač/Vlákna","0","nie","","0","6922572204935"
"63373","092110","Filament eSun PETG+HS 1.75mm 1kg (yellow)","eSun","Kreatívne technológie/3D tlač/Vlákna","0","nie","","0","6922572204928"
"63374","092111","Filament eSun PETG+HS 1.75mm 1kg (grey)","eSun","Kreatívne technológie/3D tlač/Vlákna","0","nie","","0","6922572204881"
"63375","092112","Filament eSun PETG+HS 1.75mm 1kg (blue)","eSun","Kreatívne technológie/3D tlač/Vlákna","0","nie","","0","6922572204911"
"63376","092113","Filament eSun PETG+HS 1.75mm 1kg (green)","eSun","Kreatívne technológie/3D tlač/Vlákna","0","nie","","0","6922572204942"
"63377","092114","Filament eSun PETG+HS 1.75mm 1kg (red)","eSun","Kreatívne technológie/3D tlač/Vlákna","0","nie","","0","6922572204959"
"63378","092115","Filament eSun PETG+HS 1.75mm 1kg (silver)","eSun","Kreatívne technológie/3D tlač/Vlákna","0","nie","","0","6922572204898"
"63379","092116","Filament eSun PLA-LW 1.75mm 1kg (black)","eSun","Kreatívne technológie/3D tlač/Vlákna","0","nie","","0","6922572201491"
"63380","092117","Filament eSun PLA-LW 1.75mm 1kg (white)","eSun","Kreatívne technológie/3D tlač/Vlákna","0","nie","","0","6922572201606"
"63381","092118","Filament eSun PLA-ST 1.75mm 1kg (black)","eSun","Kreatívne technológie/3D tlač/Vlákna","0","nie","","0","6922572200746"
"63382","092119","Filament eSun PLA-ST 1.75mm 1kg (grey)","eSun","Kreatívne technológie/3D tlač/Vlákna","0","nie","","0","6922572200753"
"63383","092120","Filament eSun PLA-ST 1.75mm 1kg (white)","eSun","Kreatívne technológie/3D tlač/Vlákna","0","nie","","0","6922572212510"
"63384","092121","Filament eSun PLA-CF 1.75mm 1kg (black)","eSun","Kreatívne technológie/3D tlač/Vlákna","0","nie","","0","6922572204331"
"63385","092122","Filament eSun PLA-CF 1.75mm 1kg (brown)","eSun","Kreatívne technológie/3D tlač/Vlákna","0","nie","","0","6922572204706"
"63386","092123","Filament eSun PLA-CF 1.75mm 1kg (green)","eSun","Kreatívne technológie/3D tlač/Vlákna","0","nie","","0","6922572204713"
"63387","092124","Filament eSun PLA-CF 1.75mm 1kg (red)","eSun","Kreatívne technológie/3D tlač/Vlákna","0","nie","","0","6922572204720"
"63388","092125","Filament eSun PLA-CF 1.75mm 1kg (purple)","eSun","Kreatívne technológie/3D tlač/Vlákna","0","nie","","0","6922572204737"
"63389","092126","Filament eSun TPU-95A 1.75mm 1kg (white)","eSun","Kreatívne technológie/3D tlač/Vlákna","0","nie","","0","6922572277021"
"63390","092127","Filament eSun TPU-95A 1.75mm 1kg (black)","eSun","Kreatívne technológie/3D tlač/Vlákna","0","nie","","0","6922572277014"
"63391","092128","Filament eSun TPU-95A 1.75mm 1kg (grey)","eSun","Kreatívne technológie/3D tlač/Vlákna","0","nie","","0","6922572277038"
"63392","092129","Filament eSun TPU-95A 1.75mm 1kg (orange)","eSun","Kreatívne technológie/3D tlač/Vlákna","0","nie","","0","6922572223912"
"63393","092130","Filament eSun TPU-95A 1.75mm 1kg (red)","eSun","Kreatívne technológie/3D tlač/Vlákna","0","nie","","0","6922572223929"
"63394","092131","Filament eSun TPU-95A 1.75mm 1kg (yellow)","eSun","Kreatívne technológie/3D tlač/Vlákna","0","nie","","0","6922572223936"
"63395","092132","Filament eSun TPU-95A 1.75mm 1kg (blue)","eSun","Kreatívne technológie/3D tlač/Vlákna","0","nie","","0","6922572223943"
"63396","092133","Filament eSun TPU-95A 1.75mm 1kg (green)","eSun","Kreatívne technológie/3D tlač/Vlákna","0","nie","","0","6922572223950"
"63397","092134","Filament eSun TPU-95A 1.75mm 1kg (translucent orange)","eSun","Kreatívne technológie/3D tlač/Vlákna","0","nie","","0","6922572277106"
"63398","092135","Filament eSun TPU-95A 1.75mm 1kg (translucent pink)","eSun","Kreatívne technológie/3D tlač/Vlákna","0","nie","","0","6922572277090"
"63399","092136","Filament eSun TPU-95A 1.75mm 1kg (translucent red)","eSun","Kreatívne technológie/3D tlač/Vlákna","0","nie","","0","6922572277052"
"63400","092137","Filament eSun TPU-95A 1.75mm 1kg (translucent yellow)","eSun","Kreatívne technológie/3D tlač/Vlákna","0","nie","","0","6922572277069"
"63401","092138","Filament eSun TPU-95A 1.75mm 1kg (translucent blue)","eSun","Kreatívne technológie/3D tlač/Vlákna","0","nie","","0","6922572277083"
"63402","092139","Filament eSun TPU-95A 1.75mm 1kg (translucent green)","eSun","Kreatívne technológie/3D tlač/Vlákna","0","nie","","0","6922572277076"
"63403","092140","Filament eSun TPU-95A 1.75mm 1kg (clear)","eSun","Kreatívne technológie/3D tlač/Vlákna","0","nie","","0","6922572277045"
"63404","092141","Filament eSun TPU-95A 1.75mm (translucent light purple)","eSun","Kreatívne technológie/3D tlač/Vlákna","0","nie","","0","6922572228320"
"63405","092142","Filament eSun TPU-95A 1.75mm 1kg (translucent aqua)","eSun","Kreatívne technológie/3D tlač/Vlákna","0","nie","","0","6922572228313"
"63406","092143","Filament eSun TPU-95A 1.75mm 1kg (rainbow C)","eSun","Kreatívne technológie/3D tlač/Vlákna","0","nie","","0","6922572225589"
"63407","092144","Filament eSun TPU-LW 1.75mm 0.75kg (black)","eSun","Kreatívne technológie/3D tlač/Vlákna","0","nie","","0","6922572209244"
"63408","092145","Filament eSun TPU-LW 1.75mm 0.75kg (grey)","eSun","Kreatívne technológie/3D tlač/Vlákna","0","nie","","0","6922572209251"
"63409","092146","Filament eSun TPU-LW 1.75mm 0.75kg (white)","eSun","Kreatívne technológie/3D tlač/Vlákna","0","nie","","0","6922572209237"
"63410","092147","Filament eSun TPE-83A 1.75mm 1kg (black)","eSun","Kreatívne technológie/3D tlač/Vlákna","0","nie","","0","6922572274068"
"63411","092148","Filament eSun TPE-83A 1.75mm 1kg (white)","eSun","Kreatívne technológie/3D tlač/Vlákna","0","nie","","0","6922572274013"
"63412","092149","Filament eSun TPE-83A 1.75mm 1kg (butter salmon)","eSun","Kreatívne technológie/3D tlač/Vlákna","0","nie","","0","6922572218734"
"63413","092150","Filament eSun HIPS 1.75mm 1kg (white)","eSun","Kreatívne technológie/3D tlač/Vlákna","0","nie","","0","6922572231139"
"63414","092151","Filament eSun PETG-Luminous 1.75mm 1kg (blue)","eSun","Kreatívne technológie/3D tlač/Vlákna","0","nie","","0","6922572230842"
"63415","092152","Filament eSun PETG-Luminous 1.75mm 1kg (luminous green)","eSun","Kreatívne technológie/3D tlač/Vlákna","0","nie","","0","6922572230859"
"63416","092153","Filament eSun PLA-HF 1.75mm 1kg (white)","eSun","Kreatívne technológie/3D tlač/Vlákna","0","nie","","0","6922572230828"
"63417","092154","Filament eSun PLA-HF 1.75mm 1kg (grey)","eSun","Kreatívne technológie/3D tlač/Vlákna","0","nie","","0","6922572230835"
"63418","092155","Filament eSun TPU-64D 1.75mm 1kg (clear)","eSun","Kreatívne technológie/3D tlač/Vlákna","0","nie","","0","6922572217966"
"63419","092156","Filament eSun TPU-64D 1.75mm 1kg (black)","eSun","Kreatívne technológie/3D tlač/Vlákna","0","nie","","0","6922572221789"
"63420","092157","Filament eSun TPU-85A 1.75mm 1kg (clear)","eSun","Kreatívne technológie/3D tlač/Vlákna","0","nie","","0","6922572231283"
"63421","092158","Filament eSun PETG-UV Color Change 1.75mm","eSun","Kreatívne technológie/3D tlač/Vlákna","0","nie","","0","6922572230927"
"63422","092159","Filament eSun PETG-UV Color Change 1.75mm","eSun","Kreatívne technológie/3D tlač/Vlákna","0","nie","","0","6922572230934"
"63423","092160","Filament eSun PETG+ 1.75mm 1kg (white)","eSun","Kreatívne technológie/3D tlač/Vlákna","0","nie","","0","6922572229402"
"63424","092161","Filament eSun PETG+ 1.75mm 1kg (orange)","eSun","Kreatívne technológie/3D tlač/Vlákna","0","nie","","0","6922572229419"
"63425","092162","Filament eSun PETG+ 1.75mm 1kg (black)","eSun","Kreatívne technológie/3D tlač/Vlákna","0","nie","","0","6922572229426"
"63426","092163","Filament eSun PETG+ 1.75mm 1kg (red)","eSun","Kreatívne technológie/3D tlač/Vlákna","0","nie","","0","6922572229433"
"63427","092164","Filament eSun PETG+ 1.75mm 1kg (yellow)","eSun","Kreatívne technológie/3D tlač/Vlákna","0","nie","","0","6922572229440"
"63428","092165","Filament eSun PETG+ 1.75mm 1kg (grey)","eSun","Kreatívne technológie/3D tlač/Vlákna","0","nie","","0","6922572229457"
"63429","092166","Filament eSun PETG+ 1.75mm 1kg (blue)","eSun","Kreatívne technológie/3D tlač/Vlákna","0","nie","","0","6922572229471"
"63430","092167","Filament eSun PETG+ 1.75mm 1kg (green)","eSun","Kreatívne technológie/3D tlač/Vlákna","0","nie","","0","6922572229488"
"63431","092168","Filament eSun PETG+ 1.75mm 1kg (translucent orange)","eSun","Kreatívne technológie/3D tlač/Vlákna","0","nie","","0","6922572229495"
"63432","092169","Filament eSun PETG+ 1.75mm 1kg (translucent grey)","eSun","Kreatívne technológie/3D tlač/Vlákna","0","nie","","0","6922572229747"
"63433","092170","Filament eSun PETG+ 1.75mm 1kg (translucent blue)","eSun","Kreatívne technológie/3D tlač/Vlákna","0","nie","","0","6922572229754"
"63434","092171","Filament eSun PETG+ 1.75mm 1kg (translucent green)","eSun","Kreatívne technológie/3D tlač/Vlákna","0","nie","","0","6922572229761"
"63435","092172","Filament eSun PETG+ 1.75mm 1kg (clear)","eSun","Kreatívne technológie/3D tlač/Vlákna","0","nie","","0","6922572229778"
"63436","092173","Filament eSun PETG+ 1.75mm 1kg (red)","eSun","Kreatívne technológie/3D tlač/Vlákna","0","nie","","0","6922572229808"
"63437","092174","Filament eSun PETG+ 1.75mm 1kg (silver)","eSun","Kreatívne technológie/3D tlač/Vlákna","0","nie","","0","6922572229815"
"63438","092175","Filament eSun PETG+ 1.75mm 1kg (translucent red)","eSun","Kreatívne technológie/3D tlač/Vlákna","0","nie","","0","6922572229839"
"63439","092176","Filament eSun PETG+ 1.75mm 1kg (purple)","eSun","Kreatívne technológie/3D tlač/Vlákna","0","nie","","0","6922572229822"
"63440","092177","Filament eSun ASA+ 1.75mm 1kg (black)","eSun","Kreatívne technológie/3D tlač/Vlákna","0","nie","","0","6922572210820"
"63441","092178","Filament eSun ASA+ 1.75mm 1kg (cold white)","eSun","Kreatívne technológie/3D tlač/Vlákna","0","nie","","0","6922572210844"
"63442","092179","Filament eSun ASA+ 1.75mm 1kg (warm white)","eSun","Kreatívne technológie/3D tlač/Vlákna","0","nie","","0","6922572210868"
"63443","092180","Filament eSun ASA+ 1.75mm 1kg (green)","eSun","Kreatívne technológie/3D tlač/Vlákna","0","nie","","0","6922572210899"
"63444","092181","Filament eSun ASA+ 1.75mm 1kg (grey)","eSun","Kreatívne technológie/3D tlač/Vlákna","0","nie","","0","6922572210837"
"63445","092182","Filament eSun ASA+ 1.75mm 1kg (red)","eSun","Kreatívne technológie/3D tlač/Vlákna","0","nie","","0","6922572210875"
"63446","092183","Filament eSun ASA+ 1.75mm 1kg (silver)","eSun","Kreatívne technológie/3D tlač/Vlákna","0","nie","","0","6922572210851"
"63447","092184","Filament eSun ABS+HS 1.75mm 1kg (black)","eSun","Kreatívne technológie/3D tlač/Vlákna","0","nie","","0","6922572204683"
"63448","092185","Filament eSun ABS+HS 1.75mm 1kg (cold white)","eSun","Kreatívne technológie/3D tlač/Vlákna","0","nie","","0","6922572204997"
"63449","092186","Filament eSun ABS+HS 1.75mm 1kg (red)","eSun","Kreatívne technológie/3D tlač/Vlákna","0","nie","","0","6922572205024"
"63450","092187","Filament eSun ABS+HS 1.75mm 1kg (green)","eSun","Kreatívne technológie/3D tlač/Vlákna","0","nie","","0","6922572205079"
"63451","092188","Filament eSun ABS+HS 1.75mm 1kg (grey)","eSun","Kreatívne technológie/3D tlač/Vlákna","0","nie","","0","6922572205000"
"63452","092189","Filament eSun ABS+HS 1.75mm 1kg (orange)","eSun","Kreatívne technológie/3D tlač/Vlákna","0","nie","","0","6922572205055"
"63453","092190","Filament eSun ABS+HS 1.75mm 1kg (red)","eSun","Kreatívne technológie/3D tlač/Vlákna","0","nie","","0","6922572205031"
"63454","092191","Filament eSun ABS+HS 1.75mm 1kg (silver)","eSun","Kreatívne technológie/3D tlač/Vlákna","0","nie","","0","6922572205048"
"63455","092192","Filament eSun ABS+HS 1.75mm 1kg (blue)","eSun","Kreatívne technológie/3D tlač/Vlákna","0","nie","","0","6922572205017"
"63456","092193","Filament eSun ABS+HS 1.75mm 1kg (white)","eSun","Kreatívne technológie/3D tlač/Vlákna","0","nie","","0","6922572204690"
"63457","092194","Filament eSun ABS+HS 1.75mm 1kg (yellow)","eSun","Kreatívne technológie/3D tlač/Vlákna","0","nie","","0","6922572205062"
"63458","092195","Filament eSun ABS-CF 1.75mm 1kg (black)","eSun","Kreatívne technológie/3D tlač/Vlákna","0","nie","","0","6922572206168"
"63459","092196","Filament eSun ABS-CF 1.75mm 1kg (dark blue)","eSun","Kreatívne technológie/3D tlač/Vlákna","0","nie","","0","6922572206434"
"63460","092197","Filament eSun ABS-GF 1.75mm 1kg (black)","eSun","Kreatívne technológie/3D tlač/Vlákna","0","nie","","0","6922572206328"
"63461","092198","Filament eSun ABS-HT 1.75mm 1kg (black)","eSun","Kreatívne technológie/3D tlač/Vlákna","0","nie","","0","6922572206311"
"63462","092199","Filament eSun ABS-HT 1.75mm 1kg (yellow)","eSun","Kreatívne technológie/3D tlač/Vlákna","0","nie","","0","6922572206915"
"63463","092200","Filament eSun PETG-CF 1.75mm 1kg (dark blue)","eSun","Kreatívne technológie/3D tlač/Vlákna","0","nie","","0","6922572206458"
"63464","092201","Filament eSun PETG-CF 1.75mm 1kg (dark grey)","eSun","Kreatívne technológie/3D tlač/Vlákna","0","nie","","0","6922572206465"
"63465","092202","Filament eSun PETG-CF 1.75mm 1kg (black-red)","eSun","Kreatívne technológie/3D tlač/Vlákna","0","nie","","0","6922572206472"
"63466","092203","Filament eSun PETG-CF 1.75mm 1kg (dark green)","eSun","Kreatívne technológie/3D tlač/Vlákna","0","nie","","0","6922572206489"
"63467","092204","Filament eSun PETG-CF 1.75mm 1kg (antique brass)","eSun","Kreatívne technológie/3D tlač/Vlákna","0","nie","","0","6922572206496"
"63468","092205","Filament eSun PETG-CF 1.75mm 1kg (black)","eSun","Kreatívne technológie/3D tlač/Vlákna","0","nie","","0","6922572206151"
"63469","092206","Filament eSun PET-CF 1.75mm 1kg (black)","eSun","Kreatívne technológie/3D tlač/Vlákna","0","nie","","0","6922572217331"
"63470","092207","Filament eSun PA-CF 1.75mm 1kg (black)","eSun","Kreatívne technológie/3D tlač/Vlákna","0","nie","","0","6922572247413"
"63471","092208","Filament eSun PA12+CF 1.75mm 1kg (black)","eSun","Kreatívne technológie/3D tlač/Vlákna","0","nie","","0","6922572210783"
"63472","092209","Filament eSun PA 1.75mm 1kg (clear)","eSun","Kreatívne technológie/3D tlač/Vlákna","0","nie","","0","6922572241619"
"63473","092210","Filament eSun PA 1.75mm 1kg (black)","eSun","Kreatívne technológie/3D tlač/Vlákna","0","nie","","0","6922572222267"
"63474","091977","Vacuum kit eSun eVacuum Kit Pro 3","eSun","Kreatívne technológie/3D tlač/Príslušenstvo pre 3D tlačiarne","0","nie","","0","6922572204034"
"63475","091978","Accessory eSun eBox Pro","eSun","Kreatívne technológie/3D tlač/Príslušenstvo pre 3D tlačiarne","0","nie","","0","6922572221383"
"63476","091979","Filament eSun TPU-87A 1.75mm 1kg (clear)","eSun","Kreatívne technológie/3D tlač/Vlákna","0","nie","","0","6922572272019"
"63477","091980","Filament eSun ABS-FR 1.75mm 1kg (black)","eSun","Kreatívne technológie/3D tlač/Vlákna","0","nie","","0","6922572288713"
"63478","091981","Filament eSun PLA-GF 1.75mm 1kg (white)","eSun","Kreatívne technológie/3D tlač/Vlákna","0","nie","","0","6922572212534"
"63479","091982","Filament eSun PLA-Twinkling 1.75mm 1kg (silver)","eSun","Kreatívne technológie/3D tlač/Vlákna","0","nie","","0","6922572200692"
"63480","091983","Filament eSun PLA Marble 1.75mm 1kg (grey)","eSun","Kreatívne technológie/3D tlač/Vlákna","0","nie","","0","6922572243965"
"63481","091984","Filament eSun PLA-Stars 1.75mm 1kg (black)","eSun","Kreatívne technológie/3D tlač/Vlákna","0","nie","","0","6922572201576"
"63482","091985","Filament eSun PLA-Magic 1.75mm 1kg (dark twinkling gold)","eSun","Kreatívne technológie/3D tlač/Vlákna","0","nie","","0","6922572205512"
"63483","091986","Filament eSun PLA-Magic 1.75mm 1kg (dark twinkling blue)","eSun","Kreatívne technológie/3D tlač/Vlákna","0","nie","","0","6922572205529"
"63484","091987","Filament eSun PLA-Magic 1.75mm (dark twinkling green)","eSun","Kreatívne technológie/3D tlač/Vlákna","0","nie","","0","6922572205536"
"63485","091988","Filament eSun PLA-Magic 1.75mm (dark twinkling purple)","eSun","Kreatívne technológie/3D tlač/Vlákna","0","nie","","0","6922572205543"
"63486","091989","Filament eSun PLA-Wood 1.75mm 1kg (plain wood)","eSun","Kreatívne technológie/3D tlač/Vlákna","0","nie","","0","6922572241817"
"63487","091990","Filament eSun PLA-Wood 1.75mm 1kg (birch)","eSun","Kreatívne technológie/3D tlač/Vlákna","0","nie","","0","6922572224360"
"63488","092211","Filament eSun PC-HT 1.75mm 1kg (white)","eSun","Kreatívne technológie/3D tlač/Vlákna","0","nie","","0","6922572218741"
"63489","092212","Filament eSun PC-HT 1.75mm 1kg (grey)","eSun","Kreatívne technológie/3D tlač/Vlákna","0","nie","","0","6922572218758"
"63490","092213","Filament eSun PETG-ESD 1.75mm 1kg (black)","eSun","Kreatívne technológie/3D tlač/Vlákna","0","nie","","0","6922572209121"
"63491","092214","Filament eSun ABS-ESD 1.75mm 0.8kg (black)","eSun","Kreatívne technológie/3D tlač/Vlákna","0","nie","","0","6922572232730"
"63492","092215","Filament eSun PET-FR 1.75mm 1kg (black)","eSun","Kreatívne technológie/3D tlač/Vlákna","0","nie","","0","6922572231290"
"63493","092216","Filament eSun PC-ESD 1.75mm 1kg (black)","eSun","Kreatívne technológie/3D tlač/Vlákna","0","nie","","0","6922572230910"
"63494","092395","Filament eSun PLA-Silk Magic 1.75mm 1kg (gold pink)","eSun","Kreatívne technológie/3D tlač/Vlákna","0","nie","","0","6922572222939"
"63495","092396","Filament eSun PLA-Silk Magic 1.75mm 1kg (lime cyan)","eSun","Kreatívne technológie/3D tlač/Vlákna","0","nie","","0","6922572203686"
"63496","092397","Filament eSun PLA-Silk Magic 1.75mm 1kg (fuchsia green)","eSun","Kreatívne technológie/3D tlač/Vlákna","0","nie","","0","6922572203198"
"63497","092398","Filament eSun PLA-Silk Magic 1.75mm 1kg (green silver)","eSun","Kreatívne technológie/3D tlač/Vlákna","0","nie","","0","6922572223356"
"63498","092399","Filament eSun PLA-Silk Magic 1.75mm 1kg (green-pink)","eSun","Kreatívne technológie/3D tlač/Vlákna","0","nie","","0","6922572223363"
"63499","092400","Filament eSun PLA-Silk Magic 1.75mm 1kg (red-silver)","eSun","Kreatívne technológie/3D tlač/Vlákna","0","nie","","0","6922572223370"
"63500","092401","Filament eSun PLA-Silk Magic 1.75mm 1kg (blue-gold)","eSun","Kreatívne technológie/3D tlač/Vlákna","0","nie","","0","6922572223387"
"63501","092402","Filament eSun PLA-Silk Magic 1.75mm (black coral pink)","eSun","Kreatívne technológie/3D tlač/Vlákna","0","nie","","0","6922572223394"
"63502","092403","Filament eSun PLA-Silk Magic 1.75mm 1kg (green-purple)","eSun","Kreatívne technológie/3D tlač/Vlákna","0","nie","","0","6922572221888"
"63503","092404","Filament eSun PLA-Silk Mystic 1.75mm (red-black-gold)","eSun","Kreatívne technológie/3D tlač/Vlákna","0","nie","","0","6922572205369"
"63504","092405","Filament eSun PLA-Silk Mystic 1.75mm (red-green-blue)","eSun","Kreatívne technológie/3D tlač/Vlákna","0","nie","","0","6922572205376"
"63505","092406","Filament eSun PLA-Silk Mystic 1.75mm (gold-red-green)","eSun","Kreatívne technológie/3D tlač/Vlákna","0","nie","","0","6922572203006"
"63506","092407","Filament eSun PLA-Silk Mystic 1.75mm (gold-green-black)","eSun","Kreatívne technológie/3D tlač/Vlákna","0","nie","","0","6922572203013"
"63507","092408","Filament eSun PLA-Silk Mystic 1.75mm (gold-silver-copper)","eSun","Kreatívne technológie/3D tlač/Vlákna","0","nie","","0","6922572205338"
"63508","092409","Filament eSun PLA-Silk Mystic 1.75mm (blue-orange-green)","eSun","Kreatívne technológie/3D tlač/Vlákna","0","nie","","0","6922572203020"
"63509","092410","Filament eSun PLA-Silk Mystic 1.75mm (copper purple)","eSun","Kreatívne technológie/3D tlač/Vlákna","0","nie","","0","6922572202993"
"63510","092411","Filament eSun PLA-Metal 1.75mm 1kg (antique brass)","eSun","Kreatívne technológie/3D tlač/Vlákna","0","nie","","0","6922572202795"
"63511","092412","Filament eSun PLA-Metal 1.75mm 1kg (silver)","eSun","Kreatívne technológie/3D tlač/Vlákna","0","nie","","0","6922572202788"
"63512","092413","Filament eSun PLA-Metal 1.75mm 1kg (gold)","eSun","Kreatívne technológie/3D tlač/Vlákna","0","nie","","0","6922572202771"
"63513","092414","Filament eSun PLA-Matte 1.75mm 1kg (mint green)","eSun","Kreatívne technológie/3D tlač/Vlákna","0","nie","","0","6922572201859"
"63514","092415","Filament eSun PLA-Matte 1.75mm 1kg (red)","eSun","Kreatívne technológie/3D tlač/Vlákna","0","nie","","0","6922572203358"
"63515","092416","Filament eSun PLA-Matte 1.75mm 1kg (lilac)","eSun","Kreatívne technológie/3D tlač/Vlákna","0","nie","","0","6922572203334"
"63516","092417","Filament eSun PLA Matte 1.75mm 1kg (black)","eSun","Kreatívne technológie/3D tlač/Vlákna","0","nie","","0","6922572201798"
"63517","092418","Filament eSun PLA-Matte 1.75mm 1kg (tangerine)","eSun","Kreatívne technológie/3D tlač/Vlákna","0","nie","","0","6922572203341"
"63518","092419","Filament eSun PLA-Matte 1.75mm 1kg (matcha green)","eSun","Kreatívne technológie/3D tlač/Vlákna","0","nie","","0","6922572203365"
"63519","092420","Filament eSun PLA-Matte 1.75mm 1kg (morandi green)","eSun","Kreatívne technológie/3D tlač/Vlákna","0","nie","","0","6922572203389"
"63520","092421","Filament eSun PLA-Matte 1.75mm 1kg (morandi purple)","eSun","Kreatívne technológie/3D tlač/Vlákna","0","nie","","0","6922572203372"
"63521","092422","Filament eSun PLA-Matte 1.75mm 1kg (milky white)","eSun","Kreatívne technológie/3D tlač/Vlákna","0","nie","","0","6922572201811"
"63522","092423","Filament eSun PLA-Matte 1.75mm 1kg (light khaki)","eSun","Kreatívne technológie/3D tlač/Vlákna","0","nie","","0","6922572202092"
"63523","092424","Filament eSun PLA-Matte 1.75mm 1kg (light blue)","eSun","Kreatívne technológie/3D tlač/Vlákna","0","nie","","0","6922572202085"
"63524","092425","Filament eSun PLA-Matte 1.75mm 1kg (dark grey)","eSun","Kreatívne technológie/3D tlač/Vlákna","0","nie","","0","6922572201828"
"63525","092426","Filament eSun PLA-Matte 1.75mm 1kg (peach pink)","eSun","Kreatívne technológie/3D tlač/Vlákna","0","nie","","0","6922572201842"
"63526","092427","Filament eSun PLA-Matte 1.75mm 1kg (red)","eSun","Kreatívne technológie/3D tlač/Vlákna","0","nie","","0","6922572209220"
"63527","092428","Filament eSun PLA-Matte 1.75mm 1kg (almond yellow)","eSun","Kreatívne technológie/3D tlač/Vlákna","0","nie","","0","6922572201835"
"63528","092429","Filament eSun PLA-Matte 1.75mm 1kg (olive green)","eSun","Kreatívne technológie/3D tlač/Vlákna","0","nie","","0","6922572215900"
"63529","092430","Filament eSun PLA-Matte 1.75mm 1kg (aqua)","eSun","Kreatívne technológie/3D tlač/Vlákna","0","nie","","0","6922572223349"
"63530","092431","Filament eSun PLA-Matte 1.75mm 1kg (concrete grey)","eSun","Kreatívne technológie/3D tlač/Vlákna","0","nie","","0","6922572223301"
"63531","092432","Filament eSun PLA-Matte Rainbow 1.75mm 1kg (rainbow b)","eSun","Kreatívne technológie/3D tlač/Vlákna","0","nie","","0","6922572225343"
"63532","092433","Filament eSun PLA-Matte Rainbow 1.75mm 1kg (paddy field)","eSun","Kreatívne technológie/3D tlač/Vlákna","0","nie","","0","6922572215368"
"63533","092434","Filament eSun PLA-Matte Rainbow 1.75mm 1kg (macaron)","eSun","Kreatívne technológie/3D tlač/Vlákna","0","nie","","0","6922572215320"
"63534","092435","Filament eSun PLA-Matte Rainbow 1.75mm 1kg (ocean)","eSun","Kreatívne technológie/3D tlač/Vlákna","0","nie","","0","6922572215351"
"63535","092436","Filament eSun PLA-Matte Rainbow 1.75mm 1kg (sunrise)","eSun","Kreatívne technológie/3D tlač/Vlákna","0","nie","","0","6922572215344"
"63536","092437","Filament eSun PLA-Matte Rainbow 1.75mm (yellow-white)","eSun","Kreatívne technológie/3D tlač/Vlákna","0","nie","","0","6922572223400"
"63537","092438","Filament eSun PLA-Matte Rainbow 1.75mm (yellow-pink-purple)","eSun","Kreatívne technológie/3D tlač/Vlákna","0","nie","","0","6922572223417"
"63538","092439","Filament eSun PLA-Matte Rainbow 1.75mm 1kg (bloom)","eSun","Kreatívne technológie/3D tlač/Vlákna","0","nie","","0","6922572226715"
"63539","092440","Filament eSun PLA-Matte Rainbow 1.75mm (blue-green)","eSun","Kreatívne technológie/3D tlač/Vlákna","0","nie","","0","6922572224841"
"63540","092441","Filament eSun PLA-Matte Dual 1.75mm 1kg (black-red)","eSun","Kreatívne technológie/3D tlač/Vlákna","0","nie","","0","6922572208018"
"63541","092442","Filament eSun PLA-Matte Dual 1.75mm 1kg (red-yellow)","eSun","Kreatívne technológie/3D tlač/Vlákna","0","nie","","0","6922572208032"
"63542","092443","Filament eSun PLA-Matte Dual 1.75mm 1kg (red-blue)","eSun","Kreatívne technológie/3D tlač/Vlákna","0","nie","","0","6922572207950"
"63543","092444","Filament eSun PLA-Matte Dual 1.75mm 1kg (blue purple)","eSun","Kreatívne technológie/3D tlač/Vlákna","0","nie","","0","6922572207998"
"63544","092445","Filament eSun PLA-Matte Dual 1.75mm 1kg (green-pink)","eSun","Kreatívne technológie/3D tlač/Vlákna","0","nie","","0","6922572207974"
"63545","092446","Filament eSun PLA-Matte Dual 1.75mm 1kg (green-purple)","eSun","Kreatívne technológie/3D tlač/Vlákna","0","nie","","0","6922572207967"
"63546","092266","Filament eSun PLA+ 1.75mm 1kg (white)","eSun","Kreatívne technológie/3D tlač/Vlákna","0","nie","","0","6922572219038"
"63547","092267","Filament eSun PLA+ 1.75mm 1kg (grass green)","eSun","Kreatívne technológie/3D tlač/Vlákna","0","nie","","0","6922572215887"
"63548","092268","Filament eSun PLA+ 1.75mm 1kg (orange)","eSun","Kreatívne technológie/3D tlač/Vlákna","0","nie","","0","6922572219083"
"63549","092269","Filament eSun PLA+ 1.75mm 1kg (pink)","eSun","Kreatívne technológie/3D tlač/Vlákna","0","nie","","0","6922572219090"
"63550","092270","Filament eSun PLA+ 1.75mm 1kg (olive green)","eSun","Kreatívne technológie/3D tlač/Vlákna","0","nie","","0","6922572219250"
"63551","092271","Filament eSun PLA+ 1.75mm 1kg (bone white)","eSun","Kreatívne technológie/3D tlač/Vlákna","0","nie","","0","6922572219335"
"63552","092272","Filament eSun PLA+ 1.75mm 1kg (black)","eSun","Kreatívne technológie/3D tlač/Vlákna","0","nie","","0","6922572219021"
"63553","092273","Filament eSun PLA+ 1.75mm 1kg (red)","eSun","Kreatívne technológie/3D tlač/Vlákna","0","nie","","0","6922572219052"
"63554","092274","Filament eSun PLA+ 1.75mm 1kg (yellow)","eSun","Kreatívne technológie/3D tlač/Vlákna","0","nie","","0","6922572219069"
"63555","092275","Filament eSun PLA+ 1.75mm 1kg (grey)","eSun","Kreatívne technológie/3D tlač/Vlákna","0","nie","","0","6922572219120"
"63556","092276","Filament eSun PLA+ 1.75mm 1kg (mustard green)","eSun","Kreatívne technológie/3D tlač/Vlákna","0","nie","","0","6922572215870"
"63557","092277","Filament eSun PLA+ 1.75mm 1kg (gold)","eSun","Kreatívne technológie/3D tlač/Vlákna","0","nie","","0","6922572219151"
"63558","092278","Filament eSun PLA+ 1.75mm 1kg (blue)","eSun","Kreatívne technológie/3D tlač/Vlákna","0","nie","","0","6922572219045"
"63559","092279","Filament eSun PLA+ 1.75mm 1kg (cold white)","eSun","Kreatívne technológie/3D tlač/Vlákna","0","nie","","0","6922572219229"
"63560","092280","Filament eSun PLA+ 1.75mm 1kg (green)","eSun","Kreatívne technológie/3D tlač/Vlákna","0","nie","","0","6922572219076"
"63561","092281","Filament eSun PLA+ 1.75mm 1kg (beige)","eSun","Kreatívne technológie/3D tlač/Vlákna","0","nie","","0","6922572200265"
"63562","092282","Filament eSun PLA+ 1.75mm 1kg (green)","eSun","Kreatívne technológie/3D tlač/Vlákna","0","nie","","0","6922572219106"
"63563","092283","Filament eSun PLA+ 1.75mm 1kg (light blue)","eSun","Kreatívne technológie/3D tlač/Vlákna","0","nie","","0","6922572219137"
"63564","092284","Filament eSun PLA+ 1.75mm 1kg (light brown)","eSun","Kreatívne technológie/3D tlač/Vlákna","0","nie","","0","6922572219243"
"63565","092285","Filament eSun PLA+ 1.75mm 1kg (space blue)","eSun","Kreatívne technológie/3D tlač/Vlákna","0","nie","","0","6922572202641"
"63566","092286","Filament eSun PLA+ 1.75mm 1kg (dark blue)","eSun","Kreatívne technológie/3D tlač/Vlákna","0","nie","","0","6922572219366"
"63567","092287","Filament eSun PLA+ 1.75mm 1kg (pine green)","eSun","Kreatívne technológie/3D tlač/Vlákna","0","nie","","0","6922572219175"
"63568","092288","Filament eSun PLA+ 1.75mm 1kg (magenta)","eSun","Kreatívne technológie/3D tlač/Vlákna","0","nie","","0","6922572219168"
"63569","092289","Filament eSun PLA+ 1.75mm 1kg (haze blue)","eSun","Kreatívne technológie/3D tlač/Vlákna","0","nie","","0","6922572215849"
"63570","092290","Filament eSun PLA+ 1.75mm 1kg (red)","eSun","Kreatívne technológie/3D tlač/Vlákna","0","nie","","0","6922572219236"
"63571","092291","Filament eSun PLA+ 1.75mm 1kg (jade green)","eSun","Kreatívne technológie/3D tlač/Vlákna","0","nie","","0","6922572215856"
"63572","092292","Filament eSun PLA+ 1.75mm 1kg (holly green)","eSun","Kreatívne technológie/3D tlač/Vlákna","0","nie","","0","6922572215863"
"63573","092293","Filament eSun PLA+ 1.75mm 1kg (silver)","eSun","Kreatívne technológie/3D tlač/Vlákna","0","nie","","0","6922572219113"
"63574","092294","Filament eSun PLA+ 1.75mm 1kg (very peri)","eSun","Kreatívne technológie/3D tlač/Vlákna","0","nie","","0","6922572201507"
"63575","092295","Filament eSun PLA+ 1.75mm 1kg (purple)","eSun","Kreatívne technológie/3D tlač/Vlákna","0","nie","","0","6922572219144"
"63576","092296","Filament eSun PLA+ 1.75mm 1kg (brown)","eSun","Kreatívne technológie/3D tlač/Vlákna","0","nie","","0","6922572219199"
"63577","092297","Filament eSun PLA+ 1.75mm 1kg (soft pink)","eSun","Kreatívne technológie/3D tlač/Vlákna","0","nie","","0","6922572224858"
"63578","092298","Filament eSun PLA+ 1.75mm 1kg (coral orange)","eSun","Kreatívne technológie/3D tlač/Vlákna","0","nie","","0","6922572216365"
"63579","092299","Filament eSun PLA+ 1.75mm 1kg (red)","eSun","Kreatívne technológie/3D tlač/Vlákna","0","nie","","0","6922572216389"
"63580","092300","Filament eSun PLA+ 1.75mm 1kg (blue)","eSun","Kreatívne technológie/3D tlač/Vlákna","0","nie","","0","6922572216396"
"63581","092301","Filament eSun PLA+ 1.75mm 1kg (RGB green)","eSun","Kreatívne technológie/3D tlač/Vlákna","0","nie","","0","6922572216402"
"63582","092302","Filament eSun PLA+ 1.75mm 1kg (mint green)","eSun","Kreatívne technológie/3D tlač/Vlákna","0","nie","","0","6922572216426"
"63583","092303","Filament eSun PLA+ 1.75mm 1kg (soft blue)","eSun","Kreatívne technológie/3D tlač/Vlákna","0","nie","","0","6922572224865"
"63584","092304","Filament eSun PLA+ 1.75mm 1kg (light khaki)","eSun","Kreatívne technológie/3D tlač/Vlákna","0","nie","","0","6922572216440"
"63585","092305","Filament eSun PLA+ 1.75mm 1kg (lilac)","eSun","Kreatívne technológie/3D tlač/Vlákna","0","nie","","0","6922572216457"
"63586","092306","Filament eSun PLA+ 1.75mm 1kg (matcha green)","eSun","Kreatívne technológie/3D tlač/Vlákna","0","nie","","0","6922572216464"
"63587","092307","Filament eSun PLA+ 1.75mm 1kg (peach pink)","eSun","Kreatívne technológie/3D tlač/Vlákna","0","nie","","0","6922572216471"
"63588","092308","Filament eSun PLA+ 1.75mm 1kg (milky white)","eSun","Kreatívne technológie/3D tlač/Vlákna","0","nie","","0","6922572216488"
"63589","092309","Filament eSun PLA+ 1.75mm 1kg (almond yellow)","eSun","Kreatívne technológie/3D tlač/Vlákna","0","nie","","0","6922572216495"
"63590","092310","Filament eSun PLA+ 1.75mm 1kg (apricot)","eSun","Kreatívne technológie/3D tlač/Vlákna","0","nie","","0","6922572216419"
"63591","092311","Filament eSun PLA+ 1.75mm 1kg (aqua)","eSun","Kreatívne technológie/3D tlač/Vlákna","0","nie","","0","6922572218796"
"63592","092312","Filament eSun PLA+ 1.75mm 1kg (brick red)","eSun","Kreatívne technológie/3D tlač/Vlákna","0","nie","","0","6922572222878"
"63593","092313","Filament eSun PLA+ 1.75mm 1kg (concrete grey)","eSun","Kreatívne technológie/3D tlač/Vlákna","0","nie","","0","6922572223318"
"63594","092314","Filament eSun PLA+ 1.75mm 1kg (light beige)","eSun","Kreatívne technológie/3D tlač/Vlákna","0","nie","","0","6922572225947"
"63595","092315","Filament eSun PLA-Clear 1.75mm (translucent light purple)","eSun","Kreatívne technológie/3D tlač/Vlákna","0","nie","","0","6922572218598"
"63596","092316","Filament eSun PLA-Clear 1.75mm 1kg (translucent aqua)","eSun","Kreatívne technológie/3D tlač/Vlákna","0","nie","","0","6922572218512"
"63597","092317","Filament eSun PLA-Clear 1.75mm 1kg (translucent blue)","eSun","Kreatívne technológie/3D tlač/Vlákna","0","nie","","0","6922572218604"
"63598","092318","Filament eSun PLA-Clear 1.75mm 1kg (translucent green)","eSun","Kreatívne technológie/3D tlač/Vlákna","0","nie","","0","6922572218581"
"63599","092319","Filament eSun PLA-Basic 1.75mm 1kg (white)","eSun","Kreatívne technológie/3D tlač/Vlákna","0","nie","","0","6922572210936"
"63600","092320","Filament eSun PLA-Basic 1.75mm 1kg (orange)","eSun","Kreatívne technológie/3D tlač/Vlákna","0","nie","","0","6922572211001"
"63601","092321","Filament eSun PLA-Basic 1.75mm 1kg (pink)","eSun","Kreatívne technológie/3D tlač/Vlákna","0","nie","","0","6922572211438"
"63602","092322","Filament eSun PLA-Basic 1.75mm 1kg (black)","eSun","Kreatívne technológie/3D tlač/Vlákna","0","nie","","0","6922572210929"
"63603","092323","Filament eSun PLA-Basic 1.75mm 1kg (grey)","eSun","Kreatívne technológie/3D tlač/Vlákna","0","nie","","0","6922572210950"
"63604","092324","Filament eSun PLA-Basic 1.75mm 1kg (blue)","eSun","Kreatívne technológie/3D tlač/Vlákna","0","nie","","0","6922572210974"
"63605","092325","Filament eSun PLA-Basic 1.75mm 1kg (cold white)","eSun","Kreatívne technológie/3D tlač/Vlákna","0","nie","","0","6922572210943"
"63606","092326","Filament eSun PLA-Basic 1.75mm 1kg (green)","eSun","Kreatívne technológie/3D tlač/Vlákna","0","nie","","0","6922572211414"
"63607","092327","Filament eSun PLA-Basic 1.75mm 1kg (light grey)","eSun","Kreatívne technológie/3D tlač/Vlákna","0","nie","","0","6922572210967"
"63608","092328","Filament eSun PLA-Basic 1.75mm 1kg (light blue)","eSun","Kreatívne technológie/3D tlač/Vlákna","0","nie","","0","6922572210981"
"63609","092329","Filament eSun PLA-Basic 1.75mm 1kg (red)","eSun","Kreatívne technológie/3D tlač/Vlákna","0","nie","","0","6922572210998"
"63610","092330","Filament eSun PLA-Basic 1.75mm 1kg (silver)","eSun","Kreatívne technológie/3D tlač/Vlákna","0","nie","","0","6922572211445"
"63611","092331","Filament eSun PLA-Basic 1.75mm 1kg (purple)","eSun","Kreatívne technológie/3D tlač/Vlákna","0","nie","","0","6922572211421"
"63612","092332","Filament eSun PLA-Basic 1.75mm 1kg (beige)","eSun","Kreatívne technológie/3D tlač/Vlákna","0","nie","","0","6922572216358"
"63613","092333","Filament eSun PLA-Basic 1.75mm 1kg (bone white)","eSun","Kreatívne technológie/3D tlač/Vlákna","0","nie","","0","6922572218499"
"63614","092334","Filament eSun PLA-Basic 1.75mm 1kg (grape purple)","eSun","Kreatívne technológie/3D tlač/Vlákna","0","nie","","0","6922572220362"
"63615","092335","Filament eSun PLA-Basic 1.75mm 1kg (yellow)","eSun","Kreatívne technológie/3D tlač/Vlákna","0","nie","","0","6922572220379"
"63616","092336","Filament eSun PLA-Basic 1.75mm 1kg (sky blue)","eSun","Kreatívne technológie/3D tlač/Vlákna","0","nie","","0","6922572221635"
"63617","092337","Filament eSun PLA-Basic 1.75mm 1kg (dark blue)","eSun","Kreatívne technológie/3D tlač/Vlákna","0","nie","","0","6922572221642"
"63618","092338","Filament eSun PLA-Basic 1.75mm 1kg (brown)","eSun","Kreatívne technológie/3D tlač/Vlákna","0","nie","","0","6922572221659"
"63619","092339","Filament eSun PLA-Basic 1.75mm 1kg (barbie pink)","eSun","Kreatívne technológie/3D tlač/Vlákna","0","nie","","0","6922572221666"
"63620","092340","Filament eSun PLA-Basic 1.75mm 1kg (red)","eSun","Kreatívne technológie/3D tlač/Vlákna","0","nie","","0","6922572221673"
"63621","092341","Filament eSun PLA-Basic 1.75mm 1kg (peak green)","eSun","Kreatívne technológie/3D tlač/Vlákna","0","nie","","0","6922572221680"
"63622","092342","Filament eSun PLA-Basic 1.75mm 1kg (holly green)","eSun","Kreatívne technológie/3D tlač/Vlákna","0","nie","","0","6922572221697"
"63623","092343","Filament eSun PLA-Basic 1.75mm 1kg (olive green)","eSun","Kreatívne technológie/3D tlač/Vlákna","0","nie","","0","6922572221703"
"63624","092344","Filament eSun PLA-Basic 1.75mm 1kg (concrete grey)","eSun","Kreatívne technológie/3D tlač/Vlákna","0","nie","","0","6922572223295"
"63625","092345","Filament eSun PLA-Basic 1.75mm 1kg (aqua)","eSun","Kreatívne technológie/3D tlač/Vlákna","0","nie","","0","6922572224728"
"63626","092346","Filament eSun PLA-Basic 1.75mm 1kg (red)","eSun","Kreatívne technológie/3D tlač/Vlákna","0","nie","","0","6922572224735"
"63627","092347","Filament eSun PLA-Luminous 1.75mm (orange)","eSun","Kreatívne technológie/3D tlač/Vlákna","0","nie","","0","6922572204461"
"63628","092348","Filament eSun PLA-Luminous 1.75mm (blue)","eSun","Kreatívne technológie/3D tlač/Vlákna","0","nie","","0","6922572204447"
"63629","092349","Filament eSun PLA-Luminous 1.75mm (purple)","eSun","Kreatívne technológie/3D tlač/Vlákna","0","nie","","0","6922572204478"
"63630","092350","Filament eSun PLA-Luminous 1.75mm 1kg (blue)","eSun","Kreatívne technológie/3D tlač/Vlákna","0","nie","","0","6922572219458"
"63631","092351","Filament eSun PLA-Luminous 1.75mm 1kg (luminous green)","eSun","Kreatívne technológie/3D tlač/Vlákna","0","nie","","0","6922572219441"
"63632","092352","Filament eSun PLA-Silk 1.75mm 1kg (white)","eSun","Kreatívne technológie/3D tlač/Vlákna","0","nie","","0","6922572204157"
"63633","092353","Filament eSun PLA-Silk 1.75mm 1kg (pink)","eSun","Kreatívne technológie/3D tlač/Vlákna","0","nie","","0","6922572204201"
"63634","092354","Filament eSun PLA-Silk 1.75mm 1kg (red)","eSun","Kreatívne technológie/3D tlač/Vlákna","0","nie","","0","6922572204188"
"63635","092355","Filament eSun PLA-Silk 1.75mm 1kg (copper)","eSun","Kreatívne technológie/3D tlač/Vlákna","0","nie","","0","6922572204287"
"63636","092356","Filament eSun PLA-Silk 1.75mm 1kg (gold)","eSun","Kreatívne technológie/3D tlač/Vlákna","0","nie","","0","6922572204263"
"63637","092357","Filament eSun PLA-Silk 1.75mm 1kg (blue)","eSun","Kreatívne technológie/3D tlač/Vlákna","0","nie","","0","6922572204195"
"63638","092358","Filament eSun PLA-Silk 1.75mm 1kg (green)","eSun","Kreatívne technológie/3D tlač/Vlákna","0","nie","","0","6922572204164"
"63639","092359","Filament eSun PLA-Silk 1.75mm 1kg (rose gold)","eSun","Kreatívne technológie/3D tlač/Vlákna","0","nie","","0","6922572204294"
"63640","092360","Filament eSun PLA-Silk 1.75mm 1kg (cyan)","eSun","Kreatívne technológie/3D tlač/Vlákna","0","nie","","0","6922572204096"
"63641","092361","Filament eSun PLA-Silk 1.75mm 1kg (bronze)","eSun","Kreatívne technológie/3D tlač/Vlákna","0","nie","","0","6922572204300"
"63642","092362","Filament eSun PLA-Silk 1.75mm 1kg (silver)","eSun","Kreatívne technológie/3D tlač/Vlákna","0","nie","","0","6922572204270"
"63643","092363","Filament eSun PLA-Silk 1.75mm 1kg (purple)","eSun","Kreatívne technológie/3D tlač/Vlákna","0","nie","","0","6922572204171"
"63644","092364","Filament eSun PLA-Silk 1.75mm 1kg (aqua)","eSun","Kreatívne technológie/3D tlač/Vlákna","0","nie","","0","6922572220386"
"63645","092365","Filament eSun PLA-Silk 1.75mm 1kg (orange)","eSun","Kreatívne technológie/3D tlač/Vlákna","0","nie","","0","6922572223981"
"63646","092366","Filament eSun PLA-Silk 1.75mm 1kg (grey)","eSun","Kreatívne technológie/3D tlač/Vlákna","0","nie","","0","6922572224001"
"63647","092367","Filament eSun PLA-Silk 1.75mm 1kg (black)","eSun","Kreatívne technológie/3D tlač/Vlákna","0","nie","","0","6922572225770"
"63648","092368","Filament eSun PLA-Silk Rainbow 1.75mm (huaguo mountain)","eSun","Kreatívne technológie/3D tlač/Vlákna","0","nie","","0","6922572218215"
"63649","092369","Filament eSun PLA-Silk Rainbow 1.75mm 1kg (moon palace)","eSun","Kreatívne technológie/3D tlač/Vlákna","0","nie","","0","6922572218222"
"63650","092370","Filament eSun PLA-Silk Rainbow 1.75mm (flaming mountain)","eSun","Kreatívne technológie/3D tlač/Vlákna","0","nie","","0","6922572218239"
"63651","092371","Filament eSun PLA-Silk Rainbow 1.75mm 1kg (jade pool)","eSun","Kreatívne technológie/3D tlač/Vlákna","0","nie","","0","6922572218246"
"63652","092372","Filament eSun PLA-Silk Rainbow 1.75mm (dragon palace)","eSun","Kreatívne technológie/3D tlač/Vlákna","0","nie","","0","6922572218253"
"63653","092373","Filament eSun PLA-Silk Rainbow 1.75mm 1kg (universe)","eSun","Kreatívne technológie/3D tlač/Vlákna","0","nie","","0","6922572207127"
"63654","092374","Filament eSun PLA-Silk 1.75mm 1kg (rainbow)","eSun","Kreatívne technológie/3D tlač/Vlákna","0","nie","","0","6922572204317"
"63655","092375","Filament eSun PLA-Silk 1.75mm 1kg (rainbow)","eSun","Kreatívne technológie/3D tlač/Vlákna","0","nie","","0","6922572218666"
"63656","092376","Filament eSun PLA-Silk 1.75mm 1kg (rainbow c)","eSun","Kreatívne technológie/3D tlač/Vlákna","0","nie","","0","6922572218482"
"63657","092377","Filament eSun PLA-Silk Rainbow 1.75mm (morning glow)","eSun","Kreatívne technológie/3D tlač/Vlákna","0","nie","","0","6922572205611"
"63658","092378","Filament eSun PLA-Silk Rainbow 1.75mm (scorching sun)","eSun","Kreatívne technológie/3D tlač/Vlákna","0","nie","","0","6922572205604"
"63659","092379","Filament eSun PLA-Silk Rainbow 1.75mm 1kg (forest)","eSun","Kreatívne technológie/3D tlač/Vlákna","0","nie","","0","6922572207110"
"63660","092380","Filament eSun PLA-Silk Rainbow 1.75mm 1kg (coral)","eSun","Kreatívne technológie/3D tlač/Vlákna","0","nie","","0","6922572207134"
"63661","092381","Filament eSun PLA-Silk Magic 1.75mm 1kg (black-red)","eSun","Kreatívne technológie/3D tlač/Vlákna","0","nie","","0","6922572205260"
"63662","092382","Filament eSun PLA-Silk Magic 1.75mm 1kg (black gold)","eSun","Kreatívne technológie/3D tlač/Vlákna","0","nie","","0","6922572205253"
"63663","092383","Filament eSun PLA-Silk Magic 1.75mm 1kg (black-green)","eSun","Kreatívne technológie/3D tlač/Vlákna","0","nie","","0","6922572205277"
"63664","092384","Filament eSun PLA-Silk Magic 1.75mm 1kg (black-purple)","eSun","Kreatívne technológie/3D tlač/Vlákna","0","nie","","0","6922572205321"
"63665","092385","Filament eSun PLA-Silk Magic 1.75mm 1kg (black silver)","eSun","Kreatívne technológie/3D tlač/Vlákna","0","nie","","0","6922572221710"
"63666","092386","Filament eSun PLA-Silk Magic 1.75mm 1kg (red gold)","eSun","Kreatívne technológie/3D tlač/Vlákna","0","nie","","0","6922572205284"
"63667","092387","Filament eSun PLA-Silk Magic 1.75mm 1kg (blue-green)","eSun","Kreatívne technológie/3D tlač/Vlákna","0","nie","","0","6922572202412"
"63668","092388","Filament eSun PLA-Silk Magic 1.75mm 1kg (silver blue)","eSun","Kreatívne technológie/3D tlač/Vlákna","0","nie","","0","6922572205314"
"63669","092389","Filament eSun PLA-Silk Magic 1.75mm 1kg (purple gold)","eSun","Kreatívne technológie/3D tlač/Vlákna","0","nie","","0","6922572205291"
"63670","092390","Filament eSun PLA-Silk Magic 1.75mm 1kg (red-blue)","eSun","Kreatívne technológie/3D tlač/Vlákna","0","nie","","0","6922572202436"
"63671","092391","Filament eSun PLA-Silk Magic 1.75mm 1kg (gold-silver)","eSun","Kreatívne technológie/3D tlač/Vlákna","0","nie","","0","6922572202429"
"63672","092392","Filament eSun PLA-Silk Magic 1.75mm 1kg (gold green)","eSun","Kreatívne technológie/3D tlač/Vlákna","0","nie","","0","6922572221727"
"63673","092393","Filament eSun PLA-Silk Magic 1.75mm 1kg (black-pink)","eSun","Kreatívne technológie/3D tlač/Vlákna","0","nie","","0","6922572221734"
"63674","092394","Filament eSun PLA-Silk Magic 1.75mm 1kg (purple-silver)","eSun","Kreatívne technológie/3D tlač/Vlákna","0","nie","","0","6922572221741"
"64448","091857","Vozík FOSSIBOT pre model F2400","FOSSIBOT","Energia/Elektrické stanice/Príslušenstvo","0","nie","","0","6942580505022"
"64484","093464","Solar panel Allpowers SP027 100W monocrystalline","Allpowers","Energia/Fotovoltaické panely/Fotovoltaické panely","0","nie","","0","6975274260235"
"64485","093465","Solar panel ALLPOWERS SF200 200W flexible","Allpowers","Energia/Fotovoltaické panely/Fotovoltaické panely","0","nie","","0","6975274260402"
"64486","093466","Solar panel Allpowers SF100 100W flexible","Allpowers","Energia/Fotovoltaické panely/Fotovoltaické panely","0","nie","","0","6975274260396"
"64487","093467","Solar panel Allpowers SOLAX SE100 100W","Allpowers","Energia/Fotovoltaické panely/Fotovoltaické panely","0","nie","","0","6975274261072"
"64488","093468","Solar panel Allpowers SOLAX SE200 200W","Allpowers","Energia/Fotovoltaické panely/Fotovoltaické panely","0","nie","","0","6975274261133"
"64489","093469","Solar panel Allpowers SP037 400W portable","Allpowers","Energia/Fotovoltaické panely/Fotovoltaické panely","0","nie","","0","6975274260266"
"64490","093470","Solar panel Allpowers SP039 600W portable","Allpowers","Energia/Fotovoltaické panely/Fotovoltaické panely","0","nie","","0","6975274260457"
"64491","093471","Power station Allpowers SOLAX P100","Allpowers","Energia/Elektrické stanice/Elektrické stanice","0","nie","","0","6975274261027"
"64492","093472","Solar panel Allpowers SP033 200W foldable","Allpowers","Energia/Fotovoltaické panely/Fotovoltaické panely","0","nie","","0","6975274260242"
"64493","093473","Power station Allpowers S2000 Pro","Allpowers","Energia/Elektrické stanice/Elektrické stanice","0","nie","","0","6975274260174"
"64494","093474","Power station Allpowers VOLIX P300","Allpowers","Energia/Elektrické stanice/Elektrické stanice","0","nie","","0","6975274261065"
"64495","093475","Power station Allpowers R4000","Allpowers","Energia/Elektrické stanice/Elektrické stanice","0","nie","","0","6975274260198"
"64496","093476","Power station ALLPOWERS R1500 LITE","Allpowers","Energia/Elektrické stanice/Elektrické stanice","0","nie","","0","6975274260877"
"64497","093477","Power station ALLPOWERS R2500 V2","Allpowers","Energia/Elektrické stanice/Elektrické stanice","0","nie","","0","6975274260341"
"64498","093478","Power station Allpowers R600 299Wh","Allpowers","Energia/Elektrické stanice/Elektrické stanice","0","nie","","0","6975274260419"
"64499","093479","Power bank Allpowers S200 200W","Allpowers","Energia/Powerbanky","0","nie","","0","6975274260136"
"64500","093480","Cable Allpowers XT60 1.5m","Allpowers","Energia/Fotovoltaické panely/Príslušenstvo","0","nie","","0","6975274260525"
"64501","093481","Solar connector ALLPOWERS type T for parallel connection","Allpowers","Energia/Fotovoltaické panely/Príslušenstvo","0","nie","","0","6975274260570"
"64502","093482","Solar connector Allpowers type Y","Allpowers","Energia/Fotovoltaické panely/Príslušenstvo","0","nie","","0","6975274260563"
"64503","093483","Cable Allpowers XT60 car charger","Allpowers","Energia/Elektrické stanice/Príslušenstvo","0","nie","","0","6975274260532"
"64529","093584","SMALLRIG VB99 SE Mini V-Mount batéria","SMALLRIG","Foto a video/Príslušenstvo/Pre fotoaparáty a videokamery","0","nie","","0","6941590016603"
"64531","093585","Nabíjačka batérií SMALLRIG NP-F970","SMALLRIG","Foto a video/Príslušenstvo/Pre fotoaparáty a videokamery","0","nie","","0","6941590008301"
"64533","093586","Batéria do fotoaparátu SMALLRIG NP-FZ100","SMALLRIG","Foto a video/Príslušenstvo/Pre fotoaparáty a videokamery","0","nie","","0","6941590025643"
"64535","093587","Batéria do kamery SMALLRIG E6P-C26 (oranžová)","SMALLRIG","Foto a video/Príslušenstvo/Pre fotoaparáty a videokamery","0","nie","","0","6941590024042"
"64537","093588","Batéria do fotoaparátu SMALLRIG NP-F970 (čierna)","SMALLRIG","Foto a video/Príslušenstvo/Pre fotoaparáty a videokamery","0","nie","","0","6941590015750"
"64539","093589","Batéria do kamery SMALLRIG DMW-BLK22","SMALLRIG","Foto a video/Príslušenstvo/Pre fotoaparáty a videokamery","0","nie","","0","6941590025728"
"64541","093590","Batéria do fotoaparátu SMALLRIG NP-FZ100 (oranžová)","SMALLRIG","Foto a video/Príslušenstvo/Pre fotoaparáty a videokamery","0","nie","","0","6941590019154"
"64543","093591","Batéria do kamery SMALLRIG DMW-BLK22 (oranžová)","SMALLRIG","Foto a video/Príslušenstvo/Pre fotoaparáty a videokamery","0","nie","","0","6941590019109"
"64545","093592","Bezdrôtový mikrofón SMALLRIG S 70","SMALLRIG","Audio/Mikrofóny/Ostatné","0","nie","","0","6941590026213"
"64547","093593","Powerbanka SMALLRIG X99","SMALLRIG","Energia/Powerbanky","0","nie","","0","6941590022703"
"64549","093594","Batéria s konektorom V-Mount SMALLRIG VB99 Pro mini","SMALLRIG","Foto a video/Príslušenstvo/Pre fotoaparáty a videokamery","0","nie","","0","6941590014173"
"64551","093595","Nabíjačka batérií SMALLRIG NP-F970","SMALLRIG","Foto a video/Príslušenstvo/Pre fotoaparáty a videokamery","0","nie","","0","6941590018805"
"64552","093596","Batéria V-Mount SMALLRIG VB50 mini","SMALLRIG","Foto a video/Príslušenstvo/Pre fotoaparáty a videokamery","0","nie","","0","6941590018386"
"64553","093597","Nabíjačka batérií SMALLRIG LP-E6NH","SMALLRIG","Foto a video/Príslušenstvo/Pre fotoaparáty a videokamery","0","nie","","0","6941590008288"
"64554","093598","Batéria do fotoaparátu SMALLRIG NP-F970 (zelená)","SMALLRIG","Foto a video/Príslušenstvo/Pre fotoaparáty a videokamery","0","nie","","0","6941590016023"
"64555","093599","Batéria do fotoaparátu SMALLRIG EN-EL15c (oranžová)","SMALLRIG","Foto a video/Príslušenstvo/Pre fotoaparáty a videokamery","0","nie","","0","6941590019123"
"64612","093601","Držiak na telefón SMALLRIG 4382 s upínacím držiakom „Cold Shoe“","SMALLRIG","Foto a video/Selfie tyče / statívy / držiaky/Postroje, upevňovacie prvky a držiaky","0","nie","","0","6941590014593"
"64613","093603","LED videolampa SMALLRIG RF 10C","SMALLRIG","Foto a video/Fotoateliér/Svietidlá","0","nie","","0","6941590016610"
"64614","093604","Držiak na monitor SMALLRIG 2905B","SMALLRIG","Foto a video/Selfie tyče / statívy / držiaky/Postroje, upevňovacie prvky a držiaky","0","nie","","0","6941590008738"
"64615","093605","Súprava SMALLRIG Magic Arm s krabovou svorkou na upevnenie kamery","SMALLRIG","Foto a video/Selfie tyče / statívy / držiaky/Postroje, upevňovacie prvky a držiaky","0","nie","","0","6941590017389"
"64616","093606","LED svietidlo SMALLRIG RM 03 Macro","SMALLRIG","Foto a video/Fotoateliér/Svietidlá","0","nie","","0","6941590024233"
"64617","093607","Mini statív SMALLRIG VT-20 z hliníka","SMALLRIG","Foto a video/Selfie tyče / statívy / držiaky/Statívy","0","nie","","0","6941590015095"
"64618","093608","LED štúdiové osvetlenie SMALLRIG RC 220B 220 W","SMALLRIG","Foto a video/Fotoateliér/Svietidlá","0","nie","","0","6941590017945"
"64619","093609","Náhradná batéria SMALLRIG NP-FZ100","SMALLRIG","Foto a video/Príslušenstvo/Pre fotoaparáty a videokamery","0","nie","","0","6941590014920"
"64620","093610","Softbox SMALLRIG RA-D60 60 cm","SMALLRIG","Foto a video/Fotoateliér/Softboxy","0","nie","","0","6941590016191"
"64621","093611","Držiak na monitor SMALLRIG 2903B","SMALLRIG","Foto a video/Selfie tyče / statívy / držiaky/Postroje, upevňovacie prvky a držiaky","0","nie","","0","6941590030838"
"64622","093612","Softbox SMALLRIG LA-O90 90 cm","SMALLRIG","Foto a video/Fotoateliér/Softboxy","0","nie","","0","6941590016160"
"64623","093613","Batériová doska SMALLRIG 3016 V-Mount 15 mm","SMALLRIG","Foto a video/Príslušenstvo/Pre fotoaparáty a videokamery","0","nie","","0","6941590003634"
"64624","093614","LED videolampa SMALLRIG RF 05B Zoom","SMALLRIG","Foto a video/Fotoateliér/Svietidlá","0","nie","","0","6941590028712"
"64625","093616","Držiak kamery SMALLRIG Magic Arm 2066B","SMALLRIG","Foto a video/Selfie tyče / statívy / držiaky/Postroje, upevňovacie prvky a držiaky","0","nie","","0","6941590001791"
"64626","093617","LED videolampa SMALLRIG Vibe P108 Pro","SMALLRIG","Foto a video/Fotoateliér/Svietidlá","0","nie","","0","6941590016917"
"64627","093618","Parabolický softbox SMALLRIG RA-D85 85 cm","SMALLRIG","Foto a video/Fotoateliér/Softboxy","0","nie","","0","6941590007632"
"64628","093619","Hliníkový statív SMALLRIG CT-10","SMALLRIG","Foto a video/Selfie tyče / statívy / držiaky/Statívy","0","nie","","0","6941590008899"
"64629","093620","Svetelný statív SMALLRIG RA-S280, 280 cm, s vzduchovým odpružením","SMALLRIG","Foto a video/Selfie tyče / statívy / držiaky/Statívy","0","nie","","0","6941590007410"
"64630","093621","Klietka na kameru SMALLRIG 2918","SMALLRIG","Foto a video/Selfie tyče / statívy / držiaky/Postroje, upevňovacie prvky a držiaky","0","nie","","0","6941590002958"
"64631","093622","Držiak SMALLRIG 5123","SMALLRIG","Foto a video/Selfie tyče / statívy / držiaky/Postroje, upevňovacie prvky a držiaky","0","nie","","0","6941590021539"
"64632","093623","Stativ SMALLRIG AD-80","SMALLRIG","Foto a video/Selfie tyče / statívy / držiaky/Statívy","0","nie","","0","6941590013381"
"64633","093624","Klietka na fotoaparát SMALLRIG pre Canon R6 MkII","SMALLRIG","Foto a video/Príslušenstvo/Pre fotoaparáty a videokamery","0","nie","","0","6941590013763"
"64634","093626","Softbox SMALLRIG RA-D55 55 cm","SMALLRIG","Foto a video/Fotoateliér/Softboxy","0","nie","","0","6941590007625"
"64635","093615","Klietka na kameru SMALLRIG 4183B pre Sony FX3/FX30","SMALLRIG","Foto a video/Príslušenstvo/Pre fotoaparáty a videokamery","0","nie","","0","6941590020990"
"64636","093627","Klietka na fotoaparát SMALLRIG pre Sony A6700","SMALLRIG","Foto a video/Príslušenstvo/Pre fotoaparáty a videokamery","0","nie","","0","6941590013862"
"64637","093628","Svetelný statív SMALLRIG RA-S280A s ramenom 280 cm","SMALLRIG","Foto a video/Selfie tyče / statívy / držiaky/Statívy","0","nie","","0","6941590007427"
"64638","093629","Univerzálny vozík na statív SMALLRIG 3986","SMALLRIG","Foto a video/Selfie tyče / statívy / držiaky/Statívy","0","nie","","0","6941590009643"
"64639","093630","Držiak SMALLRIG 5448","SMALLRIG","Foto a video/Selfie tyče / statívy / držiaky/Postroje, upevňovacie prvky a držiaky","0","nie","","0","6941590024349"
"64640","093631","Stativ SMALLRIG AD-Pro8 s hlavou s olejovým tlmením","SMALLRIG","Foto a video/Selfie tyče / statívy / držiaky/Statívy","0","nie","","0","6941590021362"
"64641","093632","SMALLRIG RC 100B 100 W LED štúdiové osvetlenie","SMALLRIG","Foto a video/Fotoateliér/Svietidlá","0","nie","","0","6941590018058"
"64642","093633","Sada makro LED svetiel SMALLRIG RM 03 (2 ks)","SMALLRIG","Hry/Osvetlenie","0","nie","","0","6941590027159"
"64643","093634","SMALLRIG RC 60B 60 W LED štúdiové osvetlenie","SMALLRIG","Foto a video/Fotoateliér/Svietidlá","0","nie","","0","6941590026633"
"64644","093635","SMALLRIG CT25 – stativ na zavesenie nad hlavou","SMALLRIG","Foto a video/Selfie tyče / statívy / držiaky/Statívy","0","nie","","0","6941590023137"
"64645","093636","SMALLRIG 5227 – doska na batérie s uchytením typu V-Mount","SMALLRIG","Foto a video/Príslušenstvo/Pre fotoaparáty a videokamery","0","nie","","0","6941590024752"
"64646","093637","Klietka na fotoaparát SMALLRIG pre Sony A7III/A7RIII","SMALLRIG","Foto a video/Príslušenstvo/Pre fotoaparáty a videokamery","0","nie","","0","6941590012810"
"64647","093638","Držiak na monitor SMALLRIG 3026B","SMALLRIG","Foto a video/Selfie tyče / statívy / držiaky/Postroje, upevňovacie prvky a držiaky","0","nie","","0","6941590012506"
"64648","093639","SMALLRIG 3764 – montáž zhora","SMALLRIG","Foto a video/Selfie tyče / statívy / držiaky/Postroje, upevňovacie prvky a držiaky","0","nie","","0","6941590008431"
"64649","093640","Softbox SMALLRIG RA-D120 120 cm","SMALLRIG","Foto a video/Fotoateliér/Softboxy","0","nie","","0","6941590011806"
"64650","093641","Kruhový držiak SMALLRIG pre DJI RS","SMALLRIG","Foto a video/Príslušenstvo/Pre stabilizátory","0","nie","","0","6941590017570"
"64651","093642","Súprava batériových dosiek SMALLRIG 4064B V-Mount","SMALLRIG","Foto a video/Príslušenstvo/Pre fotoaparáty a videokamery","0","nie","","0","6941590015132"
"64652","093643","Držiak na tablet SMALLRIG 2930","SMALLRIG","Príslušenstvo GSM/Selfie tyče / statívy / stojany/Podložky a stojany","0","nie","","0","6941590003580"
"64653","093644","Videostativ SMALLRIG 5474","SMALLRIG","Foto a video/Selfie tyče / statívy / držiaky/Statívy","0","nie","","0","6941590024967"
"64654","093645","Kryt kamery SMALLRIG Sony ZV-E10 Grip","SMALLRIG","Foto a video/Selfie tyče / statívy / držiaky/Postroje, upevňovacie prvky a držiaky","0","nie","","0","6941590010021"
"64655","093646","Hydraulický statív SMALLRIG TRIBEX SE","SMALLRIG","Foto a video/Selfie tyče / statívy / držiaky/Statívy","0","nie","","0","6941590024288"
"64656","093647","Stativ SMALLRIG TRIBEX Carbon II z uhlíkových vlákien","SMALLRIG","Foto a video/Selfie tyče / statívy / držiaky/Statívy","0","nie","","0","6941590026701"
"64657","093648","Držiak na telefón SMALLRIG 5156 s uchytením typu „cold shoe“","SMALLRIG","Foto a video/Selfie tyče / statívy / držiaky/Postroje, upevňovacie prvky a držiaky","0","nie","","0","6941590021867"
"64658","093649","Kryt pre kameru SMALLRIG OSMO Action 6","SMALLRIG","Foto a video/Príslušenstvo/Pre športové kamery","0","nie","","0","6941590028101"
"64659","093650","Držiak na monitor SMALLRIG 5337 DJI RS","SMALLRIG","Foto a video/Príslušenstvo/Pre stabilizátory","0","nie","","0","6941590022567"
"64660","093651","Kryt pre kameru SMALLRIG Osmo Action 5 Pro","SMALLRIG","Foto a video/Príslušenstvo/Pre športové kamery","0","nie","","0","6941590021607"
"64661","093652","Filter SMALLRIG CPL 67 mm","SMALLRIG","Foto a video/Filtre/Pre zrkadlovky","0","nie","","0","6941590016344"
"64662","093653","Držiak na telefón SMALLRIG 5338 Arca-Standard","SMALLRIG","Príslušenstvo GSM/Selfie tyče / statívy / stojany/Podložky a stojany","0","nie","","0","6941590022574"
"64663","093654","Súprava ND filtrov SMALLRIG pre Osmo Action 5 Pro/4","SMALLRIG","Foto a video/Filtre/Pre športové kamery","0","nie","","0","6941590024097"
"64664","093655","Puzdro SMALLRIG Basic pre DJI OSMO Action 6","SMALLRIG","Foto a video/Príslušenstvo/Pre športové kamery","0","nie","","0","6941590028088"
"64665","093656","Upevňovacia doska SMALLRIG NATO Rail pre DJI Ronin-S/SC","SMALLRIG","Foto a video/Príslušenstvo/Pre stabilizátory","0","nie","","0","6941590003207"
"64666","093657","Držiak na telefón SMALLRIG 4299B s rýchlouzáverom","SMALLRIG","Foto a video/Selfie tyče / statívy / držiaky/Postroje, upevňovacie prvky a držiaky","0","nie","","0","6941590017617"
"64667","093658","Držiak na telefón SMALLRIG 5339 Cold Shoe Arca-Std","SMALLRIG","Foto a video/Selfie tyče / statívy / držiaky/Postroje, upevňovacie prvky a držiaky","0","nie","","0","6941590022581"
"64668","093659","UV filter SMALLRIG pre DJI Osmo Pocket 4/3","SMALLRIG","Foto a video/Filtre/Pre športové kamery","0","nie","","0","6941590027388"
"64669","093660","Držiak na telefón SMALLRIG 4611 typu Arca","SMALLRIG","Foto a video/Selfie tyče / statívy / držiaky/Postroje, upevňovacie prvky a držiaky","0","nie","","0","6941590016788"
"64681","093068","DJI Care Refresh pre DJI Osmo Pocket 4P (ročný balík)","DJI","Drony/Priemyselné drony/Drony","0","nie","","0","6937224153035"
"64682","093069","DJI Care Refresh pre DJI Osmo Pocket 4P (2-ročný balík)","DJI","Drony/Priemyselné drony/Drony","0","nie","","0","6937224153097"
"64962","094048","Prenosná nabíjačka pre elektromobily dé 22 kW s 7 m káblom","dé","Príslušenstvo pre automobily/Káble a nabíjačky pre elektromobily","0","nie","","0","6975828005169"
"64964","094050","Prenosná nabíjačka pre elektromobily dé 22 kW s káblom 15 m","dé","Príslušenstvo pre automobily/Káble a nabíjačky pre elektromobily","0","nie","","0","6975828005183"
"64966","094052","Nabíjacia stanica Wallbox dé  11 kW s 5 m káblom","dé","Príslušenstvo pre automobily/Káble a nabíjačky pre elektromobily","0","nie","","0","6975828005206"
"65021","092888","Dávkovač potravín Rojeco PTD001 IQ Training","Rojeco","Zvieratá/Dávkovače krmiva / misky","0","nie","","0","6975116296170"
"65022","092889","Automatický dávkovač krmiva a vody pre domáce zvieratá Rojeco 2 v 1 C","Rojeco","Zvieratá/Dávkovače krmiva / misky","0","nie","","0","6975116296408"
"65139","094332","Mouse pad ATTACK SHARK CM02 (dark gray)","Attack Shark","Hry/Podložky pod myš","0","nie","","0","6972792472454"
"65140","094333","Mouse pad ATTACK SHARK CM02 (white contour)","Attack Shark","Hry/Podložky pod myš","0","nie","","0","6972792472447"
"65141","094334","Mechanical keyboard ATTACK SHARK K75 (Translucent White)","Attack Shark","Hry/Klávesnice /Káblové","0","nie","","0","6972792470351"
"65142","094335","Headphones ATTACK SHARK L30PRO (white)","Attack Shark","Audio/Slúchadlá/Bezdrôtové slúchadlá/Náhlavné slúchadlá","0","nie","","0","6979033730144"
"65143","094336","Headphones ATTACK SHARK L30PRO (black)","Attack Shark","Audio/Slúchadlá/Bezdrôtové slúchadlá/Náhlavné slúchadlá","0","nie","","0","6979033730205"
"65144","094337","Headphones ATTACK SHARK L30PRO (black and red)","Attack Shark","Audio/Slúchadlá/Bezdrôtové slúchadlá/Náhlavné slúchadlá","0","nie","","0","6979033730137"
"65145","094338","Headphones ATTACK SHARK L50PRO (white)","Attack Shark","Audio/Slúchadlá/Bezdrôtové slúchadlá/Náhlavné slúchadlá","0","nie","","0","6979033730519"
"65146","094339","Headset ATTACK SHARK L50PRO (black)","Attack Shark","Audio/Slúchadlá/Bezdrôtové slúchadlá/Náhlavné slúchadlá","0","nie","","0","6979033730502"
"65147","094340","Headphones ATTACK SHARK L80 PRO (black)","Attack Shark","Audio/Slúchadlá/Bezdrôtové slúchadlá/Náhlavné slúchadlá","0","nie","","0","6972792471983"
"65149","094341","Headphones ATTACK SHARK L80 PRO (white)","Attack Shark","Audio/Slúchadlá/Bezdrôtové slúchadlá/Náhlavné slúchadlá","0","nie","","0","6972792470610"
"65150","094342","Mechanical Keyboard ATTACK SHARK M36HE (white and black)","Attack Shark","Hry/Klávesnice /Káblové","0","nie","","0","6979033730359"
"65151","094343","Mechanical Keyboard ATTACK SHARK M36HE (white)","Attack Shark","Hry/Klávesnice /Káblové","0","nie","","0","6979033730342"
"65152","094344","Wireless Keyboard ATTACK SHARK M86 (white and gray)","Attack Shark","Hry/Klávesnice /Bezdrôtový","0","nie","","0","6972792470474"
"65153","094345","Keyboard ATTACK SHARK M86 (black and white)","Attack Shark","Hry/Klávesnice /Bezdrôtový","0","nie","","0","6972792471525"
"65155","094346","Wireless Keyboard ATTACK SHARK M87PROV2RGB (white)","Attack Shark","Hry/Klávesnice /Bezdrôtový","0","nie","","0","6972792471648"
"65156","094347","Computer mouse ATTACK SHARK R1 3-Mode (black)","Attack Shark","Hry/Myši /Bezdrôtový","0","nie","","0","6972792470191"
"65157","094348","Computer mouse ATTACK SHARK R11 ULTRA 3-Mode (phantom shark)","Attack Shark","Hry/Myši /Bezdrôtový","0","nie","","0","6972792472409"
"65158","094349","Computer mouse ATTACK SHARK R11 ULTRA (ink shade)","Attack Shark","Hry/Myši /Bezdrôtový","0","nie","","0","6972792472393"
"65159","094350","Computer mouse ATTACK SHARK R5 Ultra (black)","Attack Shark","Hry/Myši /Bezdrôtový","0","nie","","0","6972792470573"
"65160","094351","Computer mouse ATTACK SHARK R5 Ultra 3-Mode (white)","Attack Shark","Hry/Myši /Bezdrôtový","0","nie","","0","6972792470924"
"65161","094352","Computer mouse ATTACK SHARK R6 3-Mode (white)","Attack Shark","Hry/Myši /Bezdrôtový","0","nie","","0","6972792470412"
"65162","094353","Computer mouse ATTACK SHARK R6 (black)","Attack Shark","Hry/Myši /Bezdrôtový","0","nie","","0","6972792471204"
"65163","094354","Mechanical Keyboard ATTACK SHARK R68HE (black)","Attack Shark","Hry/Klávesnice /Káblové","0","nie","","0","6979033730304"
"65164","094355","Mechanical Keyboard ATTACK SHARK R68HE (black)","Attack Shark","Hry/Klávesnice /Káblové","0","nie","","0","6979033730298"
"65165","094356","Mechanical Keyboard ATTACK SHARK R82HE (black and white)","Attack Shark","Hry/Klávesnice /Káblové","0","nie","","0","6979033730212"
"65166","094357","Mechanical Keyboard ATTACK SHARK R82HE (white)","Attack Shark","Hry/Klávesnice /Káblové","0","nie","","0","6972792471990"
"65167","094358","Mechanical Keyboard ATTACK SHARK R82HE (black)","Attack Shark","Hry/Klávesnice /Káblové","0","nie","","0","6972792472003"
"65168","094359","Mechanical Keyboard ATTACK SHARK R85HE (white)","Attack Shark","Hry/Klávesnice /Káblové","0","nie","","0","6972792472546"
"65169","094360","Mechanical Keyboard ATTACK SHARK R85HE (black and green)","Attack Shark","Hry/Klávesnice /Káblové","0","nie","","0","6972792472539"
"65170","094361","Mechanical Keyboard ATTACK SHARK R85HE (black and white)","Attack Shark","Hry/Klávesnice /Káblové","0","nie","","0","6972792472553"
"65171","094362","Mechanical Keyboard ATTACK SHARK R85HE (white and black)","Attack Shark","Hry/Klávesnice /Káblové","0","nie","","0","6972792472522"
"65172","094363","Mechanical Keyboard ATTACK SHARK R98HE (black)","Attack Shark","Hry/Klávesnice /Káblové","0","nie","","0","6979033730663"
"65173","094364","Mechanical Keyboard ATTACK SHARK R98HE (white)","Attack Shark","Hry/Klávesnice /Káblové","0","nie","","0","6979033730670"
"65174","094365","Mechanical Keyboard ATTACK SHARK R98HE (black and green)","Attack Shark","Hry/Klávesnice /Káblové","0","nie","","0","6979033730649"
"65176","094366","Mechanical Keyboard ATTACK SHARK R98HE (black and white)","Attack Shark","Hry/Klávesnice /Káblové","0","nie","","0","6979033730656"
"65177","094367","Computer mouse ATTACK SHARK V3 (white)","Attack Shark","IT príslušenstvo/Myši, klávesnica","0","nie","","0","6972792472607"
"65178","094368","Computer mouse ATTACK SHARK V3 (black)","Attack Shark","IT príslušenstvo/Myši, klávesnica","0","nie","","0","6972792472614"
"65179","094372","Computer mouse ATTACK SHARK V3PRO (white)","Attack Shark","Hry/Myši /Bezdrôtový","0","nie","","0","6972792472584"
"65180","094373","Computer mouse ATTACK SHARK V3PRO 3-Mode (black)","Attack Shark","Hry/Myši /Bezdrôtový","0","nie","","0","6972792472577"
"65181","094374","Computer mouse ATTACK SHARK V5 (white)","Attack Shark","Hry/Myši /Bezdrôtový","0","nie","","0","6972792471716"
"65182","094375","Computer mouse ATTACK SHARK V5 (black)","Attack Shark","Hry/Myši /Bezdrôtový","0","nie","","0","6972792471709"
"65183","094376","Computer mouse ATTACK SHARK V6 (black)","Attack Shark","IT príslušenstvo/Myši, klávesnica","0","nie","","0","6972792472652"
"65184","094377","Computer mouse ATTACK SHARK V6 (white)","Attack Shark","IT príslušenstvo/Myši, klávesnica","0","nie","","0","6972792472638"
"65187","094378","Computer mouse ATTACK SHARK V6 (red)","Attack Shark","IT príslušenstvo/Myši, klávesnica","0","nie","","0","6972792472621"
"65188","094379","Wireless mouse ATTACK SHARK V8 3-Mode (black)","Attack Shark","Hry/Myši /Bezdrôtový","0","nie","","0","6979033730014"
"65189","094380","Wireless mouse ATTACK SHARK V8 3-Mode (white)","Attack Shark","Hry/Myši /Bezdrôtový","0","nie","","0","6979033730007"
"65190","094381","Computer mouse ATTACK SHARK X11 (black)","Attack Shark","Hry/Myši /Bezdrôtový","0","nie","","0","6972792470771"
"65191","094382","Computer mouse ATTACK SHARK X11 (white)","Attack Shark","Hry/Myši /Bezdrôtový","0","nie","","0","6972792470344"
"65192","094383","Computer mouse ATTACK SHARK X11SE 3-Mode (white)","Attack Shark","Hry/Myši /Bezdrôtový","0","nie","","0","6972792471174"
"65193","094384","Computer mouse ATTACK SHARK X11SE 3-Mode (black)","Attack Shark","Hry/Myši /Bezdrôtový","0","nie","","0","6972792471167"
"65194","094385","Computer mouse ATTACK SHARK X11Ultra (black)","Attack Shark","Hry/Myši /Bezdrôtový","0","nie","","0","6979033730250"
"65195","094386","Computer mouse ATTACK SHARK X11Ultra (red)","Attack Shark","Hry/Myši /Bezdrôtový","0","nie","","0","6979033730267"
"65196","094387","Computer mouse ATTACK SHARK X2 PRO (black)","Attack Shark","Hry/Myši /Bezdrôtový","0","nie","","0","6972792470061"
"65197","094390","Wireless mouse ATTACK SHARK X3 (white)","Attack Shark","Hry/Myši /Bezdrôtový","0","nie","","0","6972792470238"
"65198","094391","Wireless mouse ATTACK SHARK X3 (red)","Attack Shark","Hry/Myši /Bezdrôtový","0","nie","","0","6972792470801"
"65199","094392","Wireless mouse ATTACK SHARK X3 (orange)","Attack Shark","Hry/Myši /Bezdrôtový","0","nie","","0","6972792470825"
"65200","094393","Wireless mouse ATTACK SHARK X3MAX Tri-mode (white)","Attack Shark","Hry/Myši /Bezdrôtový","0","nie","","0","6972792470436"
"65201","094395","Computer mouse ATTACK SHARK X3MAX (black)","Attack Shark","Hry/Myši /Bezdrôtový","0","nie","","0","6972792470931"
"65202","094396","Computer mouse ATTACK SHARK X3PRO (white)","Attack Shark","Hry/Myši /Bezdrôtový","0","nie","","0","6972792470870"
"65203","094397","Wireless mouse ATTACK SHARK X5 (black and white)","Attack Shark","Hry/Myši /Bezdrôtový","0","nie","","0","6972792471013"
"65204","094398","Wireless mouse ATTACK SHARK X5 (black)","Attack Shark","Hry/Myši /Bezdrôtový","0","nie","","0","6972792470993"
"65205","094399","Wireless mouse ATTACK SHARK X5 (white)","Attack Shark","Hry/Myši /Bezdrôtový","0","nie","","0","6972792471006"
"65206","094400","Computer mouse ATTACK SHARK X6 (black)","Attack Shark","Hry/Myši /Bezdrôtový","0","nie","","0","6972792470832"
"65207","094401","Computer mouse ATTACK SHARK X6 (white)","Attack Shark","Hry/Myši /Bezdrôtový","0","nie","","0","6972792470177"
"65208","094402","Mechanical Keyboard ATTACK SHARK X65 HE (black)","Attack Shark","Hry/Klávesnice /Káblové","0","nie","","0","6972792471341"
"65209","094403","Mechanical Keyboard ATTACK SHARK X65 HE (white)","Attack Shark","Hry/Klávesnice /Káblové","0","nie","","0","6972792471334"
"65210","094404","Mechanical Keyboard ATTACK SHARK X65 HE (black and yellow)","Attack Shark","Hry/Klávesnice /Káblové","0","nie","","0","6972792470535"
"65211","094405","Mechanical Keyboard ATTACK SHARK X65 HE (white and black)","Attack Shark","Hry/Klávesnice /Káblové","0","nie","","0","6972792471310"
"65212","094407","Mechanical Keyboard ATTACK SHARK X65 PRO HE (white)","Attack Shark","Hry/Klávesnice /Káblové","0","nie","","0","6972792470542"
"65213","094408","Mechanical Keyboard ATTACK SHARK X65 PRO HE (black and yellow)","Attack Shark","Hry/Klávesnice /Káblové","0","nie","","0","6972792471372"
"65214","094409","Mechanical Keyboard ATTACK SHARK X68 HE (white)","Attack Shark","Hry/Klávesnice /Káblové","0","nie","","0","6972792471020"
"65215","094410","Mechanical Keyboard ATTACK SHARK X68 HE (black)","Attack Shark","Hry/Klávesnice /Káblové","0","nie","","0","6972792470634"
"65217","094411","Mechanical Keyboard ATTACK SHARK X68 HE (black and gray)","Attack Shark","Hry/Klávesnice /Káblové","0","nie","","0","6972792471037"
"65218","094412","Mechanical Keyboard ATTACK SHARK X68 HE (black)","Attack Shark","Hry/Klávesnice /Káblové","0","nie","","0","6972792471044"
"65219","094413","Mechanical Keyboard ATTACK SHARK X68 HE (white)","Attack Shark","Hry/Klávesnice /Káblové","0","nie","","0","6979033730403"
"65220","094415","Mechanical Keyboard ATTACK SHARK X68 HE (pink)","Attack Shark","Hry/Klávesnice /Káblové","0","nie","","0","6972792471051"
"65221","094416","Mechanical Keyboard ATTACK SHARK X68MAX (black)","Attack Shark","Hry/Klávesnice /Káblové","0","nie","","0","6972792470740"
"65222","094417","Mechanical Keyboard ATTACK SHARK X68MAX (white)","Attack Shark","Hry/Klávesnice /Káblové","0","nie","","0","6972792470733"
"65223","094418","Wireless Keyboard ATTACK SHARK X68PRO HE (black)","Attack Shark","Hry/Klávesnice /Bezdrôtový","0","nie","","0","6972792471068"
"65224","094419","Wireless Keyboard ATTACK SHARK X68PRO HE (white and black)","Attack Shark","Hry/Klávesnice /Bezdrôtový","0","nie","","0","6972792471075"
"65226","094420","Wireless Keyboard ATTACK SHARK X68PRO HE (white)","Attack Shark","Hry/Klávesnice /Bezdrôtový","0","nie","","0","6972792470627"
"65227","094421","Computer mouse ATTACK SHARK X8 SE (white)","Attack Shark","IT príslušenstvo/Myši, klávesnica","0","nie","","0","6972792471785"
"65228","094422","Computer mouse ATTACK SHARK X8 SE (black)","Attack Shark","IT príslušenstvo/Myši, klávesnica","0","nie","","0","6972792471792"
"65230","094423","Wireless Keyboard ATTACK SHARK X82 PRO HE (white)","Attack Shark","Hry/Klávesnice /Bezdrôtový","0","nie","","0","6972792470719"
"65231","094424","Wireless Keyboard ATTACK SHARK X82 PRO HE (black)","Attack Shark","Hry/Klávesnice /Bezdrôtový","0","nie","","0","6972792470696"
"65232","094425","Wireless Keyboard ATTACK SHARK X82 PRO HE (white)","Attack Shark","Hry/Klávesnice /Bezdrôtový","0","nie","","0","6972792470702"
"65233","094427","Wireless Keyboard ATTACK SHARK X820 ULTRA (white)","Attack Shark","Hry/Klávesnice /Bezdrôtový","0","nie","","0","6972792471303"
"65234","094428","Wireless Keyboard ATTACK SHARK X820 ULTRA (black)","Attack Shark","Hry/Klávesnice /Bezdrôtový","0","nie","","0","6972792471297"
"65235","094429","Wireless Keyboard ATTACK SHARK X820 ULTRA (black)","Attack Shark","Hry/Klávesnice /Bezdrôtový","0","nie","","0","6972792471280"
"65236","094430","Wireless Keyboard ATTACK SHARK X820 ULTRA (grey and black)","Attack Shark","Hry/Klávesnice /Bezdrôtový","0","nie","","0","6972792471242"
"65237","094431","Wireless Keyboard ATTACK SHARK X85 (black)","Attack Shark","Hry/Klávesnice /Bezdrôtový","0","nie","","0","6972792471570"
"65238","094432","Wireless Keyboard ATTACK SHARK X85 (purple)","Attack Shark","Hry/Klávesnice /Bezdrôtový","0","nie","","0","6972792471594"
"65239","094433","Wireless Keyboard ATTACK SHARK X85 (white and purple)","Attack Shark","Hry/Klávesnice /Bezdrôtový","0","nie","","0","6972792470320"
"65240","094434","Wireless Keyboard ATTACK SHARK X85PRO (white)","Attack Shark","Hry/Klávesnice /Bezdrôtový","0","nie","","0","6972792471129"
"65241","094435","Wireless Keyboard ATTACK SHARK X85PRO (black and grey)","Attack Shark","Hry/Klávesnice /Bezdrôtový","0","nie","","0","6972792471112"
"65242","094436","Wireless Keyboard ATTACK SHARK X85PRO (black and grey)","Attack Shark","Hry/Klávesnice /Bezdrôtový","0","nie","","0","6972792470368"
"65243","094437","Wireless Keyboard ATTACK SHARK X87 (black and grey)","Attack Shark","Hry/Klávesnice /Bezdrôtový","0","nie","","0","6972792470429"
"65244","094438","Wireless Keyboard ATTACK SHARK X87 (white and black)","Attack Shark","Hry/Klávesnice /Bezdrôtový","0","nie","","0","6972792471471"
"65245","094439","Wireless mouse ATTACK SHARK X8Ultimate Tri-mode (black)","Attack Shark","Hry/Myši /Bezdrôtový","0","nie","","0","6979033730106"
"65246","094440","Wireless Keyboard ATTACK SHARK X98 (white and black)","Attack Shark","Hry/Klávesnice /Bezdrôtový","0","nie","","0","6972792470641"
"65247","094441","Wireless Keyboard ATTACK SHARK X98 (black and yellow)","Attack Shark","Hry/Klávesnice /Bezdrôtový","0","nie","","0","6972792471976"
"65248","094442","Wireless Keyboard ATTACK SHARK X98 (white and grey)","Attack Shark","Hry/Klávesnice /Bezdrôtový","0","nie","","0","6972792470603"
"65249","094443","Wireless Keyboard ATTACK SHARK X98PRO (black and deep blue)","Attack Shark","Hry/Klávesnice /Bezdrôtový","0","nie","","0","6972792470498"
"65250","094444","Wireless Keyboard ATTACK SHARK X98PRO (white and black)","Attack Shark","Hry/Klávesnice /Bezdrôtový","0","nie","","0","6972792470559"
"65251","094445","Wireless Keyboard ATTACK SHARK X98PRO (purple)","Attack Shark","Hry/Klávesnice /Bezdrôtový","0","nie","","0","6972792471440"
"65252","094446","Wireless Keyboard ATTACK SHARK X98PRO (white and grey)","Attack Shark","Hry/Klávesnice /Bezdrôtový","0","nie","","0","6972792471433"
"65374","093625","SMALLRIG 3027 Dvojité držadlo pre DJI RS 2, RSC 2, RS 3 a RS 3 PRO","SMALLRIG","Foto a video/Príslušenstvo/Pre fotoaparáty a videokamery","0","nie","","0","6941590003122"
"65505","094855","Filtry do fontán Rojeco SSPWF-310B","Rojeco","Zvieratá/Fontány/napájačky","0","nie","","300","6975116295722"
"65910","093436","Router GL.iNet Slate 7 Pro","GL.iNet","IT príslušenstvo/Routery","0","nie","","0","6971131385448"
"65911","093440","Vzdialený KVM GL.iNet Comet X","GL.iNet","IT príslušenstvo/Sieťové zariadenia","0","nie","","0","6971131385646"
"65912","093441","Diaľkový KVM GL.iNet Comet Q","GL.iNet","IT príslušenstvo/Sieťové zariadenia","0","nie","","0","6971131385622"
